DATE,PRECIPITATION_IN_MM
1976-09-23,0
1976-09-24,6.1
1976-09-27,10.9
1976-10-01,2
1976-10-02,0
1976-10-03,0
1976-10-05,2
1976-10-06,0
1976-10-09,0
1976-10-11,0
1976-10-15,0
1976-10-18,0
1976-10-21,0
1976-10-22,0
1976-10-26,0
1976-11-10,0
1976-11-12,0
1976-11-13,0
1976-11-14,0
1976-11-15,0
1976-11-16,0
1976-11-17,0
1976-11-18,0
1976-11-19,0
1976-11-20,0
1976-11-24,0
1976-11-28,0
1976-11-30,0
1976-12-05,0
1976-12-10,0
1976-12-13,0
1976-12-15,0
1976-12-17,0
1976-12-20,0
1976-12-25,0
1977-01-02,0
1977-01-06,0
1977-01-07,0
1977-01-10,0
1977-01-13,0
1977-01-18,0
1977-01-29,0
1977-02-09,0
1977-02-10,0
1977-02-12,0
1977-02-13,0
1977-02-14,0
1977-02-15,0
1977-02-16,0
1977-02-22,0
1977-02-23,0
1977-02-24,0
1977-02-25,0
1977-02-26,0
1977-03-03,0
1977-03-07,0
1977-03-09,0
1977-03-10,0
1977-03-11,0
1977-03-12,0
1977-03-15,0
1977-03-16,0
1977-03-21,0
1977-03-22,0
1977-03-24,0
1977-03-25,0
1977-03-28,8.9
1977-03-29,0
1977-04-02,0
1977-04-05,0
1977-04-08,0
1977-04-11,16
1977-04-12,0
1977-04-16,0
1977-04-20,7.1
1977-04-22,0
1977-04-27,1
1977-04-28,5.1
1977-04-30,0
1977-05-07,7.9
1977-05-08,1
1977-05-10,3
1977-05-11,2
1977-05-12,2
1977-05-13,0
1977-05-14,2
1977-05-15,0
1977-05-18,0
1977-05-31,0
1977-06-01,0
1977-06-06,1
1977-06-09,0
1977-06-10,0
1977-06-20,50
1977-06-21,0.3
1977-06-23,7.1
1977-06-24,9.9
1977-06-25,3
1977-06-26,0
1977-06-27,0
1977-07-01,3
1977-07-02,0
1977-07-04,23.9
1977-07-05,3
1977-07-06,3
1977-07-07,33
1977-07-08,0
1977-07-11,7.9
1977-07-12,22.1
1977-07-13,15
1977-07-14,3
1977-07-15,7.9
1977-07-16,4.1
1977-07-18,4.1
1977-07-25,14
1977-07-26,1
1977-07-27,0
1977-07-31,3
1977-08-01,0
1977-08-02,3
1977-08-04,0
1977-08-07,0.5
1977-08-08,0
1977-08-12,1
1977-08-13,13
1977-08-14,0
1977-08-15,2
1977-08-16,11.9
1977-08-20,0
1977-08-24,2
1977-08-25,0
1977-08-26,23.1
1977-08-28,26.9
1977-08-29,0
1977-08-30,0
1977-08-31,0
1977-09-01,0
1977-09-02,6.1
1977-09-03,0
1977-09-04,7.1
1977-09-08,0
1977-09-10,9.9
1977-09-11,9.9
1977-09-12,0
1977-09-14,0
1977-09-15,0
1977-09-17,0
1977-09-19,0
1977-09-21,6.1
1977-09-22,0
1977-09-23,0.5
1977-09-24,0
1977-09-25,0
1977-09-27,0
1977-09-30,0
1977-10-01,0
1977-10-03,0
1977-10-09,1
1977-10-10,4.1
1977-10-11,0
1977-10-12,0
1977-10-13,0
1977-10-14,0
1977-10-17,0
1977-10-19,0
1977-10-20,0
1977-10-22,0
1977-10-24,0
1977-10-25,0
1977-10-27,0
1977-10-29,0
1977-10-30,2
1977-10-31,0
1977-11-01,0
1977-11-02,0
1977-11-03,0
1977-11-04,7.9
1977-11-05,0
1977-11-06,0
1977-11-07,0
1977-11-08,0
1977-11-09,0
1977-11-10,0
1977-11-11,0
1977-11-13,5.1
1977-11-14,0
1977-11-15,0
1977-11-17,0
1977-11-18,0
1977-11-19,0
1977-11-20,0
1977-11-21,0
1977-11-24,0
1977-11-25,0
1977-11-28,0
1977-11-29,0
1977-12-01,0
1977-12-03,0
1977-12-04,0
1977-12-06,0
1977-12-07,0
1977-12-08,0
1977-12-10,0
1977-12-11,0
1977-12-14,0
1977-12-17,0
1977-12-18,0
1977-12-23,0
1977-12-24,0
1977-12-27,38.1
1977-12-28,9.9
1977-12-29,0
1977-12-30,0
1977-12-31,0
1978-01-01,0
1978-01-02,0
1978-01-03,0
1978-01-04,0
1978-01-05,0
1978-01-07,0
1978-01-09,0
1978-01-10,3
1978-01-11,0
1978-01-12,0
1978-01-13,0
1978-01-15,0
1978-01-18,0
1978-01-19,0
1978-01-20,0
1978-01-21,0
1978-01-23,0
1978-01-27,0
1978-01-28,0
1978-01-29,0
1978-01-30,0
1978-01-31,0
1978-02-01,0
1978-02-02,0
1978-02-03,0
1978-02-04,0
1978-02-05,0
1978-02-06,0
1978-02-07,0
1978-02-08,7.9
1978-02-09,0
1978-02-11,0
1978-02-12,0
1978-02-13,0
1978-02-15,0
1978-02-17,1
1978-02-18,7.9
1978-02-21,0
1978-02-22,0
1978-02-23,2
1978-02-24,0
1978-02-26,0
1978-02-27,0
1978-02-28,0
1978-03-01,0
1978-03-03,0
1978-03-08,0
1978-03-09,0
1978-03-16,0
1978-03-17,7.1
1978-03-18,0
1978-03-20,0
1978-03-21,0
1978-03-22,0
1978-03-23,0
1978-03-24,0
1978-03-25,0
1978-03-30,1
1978-03-31,8.9
1978-04-01,0
1978-04-05,0
1978-04-22,0
1978-04-23,0
1978-04-24,0
1978-04-25,14
1978-04-26,0.5
1978-04-27,0
1978-04-28,0
1978-04-29,1
1978-04-30,0
1978-05-01,17
1978-05-02,3
1978-05-03,0
1978-05-06,11.9
1978-05-07,0
1978-05-10,2
1978-05-11,0
1978-05-14,0
1978-05-15,1
1978-05-16,1
1978-05-19,0
1978-05-28,7.1
1978-05-29,0
1978-05-30,0
1978-05-31,9.9
1978-06-01,3
1978-06-03,0
1978-06-06,25.9
1978-06-07,1
1978-06-08,24.9
1978-06-09,0
1978-06-10,4.1
1978-06-11,7.1
1978-06-12,1
1978-06-13,2
1978-06-14,29
1978-06-15,5.1
1978-06-17,0
1978-06-18,8.9
1978-06-19,0
1978-06-20,9.9
1978-06-21,0
1978-06-24,0
1978-06-29,14
1978-06-30,36.1
1978-07-01,14
1978-07-02,2
1978-07-03,18
1978-07-04,6.1
1978-07-05,0
1978-07-06,17
1978-07-07,1
1978-07-08,0
1978-07-09,6.1
1978-07-10,0
1978-07-14,0
1978-07-15,6.1
1978-07-16,0
1978-07-18,7.9
1978-07-19,0
1978-07-20,14
1978-07-21,8.9
1978-07-22,0
1978-07-23,43.9
1978-07-24,16
1978-07-25,4.1
1978-07-26,0
1978-07-27,4.1
1978-07-28,27.9
1978-07-29,2
1978-07-31,0
1978-08-02,0.5
1978-08-05,2
1978-08-06,3
1978-08-07,0
1978-08-09,52.1
1978-08-10,70.1
1978-08-11,59.9
1978-08-12,55.1
1978-08-13,0
1978-08-17,0
1978-08-23,7.9
1978-08-24,13
1978-08-25,0.5
1978-08-26,7.9
1978-08-27,0
1978-08-28,0
1978-08-29,0
1978-08-30,0
1978-09-03,0
1978-09-04,0
1978-09-07,0
1978-09-09,14
1978-09-10,0
1978-09-11,22.1
1978-09-12,0
1978-09-15,5.1
1978-09-16,0
1978-09-18,3
1978-09-19,9.9
1978-09-20,0
1978-09-21,0
1978-09-23,1
1978-09-24,2
1978-09-25,0
1978-09-30,7.1
1978-10-09,0
1978-10-16,0
1978-10-17,0
1978-10-18,0
1978-10-20,0
1978-10-22,0
1978-10-31,0
1978-11-02,0
1978-11-03,0
1978-11-04,0
1978-11-05,0
1978-11-06,0
1978-11-10,0
1978-11-11,0
1978-11-12,0
1978-11-14,0
1978-11-15,0
1978-11-16,0
1978-11-19,0
1978-11-22,0
1978-11-24,0
1978-11-30,0
1978-12-01,0
1978-12-04,0
1978-12-05,0
1978-12-06,0
1978-12-07,0
1978-12-11,0
1978-12-16,0
1978-12-17,0
1978-12-18,0
1978-12-19,0
1978-12-20,0
1978-12-21,0
1978-12-23,0
1978-12-24,0
1978-12-25,0
1978-12-26,0
1978-12-28,0
1978-12-29,0
1978-12-30,0
1979-01-02,0
1979-01-06,0
1979-01-12,0
1979-01-13,0
1979-01-14,0
1979-01-15,0
1979-01-16,1
1979-01-18,0
1979-01-19,0
1979-01-21,0
1979-01-22,0
1979-01-26,0
1979-01-28,0
1979-01-29,2
1979-01-30,2
1979-02-14,0
1979-02-15,0
1979-02-16,0
1979-02-17,1
1979-02-18,0
1979-02-27,0
1979-02-28,0
1979-03-02,0
1979-03-03,0
1979-03-11,0
1979-03-13,0
1979-03-15,0
1979-03-16,0
1979-03-20,0
1979-03-23,0
1979-04-01,0
1979-04-07,0.5
1979-04-12,0
1979-04-20,6.1
1979-04-21,0
1979-05-02,0
1979-05-03,0
1979-05-08,0
1979-05-10,16
1979-05-11,10.9
1979-05-12,3
1979-05-13,0
1979-05-14,0
1979-05-15,0
1979-05-26,0
1979-05-27,0
1979-05-28,0
1979-05-29,0
1979-05-30,0
1979-06-01,0
1979-06-02,0
1979-06-05,4.1
1979-06-06,0
1979-06-08,6.1
1979-06-12,0
1979-06-13,35.1
1979-06-14,45
1979-06-15,0
1979-06-16,0
1979-06-18,1
1979-06-19,0
1979-06-20,0
1979-06-21,7.1
1979-06-22,0
1979-06-26,9.9
1979-06-27,0
1979-07-04,0
1979-07-05,0
1979-07-07,15
1979-07-20,0
1979-08-01,27.9
1979-08-03,19.1
1979-08-04,0
1979-08-05,8.9
1979-08-06,1
1979-08-07,0
1979-08-09,0
1979-08-11,8.9
1979-08-12,9.9
1979-08-13,0
1979-08-16,0
1979-08-17,3
1979-08-18,11.9
1979-08-19,1
1979-08-22,7.1
1979-08-25,0
1979-08-26,11.9
1979-08-27,11.9
1979-08-28,0
1979-08-29,1
1979-08-30,4.1
1979-08-31,7.9
1979-09-01,1
1979-09-02,0
1979-09-03,10.9
1979-09-04,0
1979-09-05,3
1979-09-06,0
1979-09-07,0
1979-09-08,0
1979-09-10,2
1979-09-12,0
1979-09-13,2
1979-09-14,0
1979-09-15,0
1979-09-16,4.1
1979-09-17,0
1979-09-19,0
1979-09-21,0
1979-09-22,0
1979-09-24,0
1979-09-25,0
1979-10-02,5.1
1979-10-03,0.5
1979-10-11,5.1
1979-10-12,11.9
1979-10-13,0
1979-10-19,0
1979-10-21,0
1979-10-23,0
1979-10-24,0
1979-10-26,0
1979-10-28,2
1979-10-29,0
1979-11-01,0
1979-11-08,0
1979-11-12,0
1979-11-15,0
1979-11-16,0
1979-11-19,0
1979-11-21,0
1979-11-24,0
1979-11-27,0
1979-12-03,0
1979-12-11,0
1979-12-15,0
1979-12-18,0
1979-12-19,0
1979-12-23,0
1979-12-27,0
1979-12-28,0
1979-12-30,7.1
1979-12-31,0
1980-01-01,0
1980-01-02,1
1980-01-03,0
1980-01-06,0
1980-01-10,0
1980-01-11,0
1980-01-14,0
1980-01-16,0
1980-01-18,0
1980-01-22,0
1980-01-23,0
1980-01-25,0
1980-01-27,0
1980-02-06,0
1980-02-11,0
1980-02-12,0
1980-02-14,0
1980-02-16,0
1980-02-17,0
1980-02-18,8.9
1980-02-19,0
1980-02-20,0
1980-02-21,0
1980-02-22,0
1980-02-23,0
1980-02-24,3
1980-02-25,0
1980-02-27,0
1980-02-28,0
1980-02-29,5.1
1980-03-01,0
1980-03-12,0
1980-04-02,0
1980-04-05,0
1980-04-09,0
1980-04-21,0
1980-04-23,180.1
1980-04-26,0
1980-05-02,0
1980-05-12,1
1980-05-16,15
1980-05-17,0
1980-05-21,2
1980-05-23,3
1980-05-24,0
1980-05-26,2
1980-05-28,24.9
1980-05-29,0
1980-05-30,0
1980-06-02,1
1980-06-03,0
1980-06-04,8.9
1980-06-05,0
1980-06-13,2
1980-06-14,0
1980-06-18,0
1980-06-20,17
1980-06-30,2
1980-07-01,1
1980-07-02,1
1980-07-04,0
1980-07-05,0
1980-07-11,7.1
1980-07-12,7.9
1980-07-13,4.1
1980-07-20,4.1
1980-07-21,0
1980-07-23,4.1
1980-07-24,17
1980-07-25,20.1
1980-07-27,1
1980-07-28,6.1
1980-07-29,0
1980-08-23,20.1
1980-08-24,4.1
1980-08-25,6.1
1980-08-26,0
1980-08-27,0
1980-08-28,7.1
1980-08-29,0
1980-09-01,9.9
1980-09-02,7.9
1980-09-03,3
1980-09-06,6.1
1980-09-07,2
1980-09-08,6.1
1980-09-09,7.9
1980-09-10,4.1
1980-09-12,20.1
1980-09-13,2
1980-09-14,0
1980-09-15,0.5
1980-09-16,11.9
1980-09-17,0
1980-09-18,9.9
1980-09-19,21.1
1980-09-22,0
1980-10-12,0
1980-10-30,0
1980-11-04,0
1980-11-05,0
1980-11-08,0
1980-11-09,0
1980-11-11,0
1980-11-14,0
1980-11-15,0
1980-11-17,0
1980-11-18,0
1980-11-20,0
1980-11-21,0
1980-11-22,0
1980-11-24,0
1980-11-25,0
1980-11-26,0
1980-11-27,0
1980-11-28,0
1980-12-01,0
1980-12-02,0
1980-12-05,0
1980-12-06,0
1980-12-12,0
1980-12-13,0
1980-12-14,0
1980-12-18,0
1980-12-19,0
1980-12-26,0
1980-12-27,0
1980-12-28,0
1980-12-29,0
1980-12-30,0
1981-01-01,0
1981-01-03,0
1981-01-06,0
1981-01-13,2
1981-01-14,0
1981-01-20,0
1981-01-21,0
1981-01-22,0
1981-01-23,0.3
1981-01-24,0
1981-01-28,0
1981-02-02,0
1981-02-03,0
1981-02-04,0
1981-02-10,0
1981-02-11,0
1981-02-12,0
1981-02-15,0
1981-02-16,0
1981-02-17,0
1981-02-18,0
1981-02-20,0
1981-02-21,0
1981-02-25,0
1981-02-27,0
1981-03-01,2
1981-03-02,0
1981-03-03,0
1981-03-21,0
1981-03-23,0
1981-03-24,0
1981-03-28,0
1981-03-31,4.1
1981-04-03,0
1981-04-04,0
1981-04-06,0
1981-04-08,0
1981-04-09,0
1981-04-12,23.1
1981-04-13,0
1981-04-14,7.9
1981-04-15,0
1981-04-16,16
1981-04-19,0
1981-04-20,0
1981-04-23,0
1981-04-28,0
1981-05-05,1
1981-05-06,2
1981-05-07,0
1981-05-19,0
1981-05-22,0
1981-05-23,17
1981-05-24,4.1
1981-05-26,2
1981-05-27,20.1
1981-05-28,0
1981-05-30,0
1981-05-31,0
1981-06-01,13
1981-06-02,5.1
1981-06-05,4.1
1981-06-06,0
1981-06-09,0
1981-06-10,4.1
1981-06-16,0
1981-07-11,0
1981-07-12,22.1
1981-07-13,14
1981-07-14,16
1981-07-17,0
1981-07-20,17
1981-07-23,11.9
1981-07-25,3
1981-07-29,5.1
1981-08-06,13
1981-08-12,16
1981-08-13,2
1981-08-19,20.1
1981-08-26,10.9
1981-09-19,1
1981-10-14,0
1981-10-15,0
1981-10-19,0
1981-10-21,0
1981-11-01,0
1981-11-21,0
1981-11-26,0
1981-11-27,0
1981-11-29,0
1981-11-30,0
1981-12-09,0
1981-12-10,0
1981-12-17,0
1981-12-19,0
1981-12-23,0
1981-12-24,0
1981-12-27,0
1981-12-29,0
1981-12-30,0
1982-05-24,11.9
1982-07-02,3
1982-07-03,35.1
1982-07-04,0
1983-06-30,70.1
1988-05-31,2
1988-06-03,1
1988-06-04,0
1989-04-05,0
1993-07-02,2
1993-07-10,4.1
1993-07-11,30
1993-07-12,0
1993-07-17,4.1
1993-07-18,0
1993-07-23,3
1993-07-24,0
1993-08-05,8.9
1993-08-06,17
1993-08-07,3
1993-08-08,4.1
1993-08-09,0
1993-08-22,1
1993-08-23,0
1993-08-25,24.9
1993-08-26,2
1993-08-27,3
1993-08-28,0
1993-09-03,2
1993-09-04,1
1993-09-05,0
1993-09-06,27.9
1993-09-07,0
1993-09-15,2
1993-09-16,0
1993-11-06,2
1993-11-07,0
1994-02-28,0.5
1994-03-01,0
1994-03-08,39.1
1994-03-09,0
1994-03-21,0
1994-03-29,3
1994-03-30,0
1994-04-30,0.5
1994-05-01,0
1994-06-01,19.1
1994-07-07,0
1994-07-08,23.1
1994-07-09,130
1994-07-10,191
1994-07-11,0
1994-07-13,8.9
1994-07-14,0
1994-07-30,18
1994-07-31,0
1994-08-04,4.1
1994-08-05,0
1994-08-10,13
1994-08-11,0
1994-08-19,3
1994-08-20,0
1994-08-28,14
1994-08-29,0
1994-09-25,0.5
1994-11-02,0
1994-11-29,0.5
1994-11-30,0
1995-01-09,3
1995-01-10,0
1995-02-22,0
1995-02-23,0
1995-03-26,5.1
1995-03-27,0
1995-04-28,0.5
1995-04-29,0
1995-05-11,13
1995-05-12,0
1995-06-08,7.9
1995-06-09,0
1995-06-14,3
1995-06-22,0
1995-06-23,0
1995-07-04,1
1995-07-05,0
1995-07-06,13
1995-07-07,0
1995-07-09,13
1995-07-12,2
1995-07-13,0
1995-08-29,64
1995-08-30,0
1995-09-03,27.9
1995-09-04,0
1996-03-30,0
1996-04-26,4.1
1996-04-27,0
1996-04-30,1
1996-05-01,10.9
1996-05-02,0
1996-05-16,18
1996-05-17,2
1996-05-18,0
1996-05-24,0.5
1996-05-25,0
1996-05-29,2
1996-05-30,0
1996-06-01,15
1996-06-02,21.1
1996-06-03,8.9
1996-06-04,0
1996-06-11,2
1996-06-12,0
1996-06-23,1
1996-06-24,0
1996-06-26,0
1996-06-29,5.1
1996-06-30,24.9
1996-07-01,0
1996-07-02,0.5
1996-07-03,0
1996-07-11,2
1996-07-12,0
1996-07-22,20.1
1996-07-23,0
1996-07-24,0.3
1996-07-25,0
1996-08-09,21.1
1996-08-10,0
1996-08-16,8.9
1996-08-17,0
1996-08-25,0
1996-08-29,54.1
1996-08-30,0
1996-09-03,26.9
1996-09-04,7.1
1996-09-05,4.1
1996-09-06,0
1996-09-11,8.9
1996-09-12,0
1996-09-13,0
1996-09-23,5.1
1996-09-24,0
1996-09-27,37.1
1996-09-28,10.9
1996-09-29,0
1996-12-18,0
1997-01-03,0
1997-01-17,0
1997-01-18,0
1997-01-20,10.9
1997-01-21,0
1997-01-24,0
1997-01-26,0
1997-02-06,0
1997-02-11,0
1997-02-12,0
1997-02-14,0
1997-04-07,0
1997-04-09,0
1997-04-20,0
1997-09-06,1
1997-09-07,0
1997-10-05,0
1997-10-17,0
1997-10-22,0
1997-10-27,0
1997-11-04,0
1997-11-12,0
1997-11-16,0
1997-11-17,0
1997-12-02,0
1997-12-03,0
1997-12-05,0
1997-12-19,0
1997-12-25,0
1998-01-12,0
1998-05-24,7.1
1998-05-25,0
1998-06-01,0.5
1998-06-02,0
1998-06-18,3
1998-06-19,0
1998-06-21,55.1
1998-06-22,0
1998-06-25,18
1998-06-26,0
1998-07-07,9.9
1998-07-08,0
1998-07-09,98
1998-07-10,0
1998-07-15,27.9
1998-07-16,0
1998-07-18,6.1
1998-07-19,0
1998-07-22,6.1
1998-07-23,2
1998-07-24,0
1998-07-27,1
1998-07-28,1
1998-07-29,0
1998-08-01,16
1998-08-02,0
1998-08-07,47
1998-08-08,0
1998-08-09,24.9
1998-08-10,0
1998-08-14,14
1998-08-15,0
1998-08-17,5.1
1998-08-18,0
1998-08-19,25.9
1998-08-20,0
1998-08-26,1
1998-08-27,0
1998-08-28,0
1998-09-02,1
1998-09-03,0
1998-09-06,22.1
1998-09-07,5.1
1998-09-08,0
1998-09-18,0
1998-09-25,0
1998-09-29,2
1998-09-30,0
1998-10-01,5.1
1998-10-02,0
1998-10-03,17
1998-10-04,0
1998-10-08,0
1998-10-09,0
1998-10-15,0
1998-10-20,0
1998-11-18,11.9
1998-11-19,0
1999-09-17,0.8
1999-09-18,0
1999-09-28,6.1
1999-09-29,57.9
1999-09-30,0.8
1999-10-01,0.8
1999-10-02,2
1999-10-03,0
1999-10-05,0.8
1999-10-06,0
1999-10-07,47
1999-10-08,0
1999-10-19,3
1999-10-20,65
1999-10-21,15
2000-01-24,0.8
2000-03-14,30
2000-03-15,0
2000-07-29,10.9
2000-07-30,0
2000-12-31,0
2001-01-01,7.1
2001-01-23,0.8
2001-01-24,0.8
2001-01-25,0
2001-02-16,0.8
2001-02-17,0
2001-02-22,0.8
2001-02-23,0
2001-02-25,2
2001-02-26,14
2001-02-27,0
2001-03-10,0.8
2001-03-11,0
2001-03-14,0.5
2001-03-15,1
2001-03-16,0
2001-03-22,0.8
2001-03-23,6.1
2001-03-24,0.8
2001-03-25,0
2001-03-31,1
2001-04-01,0
2001-04-02,4.1
2001-04-03,0
2001-04-14,5.1
2001-04-15,0
2001-04-17,0.8
2001-04-18,0.5
2001-04-19,0.5
2001-04-20,0
2001-04-27,0.8
2001-04-28,0.8
2001-04-29,0
2001-04-30,0.8
2001-05-03,0.8
2001-05-04,14
2001-05-05,0.8
2001-05-06,0
2002-03-06,22.1
2002-03-07,0
2003-11-06,0
2003-11-07,0
2003-11-10,0
2003-11-11,0
2003-11-12,0
2003-11-15,0
2003-11-16,0
2003-11-17,0
2003-11-18,0
2003-11-20,0
2003-11-22,0
2003-11-23,0
2003-11-25,0
2003-11-27,0
2003-11-29,0
2003-11-30,0
2003-12-01,0
2003-12-03,0
2003-12-04,0
2003-12-05,0
2003-12-06,0
2003-12-07,0
2003-12-08,0
2003-12-09,0
2003-12-10,0
2003-12-11,0
2003-12-12,0
2003-12-13,0
2003-12-14,0
2003-12-16,0
2003-12-17,0
2003-12-18,0
2003-12-24,0
2003-12-25,0
2003-12-26,0
2003-12-28,17.3
2003-12-29,0
2003-12-30,0
2003-12-31,0
2004-01-02,0
2004-01-05,0
2004-01-07,0
2004-01-08,0
2004-01-12,0
2004-01-13,0
2004-01-14,0
2004-01-15,0
2004-01-16,0
2004-01-18,0
2004-01-19,0
2004-01-20,0
2004-01-22,6.4
2004-01-23,0
2004-01-27,0
2004-01-28,0
2004-01-29,0
2004-01-30,0
2004-01-31,0
2004-02-01,0
2004-02-02,0
2004-02-03,0
2004-02-04,0
2004-02-05,0
2004-02-06,0
2004-02-07,0
2004-02-08,0
2004-02-09,0
2004-02-10,0
2004-02-13,0
2004-02-14,0
2004-02-15,0
2004-02-16,0
2004-02-17,0
2004-02-20,0
2004-02-21,0
2004-02-23,0
2004-02-24,0
2004-02-26,0
2004-02-27,0
2004-02-29,0
2004-03-01,0
2004-03-02,0
2004-03-03,0
2004-03-05,0
2004-03-07,0
2004-03-08,0
2004-03-09,0
2004-03-10,0
2004-03-11,1.8
2004-03-12,0
2004-03-13,0
2004-03-15,28.4
2004-03-16,0.8
2004-03-17,0
2004-03-18,0
2004-03-19,0
2004-03-20,0
2004-03-22,0
2004-03-23,0
2004-03-24,0
2004-03-25,0
2004-03-26,0
2004-03-27,0
2004-03-28,0
2004-03-29,0
2004-03-30,0
2004-03-31,0
2004-04-01,0
2004-04-06,0
2004-04-07,0
2004-04-08,0
2004-04-09,0
2004-04-10,0
2004-04-11,0
2004-04-12,0
2004-04-13,0.3
2004-04-14,0
2004-04-16,0
2004-04-17,0
2004-04-18,77.2
2004-04-19,8.6
2004-04-20,99.1
2004-04-21,0
2004-04-25,0.5
2004-04-26,0.5
2004-04-27,10.7
2004-04-28,13.5
2004-04-29,0
2004-05-01,14.7
2004-05-02,0
2004-05-03,0
2004-05-04,0
2004-05-05,0
2004-05-06,0
2004-05-07,0
2004-05-08,0
2004-05-09,0
2004-05-10,0
2004-05-13,0
2004-05-14,0
2004-05-15,0
2004-05-16,0
2004-05-18,0
2004-05-20,61.7
2004-05-21,0
2004-05-22,2
2004-05-23,5.6
2004-05-24,13
2004-05-25,2.8
2004-05-26,15.5
2004-05-27,2
2004-05-28,0
2004-05-29,0
2004-06-04,0
2004-06-05,15
2004-06-06,0
2004-06-07,12.2
2004-06-08,0
2004-06-09,3.8
2004-06-10,9.7
2004-06-11,0
2004-06-13,9.9
2004-06-14,0.3
2004-06-15,0
2004-06-16,1
2004-06-17,1.8
2004-06-18,22.4
2004-06-19,7.1
2004-06-20,0
2004-06-21,3.8
2004-06-22,0
2004-06-23,0
2004-06-24,1
2004-06-25,0
2004-06-26,0
2004-06-29,0
2004-06-30,0.5
2004-07-01,0.5
2004-07-04,1.3
2004-07-05,4.8
2004-07-06,0.5
2004-07-07,3.3
2004-07-08,11.2
2004-07-09,70.1
2004-07-10,43.4
2004-07-11,20.3
2004-07-12,6.1
2004-07-13,4.3
2004-07-14,0
2004-07-15,35.1
2004-07-16,1.5
2004-07-17,62.7
2004-07-18,11.7
2004-07-19,0
2004-07-20,20.3
2004-07-21,4.8
2004-07-22,6.4
2004-07-23,3.8
2004-07-24,23.1
2004-07-25,32
2004-07-26,15
2004-07-27,0
2004-07-29,18.5
2004-07-30,1.8
2004-07-31,0
2004-08-01,0
2004-08-02,2.5
2004-08-04,0
2004-08-05,1.8
2004-08-06,0
2004-08-08,12.7
2004-08-09,0
2004-08-10,4.3
2004-08-11,0
2004-08-13,37.8
2004-08-14,1.8
2004-08-15,0
2004-08-16,0
2004-08-18,5.6
2004-08-19,0
2004-08-23,0.3
2004-08-24,17.3
2004-08-25,33
2004-08-26,0
2004-08-27,0
2004-08-28,0
2004-08-30,0.5
2004-08-31,23.1
2004-09-01,33.8
2004-09-03,0
2004-09-04,3
2004-09-05,7.9
2004-09-06,0
2004-09-07,11.2
2004-09-08,9.1
2004-09-09,0
2004-09-10,3.3
2004-09-11,2.3
2004-09-12,7.4
2004-09-13,7.6
2004-09-14,23.6
2004-09-15,4.8
2004-09-16,18.5
2004-09-17,33.3
2004-09-19,1.3
2004-09-20,8.1
2004-09-21,0.8
2004-09-22,0
2004-09-23,0
2004-09-24,0
2004-09-25,0
2004-09-26,0
2004-09-27,0
2004-09-28,0
2004-09-29,3.6
2004-09-30,0.3
2004-10-01,8.4
2004-10-02,7.9
2004-10-03,23.1
2004-10-04,0
2004-10-06,10.9
2004-10-07,51.3
2004-10-08,1
2004-10-09,0
2004-10-10,0
2004-10-12,1.8
2004-10-13,0
2004-10-14,0.3
2004-10-15,0.3
2004-10-16,0
2004-10-17,0
2004-10-18,0
2004-10-19,0
2004-10-20,0
2004-10-22,0
2004-10-23,0
2004-10-24,1.5
2004-10-25,0.5
2004-10-26,1.3
2004-10-27,0
2004-10-28,0
2004-10-29,0
2004-10-30,0
2004-11-01,0
2004-11-02,0
2004-11-03,0
2004-11-04,0
2004-11-06,0
2004-11-08,0
2004-11-09,0
2004-11-10,0
2004-11-11,0
2004-11-13,0
2004-11-14,0
2004-11-16,0
2004-11-17,0
2004-11-18,0
2004-11-19,0
2004-11-20,0
2004-11-21,0
2004-11-22,0
2004-11-23,38.4
2004-11-24,0
2004-11-25,0
2004-11-26,0
2004-11-27,0
2004-11-29,0
2004-11-30,0
2004-12-02,0
2004-12-03,0
2004-12-04,0
2004-12-05,0
2004-12-06,0
2004-12-07,0
2004-12-08,0
2004-12-10,0
2004-12-11,0
2004-12-12,0
2004-12-13,0
2004-12-14,0
2004-12-16,0
2004-12-17,0
2004-12-18,0
2004-12-19,0
2004-12-23,0
2004-12-24,0
2004-12-27,0
2004-12-28,0
2004-12-31,0
2005-01-02,0
2005-01-04,0
2005-01-05,0
2005-01-06,0
2005-01-07,0
2005-01-08,0
2005-01-09,0
2005-01-10,0
2005-01-11,0
2005-01-12,0
2005-01-13,0
2005-01-17,0
2005-01-18,13.5
2005-01-19,8.4
2005-01-20,0
2005-01-23,28.4
2005-01-24,19.8
2005-01-25,0
2005-01-26,0
2005-01-27,0
2005-01-28,0
2005-01-29,0
2005-01-30,0
2005-01-31,0
2005-02-10,0
2005-02-11,0
2005-02-12,0
2005-02-13,0
2005-02-14,0
2005-02-15,0
2005-02-16,1.8
2005-02-17,0
2005-02-18,2.8
2005-02-19,0
2005-02-20,0
2005-02-21,0
2005-02-22,0.8
2005-02-23,11.2
2005-02-24,0
2005-02-25,0
2005-02-26,0
2005-02-27,0
2005-02-28,0
2005-03-02,0
2005-03-03,0
2005-03-05,0
2005-03-06,0
2005-03-07,0
2005-03-08,0
2005-03-09,0
2005-03-10,0
2005-03-11,7.9
2005-03-12,2
2005-03-13,0.3
2005-03-14,0
2005-03-15,0
2005-03-18,11.9
2005-03-19,0
2005-03-20,0.3
2005-03-21,0
2005-03-22,0
2005-03-23,0
2005-03-24,6.1
2005-03-25,0
2005-03-26,0
2005-03-27,0
2005-04-03,0.5
2005-04-04,0
2005-04-05,0
2005-04-07,0
2005-04-08,0
2005-04-09,1
2005-04-10,0
2005-04-11,0
2005-04-12,0
2005-04-14,0
2005-04-15,0
2005-04-16,0
2005-04-17,0
2005-04-18,0
2005-04-19,0
2005-04-20,0
2005-04-21,0
2005-04-22,0.3
2005-04-23,0
2005-04-24,0
2005-04-25,2
2005-04-26,0
2005-04-27,9.9
2005-04-28,0
2005-04-29,4.1
2005-04-30,14
2005-05-01,0.5
2005-05-02,0
2005-05-03,0
2005-05-04,0
2005-05-05,3.8
2005-05-06,8.9
2005-05-07,1
2005-05-08,0.3
2005-05-09,5.6
2005-05-10,0
2005-05-11,0
2005-05-12,0
2005-05-13,0
2005-05-14,0.8
2005-05-15,0.5
2005-05-16,0
2005-05-17,1.5
2005-05-18,0.8
2005-05-19,0
2005-05-20,4.8
2005-05-21,0
2005-05-22,0
2005-05-23,0
2005-05-24,0
2005-05-25,0
2005-05-26,0
2005-05-28,1
2005-05-29,0
2005-05-30,0
2005-05-31,0
2005-06-01,0
2005-06-02,0
2005-06-03,0
2005-06-04,0.3
2005-06-05,8.9
2005-06-06,15.5
2005-06-08,0
2005-06-09,0
2005-06-10,0
2005-06-11,2.3
2005-06-12,0
2005-06-14,23.4
2005-06-15,0
2005-06-16,0
2005-06-17,0
2005-06-18,0
2005-06-19,0.3
2005-06-20,3.6
2005-06-25,1.3
2005-06-26,11.7
2005-06-27,6.1
2005-06-28,0
2005-06-29,19.6
2005-06-30,9.9
2005-07-05,0
2005-07-06,0
2005-07-07,7.1
2005-07-08,51.6
2005-07-09,0
2005-07-10,43.2
2005-07-11,17.3
2005-07-12,5.3
2005-07-13,11.7
2005-07-14,11.2
2005-07-15,23.6
2005-07-16,13.7
2005-07-17,0
2005-07-19,0
2005-07-20,4.3
2005-07-21,0.8
2005-07-22,0.5
2005-07-23,0
2005-07-25,1.5
2005-07-26,5.1
2005-07-27,0
2005-07-30,0.3
2005-07-31,0.8
2005-08-01,0
2005-08-02,0
2005-08-03,1.8
2005-08-04,6.6
2005-08-05,27.7
2005-08-06,27.4
2005-08-07,55.1
2005-08-08,0
2005-08-09,26.9
2005-08-10,13.5
2005-08-11,0
2005-08-12,13.2
2005-08-13,1.3
2005-08-17,0.5
2005-08-18,1.8
2005-08-19,7.6
2005-08-20,30.2
2005-08-21,0
2005-08-22,25.7
2005-08-23,1
2005-08-24,6.6
2005-08-25,12.7
2005-08-26,0
2005-08-27,31
2005-08-28,0
2005-08-29,0
2005-08-30,0
2005-08-31,0.3
2005-09-01,0
2005-09-04,1.3
2005-09-05,2.8
2005-09-06,15
2005-09-07,0
2005-09-08,0
2005-09-09,1.8
2005-09-10,24.4
2005-09-11,12.7
2005-09-12,0
2005-09-15,0
2005-09-16,0
2005-09-17,0
2005-09-18,0.5
2005-09-19,0
2005-09-20,0
2005-09-21,26.7
2005-09-22,8.4
2005-09-23,0
2005-09-24,0
2005-09-25,0
2005-09-26,0
2005-09-27,0.3
2005-09-28,0
2005-09-29,0
2005-09-30,0
2005-10-01,0
2005-10-02,0
2005-10-03,0
2005-10-05,0
2005-10-06,0
2005-10-07,1.5
2005-10-08,0
2005-10-09,35.3
2005-10-10,20.1
2005-10-11,0
2005-10-12,0
2005-10-13,0
2005-10-14,0
2005-10-15,0
2005-10-16,0
2005-10-17,0
2005-10-18,0
2005-10-19,0.5
2005-10-20,0
2005-10-21,23.9
2005-10-22,30.2
2005-10-23,0
2005-10-24,0
2005-10-26,0
2005-10-27,0
2005-10-28,0
2005-10-30,0
2005-11-01,0
2005-11-02,0
2005-11-04,0
2005-11-06,0
2005-11-09,0
2005-11-10,0
2005-11-11,0
2005-11-12,0
2005-11-13,0
2005-11-14,0
2005-11-16,0
2005-11-17,0
2005-11-18,0
2005-11-19,0
2005-11-20,0
2005-11-21,0
2005-11-29,0
2005-11-30,0
2005-12-01,0
2005-12-02,0
2005-12-03,0
2005-12-04,0
2005-12-05,0
2005-12-06,0
2005-12-07,0
2005-12-08,0
2005-12-09,0
2005-12-10,0
2005-12-11,0
2005-12-12,0
2005-12-13,0
2005-12-14,0
2005-12-15,0
2005-12-16,0
2005-12-17,0
2005-12-18,0
2005-12-19,0
2005-12-20,0
2005-12-21,0
2005-12-22,0
2005-12-23,0
2005-12-25,0
2005-12-26,0
2005-12-28,0
2005-12-29,0
2005-12-30,0
2005-12-31,0
2006-01-01,0
2006-01-02,0
2006-01-03,0
2006-01-04,0
2006-01-05,0
2006-01-06,0
2006-01-09,0
2006-01-10,0
2006-01-11,0
2006-01-12,0
2006-01-13,0
2006-01-14,0
2006-01-15,0
2006-01-16,0
2006-01-18,0
2006-01-19,0
2006-01-20,0
2006-01-21,0
2006-01-24,0
2006-01-25,0
2006-01-26,0
2006-01-27,0
2006-01-28,0
2006-01-29,0
2006-01-30,0
2006-01-31,0
2006-02-01,0
2006-02-03,0
2006-02-04,0
2006-02-05,0
2006-02-06,0
2006-02-08,0
2006-02-09,0
2006-02-10,0
2006-02-11,0
2006-02-13,0
2006-02-14,0
2006-02-17,0
2006-02-18,0
2006-02-19,0
2006-02-20,0
2006-02-21,0
2006-02-22,0
2006-02-23,0
2006-02-24,0
2006-02-25,0
2006-02-26,0
2006-02-27,0
2006-02-28,0
2006-03-02,0
2006-03-04,0
2006-03-05,0
2006-03-06,0
2006-03-07,0
2006-03-08,0
2006-03-09,0
2006-03-10,0
2006-03-11,21.8
2006-03-12,0
2006-03-13,0.5
2006-03-14,0
2006-03-15,2.3
2006-03-16,0
2006-03-19,0
2006-03-20,0
2006-03-21,0
2006-03-22,0
2006-03-24,0
2006-03-26,0
2006-03-27,0
2006-03-28,0
2006-03-30,0
2006-03-31,0
2006-04-03,1.5
2006-04-04,0
2006-04-28,0
2006-04-29,0
2006-04-30,0
2006-05-01,0
2006-05-02,0
2006-05-04,0
2006-05-05,0
2006-05-06,0
2006-05-08,39.1
2006-05-09,0
2006-05-10,17
2006-05-11,7.9
2006-05-15,0
2006-05-18,2.3
2006-05-20,2.8
2006-05-22,2.3
2006-05-24,2.3
2006-05-25,0
2006-05-26,0
2006-05-27,22.6
2006-05-29,0
2006-05-30,0
2006-05-31,0
2006-06-07,5.1
2006-06-08,0.8
2006-06-19,0
2006-06-21,19.3
2006-07-03,10.9
2006-07-04,0
2006-07-07,1.5
2006-07-17,26.4
2006-07-19,19.1
2006-07-20,14.7
2006-07-22,0
2006-07-24,36.8
2006-07-26,8.4
2006-07-27,0
2006-07-29,2.5
2006-07-31,0
2006-08-02,39.4
2006-08-05,2.8
2006-08-07,0
2006-08-10,0
2006-08-12,0
2006-08-14,4.1
2006-08-16,4.3
2006-08-17,0
2006-08-21,9.1
2006-08-24,27.7
2006-08-26,5.8
2006-08-28,4.3
2006-08-29,12.7
2006-08-31,2
2006-09-04,0
2006-09-11,1.5
2006-09-13,2.8
2006-09-14,0
2006-09-16,19.8
2006-09-18,0
2006-09-21,2.3
2006-09-30,13.5
2006-10-02,0
2006-10-14,0
2006-10-18,0
2006-10-19,0
2006-10-23,0
2006-10-25,0
2006-10-26,0
2006-10-28,0
2006-10-30,0
2006-11-20,0
2006-11-22,0
2006-11-24,0
2006-11-26,0
2006-11-27,0
2006-11-28,0
2006-11-29,0
2006-11-30,0
2006-12-05,0
2006-12-07,0
2006-12-11,17.3
2006-12-12,16.8
2006-12-18,0
2006-12-19,0
2006-12-20,0
2006-12-26,0
2006-12-27,0
2006-12-28,0
2006-12-29,0
2006-12-31,0
2007-01-01,0
2007-01-04,0
2007-01-06,0
2007-01-11,0
2007-01-12,0
2007-01-15,0
2007-01-18,0
2007-01-22,0
2007-01-24,0
2007-01-25,0
2007-02-03,0
2007-02-04,0
2007-02-07,16
2007-02-10,0
2007-02-12,0.5
2007-02-14,45
2007-02-15,0
2007-02-17,3
2007-02-22,0
2007-02-24,0
2007-03-01,1
2007-03-03,0
2007-03-07,0
2007-03-08,0
2007-03-10,0
2007-03-14,5.6
2007-03-21,0
2007-03-23,0
2007-03-31,0
2007-04-01,0
2007-04-03,0
2007-04-04,0
2007-04-05,0
2007-04-08,1.5
2007-04-10,0
2007-04-12,0
2007-04-13,0
2007-04-14,0
2007-04-15,0
2007-04-20,0
2007-04-21,0
2007-04-24,10.2
2007-05-02,14.7
2007-05-09,4.6
2007-05-10,0
2007-05-12,8.4
2007-05-14,0
2007-05-15,0
2007-05-30,0
2007-06-07,12.2
2007-06-09,13.2
2007-06-15,29.7
2007-06-20,0
2007-06-21,0
2007-06-23,19.6
2007-06-24,6.4
2007-06-27,34.3
2007-06-30,0
2007-07-01,0
2007-07-03,4.1
2007-07-04,4.6
2007-07-05,0.5
2007-07-07,18.8
2007-07-09,0.5
2007-07-11,2.8
2007-07-12,0
2007-07-14,34.5
2007-07-16,12.2
2007-07-17,3.8
2007-07-18,0.3
2007-07-19,0
2007-07-21,14.7
2007-07-28,17
2007-07-30,10.7
2007-07-31,18.5
2007-08-01,1.3
2007-08-03,1.5
2007-08-04,0
2007-08-10,4.1
2007-08-11,18.5
2007-08-13,39.6
2007-08-16,7.9
2007-08-18,1
2007-08-25,26.2
2007-08-26,0.3
2007-08-30,3.8
2007-09-08,0
2007-09-09,0
2007-09-10,4.3
2007-09-12,7.9
2007-09-14,0
2007-09-17,0.3
2007-09-19,0
2007-09-20,7.9
2007-09-21,0.5
2007-09-22,0.5
2007-09-23,0
2007-09-24,2.3
2007-09-25,15.7
2007-09-26,21.1
2007-09-27,4.8
2007-09-28,0
2007-09-29,43.7
2007-09-30,2
2007-10-01,0
2007-10-04,0
2007-10-05,0
2007-10-08,0.3
2007-10-09,0
2007-10-10,0
2007-10-12,0
2007-10-13,3.3
2007-10-14,0
2007-10-16,13
2007-10-17,0.3
2007-10-18,0
2007-10-19,0
2007-10-20,0
2007-10-21,0
2007-10-23,0
2007-10-24,0
2007-10-25,0
2007-10-26,0
2007-10-27,0
2007-10-28,0
2007-10-29,0
2007-10-30,0
2007-10-31,0
2007-11-04,0
2007-11-05,0
2007-11-06,0
2007-11-09,3.3
2007-11-10,0
2007-11-11,0
2007-11-12,0
2007-11-13,0
2007-11-14,0
2007-11-17,0
2007-11-20,0
2007-11-21,0
2007-11-24,0
2007-11-25,0
2007-11-26,0
2007-11-27,0
2007-11-28,0
2007-12-01,0
2007-12-02,0
2007-12-03,0
2007-12-04,0
2007-12-05,0
2007-12-08,0
2007-12-09,0
2007-12-10,0
2007-12-11,0
2007-12-12,0
2007-12-17,0
2007-12-23,0
2007-12-25,0
2007-12-29,0
2007-12-30,0
2007-12-31,0
2008-01-01,0
2008-01-06,0
2008-01-08,0
2008-01-09,0
2008-01-11,0
2008-01-12,0
2008-01-13,0
2008-01-15,0
2008-01-18,0
2008-01-19,4.8
2008-01-20,0
2008-01-22,0
2008-01-26,0
2008-01-27,0
2008-01-29,0
2008-02-01,0
2008-02-03,0
2008-02-05,0
2008-02-07,0
2008-02-08,0
2008-02-16,0
2008-02-19,0
2008-02-20,0
2008-02-26,0
2008-03-02,11.9
2008-03-03,8.1
2008-03-04,9.7
2008-03-05,0
2008-03-16,0
2008-03-17,0
2008-03-18,0
2008-03-21,0
2008-03-25,0
2008-03-29,0
2008-03-31,0
2008-04-02,1.3
2008-04-03,3.6
2008-04-04,0
2008-04-05,8.1
2008-04-06,1.5
2008-04-07,0
2008-04-08,0
2008-04-11,0
2008-04-13,2.3
2008-04-14,0
2008-04-16,0
2008-04-18,0
2008-04-22,0
2008-04-23,0
2008-04-27,0
2008-04-28,0.5
2008-04-29,0
2008-05-12,0
2008-05-13,0
2008-05-14,0
2008-05-15,0
2008-05-16,0
2008-05-17,30.7
2008-05-18,0
2008-05-22,0
2008-05-24,0
2008-05-26,1.8
2008-05-27,0.3
2008-05-28,0
2008-05-29,0
2008-05-30,0
2008-05-31,0
2008-06-01,0
2008-06-02,0
2008-06-03,0.8
2008-06-04,10.9
2008-06-05,7.1
2008-06-06,0
2008-06-07,0
2008-06-08,12.4
2008-06-09,0.8
2008-06-10,5.6
2008-06-11,5.6
2008-06-12,2.3
2008-06-13,0
2008-06-14,50.8
2008-06-15,0
2008-06-16,0
2008-06-17,1.5
2008-06-18,0
2008-06-19,14.5
2008-06-20,7.1
2008-06-21,0
2008-06-24,0
2008-06-27,10.2
2008-06-28,0
2008-07-01,5.6
2008-07-02,0
2008-07-03,0
2008-07-05,8.1
2008-07-06,2.3
2008-07-07,25.7
2008-07-08,0
2008-07-10,0.5
2008-07-11,5.8
2008-07-12,0
2008-07-16,4.8
2008-07-17,1
2008-07-18,10.7
2008-07-19,6.4
2008-07-20,8.1
2008-07-21,3.6
2008-07-22,1.8
2008-07-23,8.9
2008-07-24,0.3
2008-07-25,0
2008-07-26,0
2008-07-27,13
2008-07-28,0
2008-07-29,5.6
2008-07-30,17.8
2008-07-31,5.1
2008-08-01,0.5
2008-08-02,0
2008-08-03,30.2
2008-08-04,9.1
2008-08-05,1
2008-08-06,6.9
2008-08-07,29.7
2008-08-08,13.5
2008-08-09,0
2008-08-10,36.1
2008-08-11,4.1
2008-08-12,0
2008-08-13,18.8
2008-08-14,11.7
2008-08-15,2.5
2008-08-16,0
2008-08-17,0
2008-08-20,2
2008-08-21,10.9
2008-08-22,0.3
2008-08-23,1
2008-08-24,14
2008-08-25,0
2008-08-26,6.4
2008-08-27,11.4
2008-08-28,4.8
2008-08-29,1
2008-08-30,8.1
2008-09-02,0
2008-09-03,0
2008-09-04,1
2008-09-05,2
2008-09-06,1
2008-09-07,0.8
2008-09-08,4.3
2008-09-09,0
2008-09-10,0
2008-09-11,37.3
2008-09-12,80.3
2008-09-13,14.2
2008-09-14,26.4
2008-09-15,8.9
2008-09-16,0
2008-09-17,0
2008-09-18,3.6
2008-09-20,1
2008-09-21,0
2008-09-22,7.6
2008-09-23,0
2008-09-24,23.1
2008-09-25,7.1
2008-09-26,0
2008-09-28,24.4
2008-09-29,0
2008-09-30,0.5
2008-10-01,0
2008-10-05,0
2008-10-06,0.3
2008-10-07,3.6
2008-10-08,0
2008-10-09,0
2008-10-10,0
2008-10-11,4.8
2008-10-12,4.8
2008-10-13,0
2008-10-14,0
2008-10-15,0
2008-10-16,0
2008-10-17,0
2008-10-18,0
2008-10-19,0
2008-10-20,0
2008-10-21,0
2008-10-23,0
2008-10-25,0
2008-10-27,0
2008-10-29,0
2008-10-30,0
2008-11-06,0
2008-11-08,0
2008-11-09,0
2008-11-12,0
2008-11-13,0
2008-11-14,0
2008-11-15,0
2008-11-16,0
2008-11-20,0
2008-11-21,0
2008-11-22,0
2008-11-24,0
2008-11-28,0
2008-11-29,0
2008-12-01,0
2008-12-02,0
2008-12-04,0
2008-12-05,0
2008-12-07,0
2008-12-08,0
2008-12-10,0
2008-12-12,0
2008-12-14,0
2008-12-17,0
2008-12-20,0
2008-12-27,0
2008-12-31,0
2009-01-02,0
2009-01-03,0
2009-01-08,0
2009-01-11,0
2009-01-14,0
2009-01-21,0
2009-01-23,0
2009-01-24,0
2009-01-26,0
2009-02-06,0
2009-02-11,0
2009-02-12,0
2009-02-13,0
2009-02-14,0
2009-02-19,0
2009-02-20,0
2009-02-21,0
2009-02-24,0
2009-02-25,0
2009-02-26,0
2009-02-28,0
2009-03-04,0
2009-03-05,0
2009-03-06,0
2009-03-08,0
2009-03-10,0
2009-03-19,0
2009-03-20,0.3
2009-03-21,0
2009-03-25,0
2009-03-26,0
2009-03-27,0
2009-03-28,0.5
2009-03-29,0
2009-03-31,1.3
2009-04-01,0
2009-04-02,0
2009-04-03,0
2009-04-04,1.3
2009-04-05,0
2009-04-08,0
2009-04-09,0
2009-04-10,0
2009-04-15,0
2009-04-16,0
2009-04-17,0
2009-04-23,0
2009-04-26,0
2009-04-27,0
2009-05-01,0
2009-05-03,1.3
2009-05-04,0
2009-05-06,1.5
2009-05-07,0
2009-05-11,8.9
2009-05-12,0
2009-05-13,10.2
2009-05-14,0
2009-05-15,1.5
2009-05-16,0
2009-05-25,5.6
2009-05-26,0
2009-05-27,0
2009-05-29,0
2009-06-02,0
2009-06-03,4.1
2009-06-04,0
2009-06-05,25.4
2009-06-06,0
2009-06-08,0
2009-06-10,0
2009-06-12,5.1
2009-06-13,0
2009-06-14,0
2009-06-18,0
2009-06-22,2
2009-06-23,0
2009-06-24,0
2009-06-26,14.5
2009-06-27,0
2009-06-28,9.4
2009-06-29,0
2009-07-02,3.8
2009-07-03,0
2009-07-04,0
2009-07-05,7.1
2009-07-06,9.1
2009-07-07,0
2009-07-08,2.8
2009-07-09,0
2009-07-10,0
2009-07-12,5.1
2009-07-13,0
2009-07-14,0
2009-07-16,0.3
2009-07-17,0
2009-07-18,0
2009-07-20,8.1
2009-07-21,0.5
2009-07-22,0
2009-07-24,0
2009-07-26,15
2009-07-27,0
2009-07-28,0
2009-08-01,7.6
2009-08-02,0
2009-08-03,0
2009-08-07,21.8
2009-08-08,0
2009-08-09,0.3
2009-08-10,0
2009-08-13,58.7
2009-08-14,0
2009-08-15,5.1
2009-08-16,0
2009-08-17,59.7
2009-08-18,0
2009-08-19,0.5
2009-08-20,19.1
2009-08-21,0
2009-08-23,7.9
2009-08-24,0
2009-08-25,0
2009-08-26,15.7
2009-08-27,28.2
2009-08-28,0
2009-08-29,0
2009-08-30,15.5
2009-08-31,0.3
2009-09-02,11.7
2009-09-03,0
2009-09-04,3
2009-09-05,0
2009-09-10,1.3
2009-09-11,0
2009-09-12,0
2009-09-14,0
2009-09-16,0
2009-09-17,0
2009-09-18,0
2009-09-19,0
2009-09-20,0
2009-09-26,0
2009-10-06,3.3
2009-10-07,3
2009-10-08,45.2
2009-10-09,0
2009-10-12,0
2009-10-14,0
2009-10-15,0
2009-10-18,0
2009-10-19,0
2009-10-24,0
2009-10-25,0
2009-10-27,0
2009-10-28,0
2009-10-29,0
2009-11-17,0
2009-11-18,0
2009-11-19,0
2009-11-21,0
2009-12-13,0
2009-12-24,0
2009-12-28,0
2010-01-01,0
2010-01-04,0
2010-01-05,0
2010-01-07,0
2010-01-17,0
2010-01-24,0
2010-01-29,0
2010-02-02,0
2010-02-05,0
2010-02-06,0
2010-02-07,0
2010-02-08,0
2010-02-10,1.5
2010-02-11,0
2010-02-13,0.3
2010-02-14,0
2010-02-18,0
2010-02-19,0
2010-02-21,0
2010-02-22,0
2010-02-25,0
2010-02-26,0
2010-03-05,0
2010-03-06,0
2010-03-10,0
2010-03-12,0
2010-03-28,0
2010-03-30,0
2010-04-05,0
2010-04-07,0
2010-04-15,0
2010-05-03,0.8
2010-05-04,0
2010-05-05,4.1
2010-05-06,0
2010-05-30,0
2010-06-17,7.6
2010-06-18,0
2010-06-22,0.5
2010-06-23,0
2010-07-10,11.9
2010-07-11,58.2
2010-07-12,0
2010-07-14,7.6
2010-07-27,7.6
2010-07-28,0
2010-08-02,11.2
2010-08-03,0
2010-08-04,0
2010-08-06,0
2010-08-09,104.9
2010-08-10,0
2010-08-14,12.2
2010-08-15,0
2010-08-16,3.3
2010-08-17,0
2010-08-18,3
2010-08-19,0
2010-08-20,40.4
2010-08-21,0
2010-09-01,12.7
2010-09-02,0
2010-09-03,28.4
2010-09-04,0
2010-09-17,2.8
2010-09-18,0
2010-10-15,0.8
2010-10-16,0
2010-10-24,0
2010-11-01,0
2010-11-03,0
2010-11-13,0
2010-11-19,0
2010-11-25,0
2010-11-26,0
2010-12-03,0
2010-12-12,0
2011-01-01,3.8
2011-01-07,0
2011-01-10,0
2011-01-15,0
2011-01-19,0
2011-02-01,0
2011-02-08,0
2011-02-17,6.6
2011-02-18,0
2011-03-09,1.5
2011-03-10,0
2011-04-05,0
2011-04-10,0
2011-04-15,0
2011-05-03,2
2011-05-04,0.5
2011-05-05,0
2011-05-12,19.6
2011-05-13,0
2011-05-15,0
2011-05-30,1
2011-05-31,0
2011-06-01,0
2011-06-24,5.6
2011-06-25,0
2011-07-11,4.1
2011-07-12,0
2011-07-15,22.6
2011-07-16,0
2011-08-02,1.5
2011-08-03,0
2011-08-08,8.9
2011-08-09,0
2011-08-20,2.8
2011-08-21,0
2011-08-24,8.9
2011-08-25,6.4
2011-08-26,0
2011-09-11,0
2011-10-06,0
2011-10-08,0
2011-10-11,0
2011-10-20,0
2011-10-27,0
2011-11-08,0
2011-11-12,0
2011-11-29,0
2011-11-30,0
2011-12-05,0
2011-12-08,0
2011-12-12,0
2011-12-16,0
2011-12-20,0
2011-12-24,0
2012-01-09,6.1
2012-01-10,0
2012-01-15,0
2012-01-17,0
2012-01-25,0
2012-01-29,0
2012-02-10,0
2012-02-16,0
2012-02-18,0
2012-02-24,0
2012-03-05,0
2012-03-26,0
2012-03-30,0
2012-04-13,0
2012-04-15,0.5
2012-04-16,0
2012-04-24,0
2012-04-29,0
2012-05-05,0.5
2012-05-06,0
2012-05-20,0
2012-05-31,5.3
2012-06-01,3.8
2012-06-02,12.4
2012-06-03,0
2012-06-05,0
2012-06-08,0
2012-06-09,0
2012-06-13,0
2012-06-14,1.5
2012-06-15,0
2012-06-16,0
2012-07-03,46
2012-07-04,0
2012-07-08,0.5
2012-07-09,0
2012-07-11,4.3
2012-07-12,0
2012-07-13,7.1
2012-07-14,0
2012-07-15,45.7
2012-07-16,28.2
2012-07-17,0
2012-07-19,21.8
2012-07-20,0
2012-07-27,27.7
2012-07-28,18
2012-07-29,0
2012-08-07,0
2012-08-08,1.8
2012-08-09,14.7
2012-08-10,1.3
2012-08-11,16.5
2012-08-12,10.9
2012-08-13,0
2012-08-14,0
2012-08-15,21.8
2012-08-16,0.8
2012-08-17,0
2012-08-18,23.1
2012-08-19,1
2012-08-20,14.2
2012-08-21,23.4
2012-08-22,0
2012-08-23,1.8
2012-08-24,1
2012-08-25,4.1
2012-08-26,0.5
2012-08-27,0
2012-08-28,0
2012-08-29,9.7
2012-08-30,1.5
2012-08-31,40.1
2012-09-01,2.3
2012-09-02,22.1
2012-09-03,0
2012-09-04,9.9
2012-09-05,15.5
2012-09-06,3
2012-09-07,0
2012-09-08,50
2012-09-09,0
2012-09-10,20.6
2012-09-11,20.1
2012-09-12,51.3
2012-09-13,134.6
2012-09-14,0
2012-09-17,44.5
2012-09-18,2.5
2012-09-19,0
2012-09-20,0
2012-09-21,0
2012-09-23,0
2012-09-24,0
2012-09-25,0.8
2012-09-26,0
2012-09-27,0
2012-09-28,0
2012-09-29,0
2012-09-30,0
2012-10-01,0
2012-10-02,0
2012-10-03,0
2012-10-05,0
2012-10-06,0
2012-10-08,0
2012-10-09,1.5
2012-10-10,11.7
2012-10-11,0
2012-10-12,0
2012-10-14,0
2012-10-15,0
2012-10-16,0
2012-10-17,0
2012-10-19,0
2012-10-20,0
2012-10-21,0
2012-10-22,0
2012-10-23,0
2012-10-24,0
2012-10-25,0
2012-10-27,0
2012-10-28,0
2012-10-29,0
2012-10-30,0
2012-11-01,0
2012-11-20,0
2012-11-21,0
2012-11-22,0
2012-11-23,0
2012-11-25,0
2012-11-26,0
2012-11-27,0
2012-11-28,0
2012-11-29,0
2012-11-30,0
2012-12-01,0
2012-12-03,0
2012-12-04,0
2012-12-05,0
2012-12-07,0
2012-12-10,0
2012-12-14,0
2012-12-16,0
2012-12-17,0
2012-12-18,0
2012-12-19,0
2012-12-21,0
2012-12-22,0
2012-12-25,0
2012-12-26,0
2012-12-27,0
2012-12-28,0
2012-12-29,0
2012-12-30,0
2015-01-01,0.8
2015-01-02,0
2015-01-03,0.5
2015-01-04,0.5
2015-01-05,0
2015-01-06,0
2015-01-07,0
2015-01-08,0
2015-01-09,0
2015-01-10,0
2015-01-11,0
2015-01-12,0
2015-01-13,0
2015-01-14,0
2015-01-15,0
2015-01-16,0
2015-01-17,0
2015-01-18,0
2015-01-19,0
2015-01-20,0
2015-01-21,0
2015-01-22,0
2015-01-23,0
2015-01-25,0
2015-01-26,0
2015-01-27,0
2015-01-28,0
2015-01-29,0
2015-01-30,0
2015-01-31,0
2015-02-01,0
2015-02-02,0
2015-02-03,0
2015-02-04,1
2015-02-05,0
2015-02-06,0
2015-02-07,0
2015-02-08,0
2015-02-09,0
2015-02-10,0
2015-02-11,0
2015-02-12,0
2015-02-13,0
2015-02-14,0
2015-02-15,0
2015-02-16,0
2015-02-17,0
2015-02-18,0
2015-02-19,10.9
2015-02-20,0
2015-02-21,0
2015-02-22,0
2015-02-23,0
2015-02-24,0
2015-02-25,0
2015-02-26,0
2015-02-27,1.8
2015-02-28,0
2015-03-01,9.7
2015-03-02,33.5
2015-03-03,9.9
2015-03-04,0
2015-03-05,0
2015-03-06,0
2015-03-07,0
2015-03-08,0
2015-03-09,0
2015-03-10,0
2015-03-11,0
2015-03-12,0
2015-03-13,0
2015-03-14,0
2015-03-15,0
2015-03-16,2.3
2015-03-17,0
2015-03-18,0
2015-03-19,0
2015-03-20,0
2015-03-21,0
2015-03-22,0
2015-03-23,4.3
2015-03-24,2.8
2015-03-25,1.5
2015-03-26,26.9
2015-03-27,1
2015-03-28,1
2015-03-29,0
2015-03-30,11.4
2015-03-31,0
2015-04-01,0
2015-04-02,0
2015-04-03,0
2015-04-04,3
2015-04-05,3.3
2015-04-06,0
2015-04-07,0
2015-04-08,0
2015-04-09,0
2015-04-10,0
2015-04-11,0
2015-04-12,0.3
2015-04-13,9.9
2015-04-14,0
2015-04-15,1
2015-04-16,0
2015-04-17,0
2015-04-18,10.2
2015-04-19,0
2015-04-20,0
2015-04-21,0
2015-04-22,3.3
2015-04-23,0
2015-04-24,0
2015-04-25,0
2015-04-27,4.3
2015-04-28,3
2015-04-29,0
2015-04-30,8.6
2015-05-01,0
2015-05-02,0
2015-05-03,0
2015-05-04,0
2015-05-05,0
2015-05-06,0
2015-05-07,0
2015-05-08,0
2015-05-09,0.5
2015-05-10,5.1
2015-05-11,11.4
2015-05-12,17
2015-05-13,0
2015-05-14,0
2015-05-15,0
2015-05-16,2
2015-05-17,0
2015-05-18,0
2015-05-19,0
2015-05-20,0.3
2015-05-21,0
2015-05-22,0
2015-05-23,1
2015-05-24,3.3
2015-05-25,0
2015-05-26,7.4
2015-05-27,3.3
2015-05-28,0
2015-05-29,0
2015-05-30,0
2015-05-31,0
2015-06-01,0
2015-06-02,0
2015-06-03,0
2015-06-04,2
2015-06-05,0
2015-06-06,0
2015-06-07,0
2015-06-08,0
2015-06-09,0
2015-06-10,6.1
2015-06-11,0.5
2015-06-12,5.6
2015-06-13,15.5
2015-06-14,1.5
2015-06-15,0
2015-06-16,3.3
2015-06-17,5.1
2015-06-18,0.5
2015-06-19,2.5
2015-06-20,48.5
2015-06-21,19.3
2015-06-22,0.3
2015-06-23,1.5
2015-06-24,2.3
2015-06-25,1.5
2015-06-26,18.8
2015-06-27,5.6
2015-06-28,1
2015-06-29,0
2015-06-30,0
2015-07-01,102.1
2015-07-02,2.3
2015-07-03,0
2015-07-04,8.4
2015-07-05,35.8
2015-07-06,0
2015-07-07,6.4
2015-07-08,12.7
2015-07-09,10.9
2015-07-10,11.2
2015-07-11,0.3
2015-07-12,0
2015-07-13,0
2015-07-14,0
2015-07-15,3.3
2015-07-16,36.3
2015-07-17,0.3
2015-07-18,22.1
2015-07-19,12.7
2015-07-20,32
2015-07-21,7.1
2015-07-22,14.2
2015-07-23,4.3
2015-07-24,5.1
2015-07-25,20.1
2015-07-26,4.6
2015-07-27,0
2015-07-28,3
2015-07-29,2
2015-07-30,30
2015-07-31,28.7
2015-08-01,7.6
2015-08-02,27.2
2015-08-03,0.3
2015-08-04,0
2015-08-05,3.3
2015-08-06,31.8
2015-08-07,49.8
2015-08-08,2.8
2015-08-09,0
2015-08-10,0
2015-08-11,27.2
2015-08-12,36.6
2015-08-13,1.8
2015-08-14,3
2015-08-15,2.5
2015-08-16,5.3
2015-08-17,62
2015-08-18,11.9
2015-08-19,10.4
2015-08-20,4.8
2015-08-21,52.1
2015-08-22,0.3
2015-08-23,23.1
2015-08-24,0
2015-08-25,0.3
2015-08-26,38.4
2015-08-27,19.3
2015-08-28,9.9
2015-08-29,0.8
2015-08-30,2.3
2015-08-31,17.5
2015-09-01,0
2015-09-02,7.9
2015-09-03,2
2015-09-04,0
2015-09-05,0
2015-09-06,0
2015-09-07,0
2015-09-08,9.1
2015-09-09,3
2015-09-10,12.4
2015-09-11,27.7
2015-09-12,34.5
2015-09-13,0
2015-09-14,27.9
2015-09-16,0
2015-09-17,0.5
2015-09-18,0
2015-09-19,0
2015-09-20,7.6
2015-09-21,12.4
2015-09-22,0
2015-09-23,0.3
2015-09-24,2.5
2015-09-25,0
2015-09-26,0
2015-09-27,0
2015-09-28,4.6
2015-09-29,0
2015-09-30,0
2015-10-01,0
2015-10-02,0
2015-10-03,0
2015-10-04,0
2015-10-05,0
2015-10-06,0
2015-10-07,0
2015-10-08,0
2015-10-09,0
2015-10-10,0
2015-10-11,46.5
2015-10-12,47
2015-10-13,0
2015-10-14,5.6
2015-10-15,1
2015-10-16,0.8
2015-10-17,0
2015-10-18,0
2015-10-19,0
2015-10-20,0
2015-10-21,0
2015-10-22,0
2015-10-23,0
2015-10-24,0
2015-10-25,0
2015-10-26,0
2015-10-27,0
2015-10-28,0
2015-10-29,13.7
2015-10-30,0
2015-10-31,0
2015-11-01,0
2015-11-02,0
2015-11-03,0
2015-11-04,0
2015-11-05,0
2015-11-06,0
2015-11-07,0
2015-11-08,0
2015-11-09,0
2015-11-10,0
2015-11-11,0
2015-11-12,0
2015-11-13,0
2015-11-14,0
2015-11-15,0
2015-11-16,0
2015-11-17,0
2015-11-18,0
2015-11-19,0
2015-11-20,0
2015-11-21,0
2015-11-22,0
2015-11-23,0
2015-11-24,0
2015-11-25,0
2015-11-26,0
2015-11-27,0
2015-11-28,0
2015-11-29,0
2015-11-30,0
2015-12-01,0
2015-12-02,0
2015-12-03,0
2015-12-04,0
2015-12-05,0
2015-12-06,0
2015-12-07,0
2015-12-08,0
2015-12-09,0
2015-12-10,0
2015-12-11,0
2015-12-12,0
2015-12-13,0
2015-12-14,0
2015-12-15,0
2015-12-16,0
2015-12-17,0
2015-12-18,0
2015-12-19,0
2015-12-20,0
2015-12-21,0
2015-12-22,0
2015-12-23,0
2015-12-24,0
2015-12-25,0
2015-12-26,0
2015-12-27,0
2015-12-28,0
2015-12-29,0
2015-12-30,0
2015-12-31,0
2016-01-01,0
2016-01-02,0
2016-01-03,0
2016-01-04,0
2016-01-05,0
2016-01-06,0
2016-01-07,0
2016-01-08,0
2016-01-09,0
2016-01-10,0
2016-01-11,0
2016-01-12,0
2016-01-13,0
2016-01-14,0
2016-01-15,0
2016-01-16,0
2016-01-17,0
2016-01-18,0
2016-01-19,0
2016-01-20,0.5
2016-01-21,0
2016-01-22,0
2016-01-23,0
2016-01-24,0
2016-01-25,0
2016-01-26,0
2016-01-27,0
2016-01-28,0
2016-01-29,0
2016-01-30,0
2016-01-31,0
2016-02-01,0
2016-02-02,0
2016-02-03,0
2016-02-04,0
2016-02-05,0
2016-02-06,0
2016-02-07,0
2016-02-08,3.6
2016-02-09,0.3
2016-02-10,0
2016-02-11,0
2016-02-12,0
2016-02-13,0
2016-02-14,0
2016-02-15,0
2016-02-16,0
2016-02-17,0
2016-02-18,0
2016-02-19,0
2016-02-20,0
2016-02-21,0
2016-02-22,0
2016-02-23,0
2016-02-24,0
2016-02-25,0
2016-02-26,0
2016-02-27,0
2016-02-28,0
2016-02-29,21.6
2016-03-01,0.5
2016-03-02,0
2016-03-03,0
2016-03-04,0
2016-03-05,0
2016-03-06,0
2016-03-07,0
2016-03-08,0
2016-03-09,0
2016-03-10,0
2016-03-11,0
2016-03-12,0
2016-03-13,0
2016-03-14,4.1
2016-03-15,1.5
2016-03-16,0
2016-03-17,0
2016-03-18,0
2016-03-19,0
2016-03-20,0
2016-03-21,0
2016-03-22,0
2016-03-23,0
2016-03-24,0
2016-03-25,0
2016-03-26,0
2016-03-27,0
2016-03-28,0
2016-03-29,0
2016-03-30,0
2016-03-31,3.8
2016-04-01,3.8
2016-04-02,0
2016-04-05,0
2016-04-06,0
2016-04-07,0
2016-04-08,0
2016-04-09,0
2016-04-10,0
2016-04-11,0
2016-04-12,0
2016-04-13,0
2016-04-14,0
2016-04-15,0
2016-04-16,0
2016-04-17,0
2016-04-18,0
2016-04-19,3.6
2016-04-20,0
2016-04-21,0
2016-04-22,0
2016-04-23,0
2016-04-24,0
2016-04-25,0
2016-04-26,0
2016-04-27,0
2016-04-28,0
2016-04-29,0
2016-04-30,0
2016-05-01,0
2016-05-02,0
2016-05-03,0
2016-05-04,4.3
2016-05-05,0
2016-05-06,0
2016-05-07,1.3
2016-05-08,0
2016-05-09,0
2016-05-10,5.8
2016-05-11,0.8
2016-05-12,0
2016-05-13,8.1
2016-05-14,2.3
2016-05-15,1.3
2016-05-16,0.3
2016-05-17,5.1
2016-05-18,3.8
2016-05-19,0
2016-05-20,9.9
2016-05-21,0.5
2016-05-22,0
2016-05-23,0
2016-05-24,0
2016-05-25,4.6
2016-05-26,3
2016-05-27,13.2
2016-05-28,1.5
2016-05-29,5.6
2016-05-30,0
2016-05-31,11.2
2016-06-01,0.3
2016-06-02,17.5
2016-06-03,0
2016-06-04,0
2016-06-05,17.5
2016-06-06,17.3
2016-06-07,0.5
2016-06-08,2.5
2016-06-09,9.7
2016-06-10,32.3
2016-06-11,0
2016-06-12,34.3
2016-06-13,3.3
2016-06-14,0
2016-06-15,18.5
2016-06-16,10.4
2016-06-17,3
2016-06-18,3.6
2016-06-19,13.5
2016-06-20,39.1
2016-06-21,39.6
2016-06-22,9.7
2016-06-23,0
2016-06-24,0
2016-06-25,0
2016-06-26,0.8
2016-06-27,1
2016-06-28,0
2016-06-29,69.1
2016-06-30,51.8
2016-07-01,53.1
2016-07-02,13.7
2016-07-03,2
2016-07-04,16.8
2016-07-05,3.8
2016-07-06,0
2016-07-07,6.1
2016-07-08,0.3
2016-07-09,0
2016-07-10,2.5
2016-07-11,9.4
2016-07-12,2
2016-07-13,1
2016-07-14,39.1
2016-07-15,14.2
2016-07-16,29
2016-07-17,10.9
2016-07-18,38.6
2016-07-19,24.4
2016-07-20,0.5
2016-07-21,14.5
2016-07-22,37.6
2016-07-23,0.5
2016-07-24,0.5
2016-07-25,28.4
2016-07-26,86.1
2016-07-27,0.3
2016-07-28,6.6
2016-07-29,10.9
2016-07-30,11.9
2016-07-31,2.8
2016-08-01,9.1
2016-08-02,1.8
2016-08-03,1
2016-08-04,7.6
2016-08-05,0
2016-08-06,13.2
2016-08-07,0.3
2016-08-08,2
2016-08-09,2.3
2016-08-10,0.3
2016-08-11,10.9
2016-08-12,0
2016-08-13,10.4
2016-08-14,0.8
2016-08-15,0.5
2016-08-16,19.6
2016-08-17,4.6
2016-08-18,0
2016-08-19,0.5
2016-08-20,5.1
2016-08-21,2.5
2016-08-22,8.9
2016-08-23,2.3
2016-08-24,0
2016-08-25,0
2016-08-26,15.5
2016-08-27,0
2016-08-28,0
2016-08-29,0.5
2016-08-30,0.5
2016-08-31,10.9
2016-09-01,0
2016-09-02,0
2016-09-03,62
2016-09-04,18.8
2016-09-05,0
2016-09-06,2
2016-09-07,6.1
2016-09-08,2.3
2016-09-09,0
2016-09-10,15.7
2016-09-11,31
2016-09-12,56.4
2016-09-13,0.3
2016-09-14,8.6
2016-09-15,23.9
2016-09-16,0
2016-09-17,1.8
2016-09-18,16.5
2016-09-19,0.3
2016-09-20,0
2016-09-21,23.9
2016-09-22,0
2016-09-23,0
2016-09-24,12.4
2016-09-25,1.5
2016-09-26,0
2016-09-27,0
2016-09-28,0.5
2016-09-29,0.3
2016-09-30,1.5
2016-10-01,21.6
2016-10-02,0
2016-10-03,0
2016-10-04,0
2016-10-05,1.8
2016-10-06,1.5
2016-10-07,0
2016-10-08,0
2016-10-09,0
2016-10-10,0.3
2016-10-11,0.3
2016-10-12,0
2016-10-13,0
2016-10-14,0.5
2016-10-15,0
2016-10-16,0
2016-10-17,0
2016-10-18,2.5
2016-10-19,25.9
2016-10-20,0
2016-10-21,0
2016-10-22,0
2016-10-23,0
2016-10-24,0
2016-10-25,0
2016-10-26,0
2016-10-27,0
2016-10-28,0
2016-10-30,0
2016-10-31,0
2016-11-01,0
2016-11-02,0
2016-11-03,0
2016-11-04,0
2016-11-05,0
2016-11-06,0
2016-11-07,0
2016-11-08,0
2016-11-09,0
2016-11-10,0
2016-11-11,0
2016-11-12,0
2016-11-13,0
2016-11-14,0
2016-11-15,0
2016-11-16,0
2016-11-17,0
2016-11-18,0
2016-11-22,0
2016-11-23,0
2016-11-24,0
2016-11-25,0
2016-11-26,0
2016-11-27,0
2016-11-28,0
2016-11-29,0
2016-11-30,0
2016-12-01,0
2016-12-03,0
2016-12-04,0
2016-12-05,0
2016-12-06,0
2016-12-07,0
2016-12-08,0
2016-12-09,0
2016-12-10,0
2016-12-11,0
2016-12-12,0
2016-12-13,0
2016-12-14,0
2016-12-15,0
2016-12-16,0
2016-12-17,0
2016-12-18,0
2016-12-20,0
2016-12-21,0
2016-12-22,0
2016-12-23,0
2016-12-24,0
2016-12-25,0
2016-12-26,0
2016-12-28,0
2016-12-29,0
2016-12-30,0
2017-01-01,0
2017-01-02,0
2017-01-04,0
2017-01-05,0
2017-01-06,0
2017-01-07,0
2017-01-08,0
2017-01-09,0
2017-01-10,0
2017-01-11,0
2017-01-12,0
2017-01-13,0
2017-01-14,0
2017-01-15,0
2017-01-16,0
2017-01-17,0
2017-01-18,0
2017-01-19,0
2017-01-20,0
2017-01-21,0
2017-01-22,0
2017-01-23,0
2017-01-24,0
2017-01-25,0
2017-01-26,0
2017-01-27,5.1
2017-01-28,6.6
2017-01-29,0
2017-01-30,0
2017-01-31,0
2017-02-01,0
2017-02-02,0
2017-02-03,0
2017-02-04,0
2017-02-05,0
2017-02-06,0
2017-02-07,0
2017-02-08,0
2017-02-09,0
2017-02-10,0
2017-02-11,0
2017-02-12,0
2017-02-13,0
2017-02-14,0
2017-02-15,0
2017-02-16,0
2017-02-17,0
2017-02-18,0
2017-02-19,0
2017-02-20,0
2017-02-21,0
2017-02-22,0
2017-02-23,0
2017-02-24,0
2017-02-25,0
2017-02-26,0
2017-02-27,0
2017-02-28,0
2017-03-01,0
2017-03-02,1.5
2017-03-03,1.5
2017-03-04,0
2017-03-05,0
2017-03-06,0
2017-03-07,0
2017-03-08,0
2017-03-09,0
2017-03-10,4.1
2017-03-11,32.3
2017-03-12,6.1
2017-03-13,0
2017-03-14,0
2017-03-15,0
2017-03-16,0
2017-03-17,0
2017-03-18,6.9
2017-03-19,0
2017-03-20,0.5
2017-03-21,0
2017-03-22,0
2017-03-23,0
2017-03-24,0
2017-03-25,15.5
2017-03-26,0
2017-03-27,0
2017-03-28,0
2017-03-29,4.3
2017-03-30,5.6
2017-03-31,0
2017-04-01,0
2017-04-02,6.4
2017-04-03,6.6
2017-04-04,0
2017-04-05,0
2017-04-06,0
2017-04-07,0
2017-04-08,5.1
2017-04-09,0
2017-04-10,0
2017-04-11,0
2017-04-12,0
2017-04-13,0
2017-04-14,0
2017-04-15,2.8
2017-04-16,0
2017-04-17,0
2017-04-19,0.8
2017-04-20,1.8
2017-04-21,10.9
2017-04-22,12.7
2017-04-23,12.2
2017-04-24,0.3
2017-04-25,0
2017-04-26,0
2017-04-27,0
2017-04-28,0
2017-04-29,8.1
2017-04-30,17
2017-05-01,14.5
2017-05-02,0
2017-05-03,0
2017-05-04,2.5
2017-05-05,10.7
2017-05-06,0
2017-05-07,1
2017-05-08,3.6
2017-05-09,1.3
2017-05-10,0.8
2017-05-11,3.6
2017-05-12,0.3
2017-05-13,0
2017-05-14,0
2017-05-15,40.9
2017-05-16,3.6
2017-05-17,0.5
2017-05-18,0
2017-05-19,0
2017-05-20,0
2017-05-21,0
2017-05-22,2.3
2017-05-23,0.5
2017-05-24,2.3
2017-05-25,0
2017-05-26,18.8
2017-05-27,7.6
2017-05-28,0
2017-05-29,0
2017-05-30,1.5
2017-05-31,0
2017-06-01,0
2017-06-02,0
2017-06-03,0
2017-06-04,0
2017-06-05,6.1
2017-06-07,0
2017-06-08,7.1
2017-06-12,0
2017-06-13,0
2017-06-14,0
2017-06-15,0
2017-06-16,0
2017-06-17,0.3
2017-06-19,0
2017-06-20,11.4
2017-06-21,6.6
2017-06-22,5.8
2017-06-23,0
2017-06-24,13
2017-06-25,30.2
2017-06-26,24.6
2017-06-27,0
2017-06-28,5.1
2017-06-29,5.1
2017-06-30,2
2017-07-01,1.5
2017-07-02,1
2017-07-03,4.1
2017-07-04,25.1
2017-07-05,5.3
2017-07-06,2
2017-07-07,0
2017-07-08,0.5
2017-07-09,16.8
2017-07-10,17
2017-07-11,2.3
2017-07-12,0
2017-07-13,0
2017-07-14,2
2017-07-15,14
2017-07-16,17.3
2017-07-17,5.6
2017-07-18,2.3
2017-07-19,5.1
2017-07-20,11.4
2017-07-21,2.8
2017-07-22,2
2017-07-23,9.7
2017-07-24,25.9
2017-07-25,7.4
2017-07-26,4.8
2017-07-27,0
2017-07-28,0
2017-07-29,49.8
2017-07-30,24.4
2017-07-31,0.8
2017-08-01,1.5
2017-08-02,19.1
2017-08-03,30.5
2017-08-04,0
2017-08-05,7.1
2017-08-06,10.4
2017-08-07,6.6
2017-08-08,0
2017-08-11,18.8
2017-08-12,10.9
2017-08-13,26.7
2017-08-14,2.8
2017-08-15,0.5
2017-08-16,0.5
2017-08-17,0
2017-08-18,0
2017-08-19,8.4
2017-08-20,13.5
2017-08-21,0.8
2017-08-22,14
2017-08-23,41.9
2017-08-24,2.3
2017-08-25,1
2017-08-26,35.3
2017-08-27,5.3
2017-08-28,1.3
2017-08-29,0
2017-08-30,0
2017-08-31,55.1
2017-09-01,24.6
2017-09-02,7.6
2017-09-03,10.9
2017-09-04,0
2017-09-05,0
2017-09-06,0
2017-09-07,7.9
2017-09-08,0
2017-09-09,0
2017-09-10,0
2017-09-11,0
2017-09-12,9.1
2017-09-13,0
2017-09-14,0
2017-09-15,0
2017-09-16,0
2017-09-17,0
2017-09-18,11.2
2017-09-19,2
2017-09-20,1.5
2017-09-21,6.6
2017-09-22,0
2017-09-23,0
2017-09-24,0
2017-09-25,0
2017-09-26,0
2017-09-27,0
2017-09-28,0
2017-09-29,16.5
2017-09-30,0.5
2017-10-01,0.5
2017-10-02,7.1
2017-10-03,13
2017-10-04,0
2017-10-05,0
2017-10-06,12.4
2017-10-07,0
2017-10-08,0
2017-10-09,0
2017-10-10,0
2017-10-11,0
2017-10-12,0
2017-10-13,0
2017-10-14,0
2017-10-15,0
2017-10-16,0
2017-10-17,0
2017-10-18,0
2017-10-19,0
2017-10-20,0
2017-10-21,0
2017-10-22,0
2017-10-23,0
2017-10-24,0
2017-10-25,0
2017-10-26,0
2017-10-27,0
2017-10-28,0
2017-10-29,26.4
2017-10-30,4.1
2017-10-31,0
2017-11-01,1
2017-11-02,0
2017-11-05,0
2017-11-06,0
2017-11-07,0
2017-11-08,0
2017-11-09,0
2017-11-10,0
2017-11-11,0
2017-11-12,0
2017-11-13,0
2017-11-14,0
2017-11-15,0
2017-11-16,0
2017-11-17,0
2017-11-18,0
2017-11-19,0
2017-11-20,0
2017-11-21,0
2017-11-22,0
2017-11-23,0
2017-11-24,0
2017-11-25,0
2017-11-26,0
2017-11-27,0
2017-11-28,0
2017-11-29,0
2017-11-30,0
2017-12-01,0
2017-12-02,0
2017-12-03,0
2017-12-04,0
2017-12-05,0
2017-12-06,0
2017-12-07,0
2017-12-08,0
2017-12-09,0
2017-12-10,0
2017-12-11,0
2017-12-12,0
2017-12-13,0
2017-12-14,0
2017-12-15,0
2017-12-16,0
2017-12-17,0
2017-12-18,0
2017-12-19,0
2017-12-20,0
2017-12-21,0
2017-12-22,0
2017-12-23,0
2017-12-24,0
2017-12-25,0
2017-12-26,0
2017-12-27,0
2017-12-28,0
2017-12-29,0
2017-12-30,0
2017-12-31,0
2018-01-01,0
2018-01-02,0
2018-01-03,0
2018-01-04,0
2018-01-05,0
2018-01-06,0
2018-01-07,0
2018-01-08,0
2018-01-09,0
2018-01-10,0
2018-01-11,0
2018-01-12,0
2018-01-13,0
2018-01-14,0
2018-01-15,0
2018-01-16,0
2018-01-17,0
2018-01-18,0
2018-01-19,0
2018-01-20,0
2018-01-21,0
2018-01-22,0
2018-01-23,0
2018-01-24,6.1
2018-01-25,0
2018-01-26,0
2018-01-27,0
2018-01-28,0
2018-01-29,0
2018-01-30,0
2018-01-31,0
2018-02-01,0
2018-02-02,0
2018-02-03,0
2018-02-04,0
2018-02-05,0
2018-02-06,0
2018-02-07,0
2018-02-08,0
2018-02-10,0
2018-02-11,0
2018-02-12,0
2018-02-13,1.5
2018-02-14,0
2018-02-15,0
2018-02-16,0
2018-02-17,0
2018-02-18,0
2018-02-19,0
2018-02-20,0
2018-02-21,0
2018-02-22,0
2018-02-23,0
2018-02-24,0
2018-02-25,0
2018-02-26,0
2018-02-27,0
2018-02-28,0
2018-03-01,0
2018-03-02,0
2018-03-03,2.5
2018-03-04,0
2018-03-05,0
2018-03-06,0
2018-03-07,0
2018-03-08,0
2018-03-09,0
2018-03-10,0
2018-03-11,14.2
2018-03-12,0.3
2018-03-13,0
2018-03-14,0
2018-03-15,0
2018-03-16,5.1
2018-03-17,0
2018-03-18,0
2018-03-19,0
2018-03-20,0
2018-03-21,0
2018-03-22,0
2018-03-23,0
2018-03-24,0
2018-03-25,0
2018-03-26,0.5
2018-03-27,0
2018-03-28,0
2018-03-29,3
2018-03-30,1.8
2018-03-31,0
2018-04-01,0
2018-04-02,0.5
2018-04-03,51.1
2018-04-04,0
2018-04-07,6.1
2018-04-08,0
2018-04-09,2.8
2018-04-10,0
2018-04-11,0
2018-04-12,0.3
2018-04-13,0
2018-04-14,0
2018-04-15,0
2018-04-16,0
2018-04-17,9.4
2018-04-18,3.3
2018-04-19,0
2018-04-20,1.5
2018-04-21,0
2018-04-22,0
2018-04-23,0
2018-04-24,0
2018-04-25,0
2018-04-26,0.5
2018-04-27,8.9
2018-04-28,26.9
2018-04-29,5.1
2018-04-30,0.3
2018-05-01,8.4
2018-05-02,4.6
2018-05-03,2.8
2018-05-04,0
2018-05-05,0.5
2018-05-06,0
2018-05-07,0
2018-05-08,0.5
2018-05-09,2
2018-05-10,0
2018-05-11,0
2018-05-12,0
2018-05-13,4.8
2018-05-14,17
2018-05-15,0
2018-05-16,0
2018-05-17,10.4
2018-05-18,0
2018-05-19,10.7
2018-05-20,0
2018-05-21,7.1
2018-05-22,0.8
2018-05-23,0
2018-05-24,16.5
2018-05-25,0
2018-05-26,0.5
2018-05-27,0
2018-05-28,1.5
2018-05-29,3
2018-05-30,65.8
2018-05-31,4.1
2018-06-01,3
2018-06-02,0.5
2018-06-03,1
2018-06-04,37.6
2018-06-05,5.1
2018-06-06,0
2018-06-07,69.9
2018-06-08,17.5
2018-06-09,0
2018-06-10,1.8
2018-06-11,0
2018-06-12,14.5
2018-06-13,0
2018-06-14,0
2018-06-15,7.9
2018-06-16,4.8
2018-06-17,11.4
2018-06-18,15
2018-06-19,0
2018-06-20,0
2018-06-21,2
2018-06-22,4.3
2018-06-23,1.8
2018-06-24,2.8
2018-06-25,5.6
2018-06-26,23.1
2018-06-27,2.5
2018-06-28,0
2018-06-29,0
2018-06-30,3.8
2018-07-01,4.8
2018-07-02,41.9
2018-07-03,33
2018-07-04,1.8
2018-07-05,0.3
2018-07-06,0
2018-07-07,0
2018-07-09,18.8
2018-07-10,0
2018-07-25,0
2018-08-01,1
2018-08-02,15
2018-08-03,5.1
2018-08-04,7.9
2018-08-05,27.2
2018-08-06,50.3
2018-08-07,0
2018-08-09,10.4
2018-08-10,8.9
2018-08-11,0
2018-08-12,0
2018-08-13,52.8
2018-08-14,0.5
2018-08-15,40.6
2018-08-16,0
2018-08-17,1
2018-08-18,0
2018-08-24,16
2018-08-25,0
2018-09-12,0.5
2018-09-13,3
2018-09-14,0
2018-11-07,0
2018-11-08,0
2018-11-09,0
2018-11-10,0
2018-11-11,0
2018-11-12,0
2018-11-13,0
2018-11-14,0
2018-11-15,0
2018-11-16,0
2018-11-17,0
2018-11-18,0
2018-11-19,0
2018-11-20,0
2018-11-21,0
2018-11-22,0
2018-11-23,0
2018-11-24,0
2018-11-25,0
2018-11-26,0
2018-11-27,0
2018-11-28,0
2018-11-29,0
2018-11-30,0
2018-12-01,0
2018-12-02,0
2018-12-03,0
2018-12-04,0
2018-12-05,0
2018-12-06,0
2018-12-07,0
2018-12-08,0
2018-12-09,0
2018-12-10,0
2018-12-11,0
2018-12-12,0
2018-12-13,0
2018-12-14,0
2018-12-15,0
2018-12-16,0
2018-12-17,0
2018-12-18,0
2018-12-19,0
2018-12-20,0
2018-12-21,0
2018-12-22,0
2018-12-23,0
2018-12-24,0
2018-12-25,0
2018-12-26,0
2018-12-27,0
2018-12-28,0
2018-12-29,0
2018-12-30,0
2018-12-31,0
2019-01-01,0
2019-01-02,0
2019-01-03,0
2019-01-04,0
2019-01-05,0
2019-01-06,0
2019-01-07,0.5
2019-01-09,0
2019-01-10,0
2019-01-11,0
2019-01-12,0
2019-01-13,0
2019-01-14,0
2019-01-15,0
2019-01-16,0
2019-01-17,0
2019-01-18,0
2019-01-19,0
2019-01-20,0
2019-01-21,0
2019-01-22,0
2019-01-24,0
2019-01-25,0
2019-01-26,3.8
2019-01-27,0
2019-01-28,0
2019-01-29,0
2019-01-30,0
2019-01-31,0
2019-02-01,0
2019-02-02,0
2019-02-03,0
2019-02-04,0
2019-02-05,0
2019-02-06,0
2019-02-07,10.7
2019-02-08,11.2
2019-02-09,28.2
2019-02-10,0
2019-02-11,0
2019-02-12,0
2019-02-13,0
2019-02-14,0
2019-02-15,0
2019-02-16,5.1
2019-02-17,1
2019-02-18,0
2019-02-19,1.3
2019-02-20,0
2019-02-21,0
2019-02-22,0
2019-02-23,0
2019-02-24,0
2019-02-25,0
2019-02-26,0
2019-02-27,2.3
2019-02-28,26.9
2019-03-01,0
2019-03-02,0
2019-03-03,0
2019-03-04,0
2019-03-05,0
2019-03-06,0
2019-03-07,0
2019-03-08,0
2019-03-09,0
2019-03-10,0
2019-03-11,0
2019-03-12,0
2019-03-14,0
2019-03-15,0
2019-03-16,0
2019-03-17,0
2019-03-18,3.3
2019-03-19,0.5
2019-03-20,11.2
2019-03-21,0.5
2019-03-22,0
2019-03-23,0
2019-03-24,0
2019-03-25,0
2019-03-26,14
2019-03-27,7.9
2019-03-28,0
2019-03-29,0
2019-03-30,0
2019-03-31,9.7
2019-04-01,3.6
2019-04-02,0
2019-04-03,0
2019-04-04,0.3
2019-04-05,3
2019-04-06,12.4
2019-04-07,4.3
2019-04-08,2
2019-04-09,6.6
2019-04-10,0
2019-04-11,0
2019-04-12,0
2019-04-13,1
2019-04-14,3
2019-04-15,4.1
2019-04-16,8.9
2019-04-17,6.6
2019-04-18,0
2019-04-19,25.9
2019-04-20,31
2019-04-21,0
2019-04-22,6.1
2019-04-23,0
2019-04-24,3.3
2019-04-25,1.3
2019-04-26,8.6
2019-04-27,0.3
2019-04-28,0
2019-04-29,0
2019-04-30,0
2019-05-01,0
2019-05-02,2.5
2019-05-03,6.1
2019-05-04,0
2019-05-05,0
2019-05-06,0
2019-05-07,0
2019-05-08,0
2019-05-09,0
2019-05-10,0
2019-05-11,0
2019-05-12,0.3
2019-05-13,7.9
2019-05-14,0
2019-05-15,1
2019-05-16,5.8
2019-05-17,0.8
2019-05-18,0
2019-05-19,1
2019-05-20,0
2019-05-21,0
2019-05-22,0
2019-05-23,3.6
2019-05-24,0
2019-05-25,2
2019-05-26,1
2019-05-27,0
2019-05-28,0
2019-05-29,13
2019-05-30,10.9
2019-05-31,6.1
2019-06-01,8.4
2019-06-02,15.5
2019-06-03,0
2019-06-04,0
2019-06-05,0.3
2019-06-06,4.6
2019-06-07,17
2019-06-08,0
2019-06-09,0
2019-06-10,4.3
2019-06-11,0
2019-06-12,0
2019-06-13,0
2019-06-14,0
2019-06-15,9.7
2019-06-16,0
2019-06-17,0
2019-06-18,14.5
2019-06-19,1.3
2019-06-20,0
2019-06-21,0
2019-06-22,20.3
2019-06-23,13.5
2019-06-24,0.8
2019-06-25,0
2019-06-26,0
2019-06-27,4.6
2019-06-28,5.1
2019-06-29,6.1
2019-06-30,0
2019-07-01,27.7
2019-07-02,1.5
2019-07-03,0
2019-07-04,0
2019-07-05,0.3
2019-07-06,10.9
2019-07-07,65.8
2019-07-08,2.3
2019-07-09,3.3
2019-07-10,22.9
2019-07-11,5.6
2019-07-12,115.3
2019-07-13,39.9
2019-07-14,2.5
2019-07-15,27.4
2019-07-16,6.1
2019-07-17,0
2019-07-18,52.6
2019-07-19,41.1
2019-07-20,33
2019-07-21,0
2019-07-22,0.5
2019-07-23,17.5
2019-07-24,12.7
2019-07-25,0.8
2019-07-26,10.4
2019-07-27,3.8
2019-07-28,8.1
2019-07-29,0
2019-07-30,0
2019-07-31,0
2019-08-01,0
2019-08-02,0
2019-08-03,3.8
2019-08-04,0
2019-08-05,20.8
2019-08-06,1
2019-08-07,23.9
2019-08-08,2.8
2019-08-09,0.5
2019-08-10,0
2019-08-11,20.1
2019-08-12,0.5
2019-08-13,16.3
2019-08-14,0.8
2019-08-15,0
2019-08-16,27.4
2019-08-17,14.2
2019-08-18,7.9
2019-08-19,1.5
2019-08-20,3.3
2019-08-21,1.3
2019-08-22,6.1
2019-08-23,0
2019-08-24,24.6
2019-08-25,8.9
2019-08-26,4.3
2019-08-27,4.3
2019-08-28,0
2019-08-29,0
2019-08-30,0
2019-08-31,36.8
2019-09-01,18
2019-09-02,12.2
2019-09-03,0
2019-09-04,23.4
2019-09-05,43.9
2019-09-06,21.8
2019-09-07,8.4
2019-09-08,3.6
2019-09-09,7.4
2019-09-10,32
2019-09-11,12.2
2019-09-12,1.5
2019-09-13,4.6
2019-09-14,5.1
2019-09-15,1
2019-09-16,3.8
2019-09-17,25.4
2019-09-18,17.5
2019-09-19,2
2019-09-20,0
2019-09-21,0
2019-09-22,1
2019-09-23,0
2019-09-24,6.9
2019-09-25,47.5
2019-09-26,8.9
2019-09-27,3.8
2019-09-28,0.8
2019-09-29,0.8
2019-09-30,0.5
2019-10-01,3
2019-10-02,0
2019-10-03,0
2019-10-04,0
2019-10-05,0
2019-10-06,0
2019-10-07,0
2019-10-08,0
2019-10-09,1.3
2019-10-10,0
2019-10-11,0
2019-10-12,0
2019-10-13,0
2019-10-14,0
2019-10-15,0
2019-10-16,0
2019-10-17,1.5
2019-10-18,0
2019-10-19,0
2019-10-20,0
2019-10-21,0
2019-10-22,0
2019-10-23,0
2019-10-24,0
2019-10-25,0
2019-10-26,0
2019-10-27,0
2019-10-28,0
2019-10-29,0
2019-10-30,0
2019-10-31,0
2019-11-04,0
2019-11-06,0
2019-11-07,0
2019-11-08,0
2019-11-09,0
2019-11-11,0
2019-11-12,0
2019-11-13,0
2019-11-14,0
2019-11-15,0
2019-11-16,0
2019-11-17,0
2019-11-19,0
2019-11-21,0
2019-11-22,0
2019-11-23,0
2019-11-24,0
2019-12-10,0
2019-12-11,0
2019-12-12,0
2019-12-13,4.1
2019-12-14,33.3
2019-12-15,0
2019-12-16,0
2019-12-17,0
2019-12-18,0
2019-12-19,0
2019-12-20,0
2019-12-21,0
2019-12-22,0
2019-12-23,0
2019-12-24,0
2019-12-25,0
2019-12-26,0
2019-12-28,0
2019-12-29,0
2019-12-30,0
2019-12-31,0
2020-01-01,0
2020-01-02,0
2020-01-05,0
2020-01-06,0
2020-01-07,0
2020-01-08,2.3
2020-01-09,1.5
2020-01-10,0
2020-01-11,0
2020-01-12,0
2020-01-13,0
2020-01-14,0
2020-01-15,0
2020-01-16,0
2020-01-17,48
2020-01-18,32
2020-01-19,0
2020-01-20,0
2020-01-21,0
2020-01-22,0
2020-01-23,0
2020-01-24,0
2020-01-25,0
2020-01-26,0
2020-01-27,0
2020-01-29,0
2020-01-30,0
2020-01-31,0
2020-02-01,0
2020-02-02,0
2020-02-03,0
2020-02-04,0
2020-02-05,0
2020-02-06,0
2020-02-07,0
2020-02-08,0
2020-02-09,0
2020-02-10,0
2020-02-11,0
2020-02-12,0
2020-02-13,0
2020-02-14,0
2020-02-15,0
2020-02-16,0
2020-02-17,0
2020-02-18,0
2020-02-19,0
2020-02-20,0
2020-02-21,0
2020-02-22,6.4
2020-02-23,0
2020-02-24,0
2020-02-25,0
2020-02-26,7.4
2020-02-27,2
2020-02-28,0
2020-02-29,0
2020-03-01,0
2020-03-02,0
2020-03-03,0
2020-03-04,0
2020-03-05,0
2020-03-06,0.5
2020-03-07,8.1
2020-03-08,0
2020-03-09,0
2020-03-10,0
2020-03-11,0
2020-03-12,0
2020-03-13,0
2020-03-14,0
2020-03-15,0
2020-03-16,0
2020-03-17,0
2020-03-18,0
2020-03-23,13.5
2020-03-24,8.9
2020-03-25,0
2020-03-26,0
2020-03-27,0
2020-03-28,3.3
2020-03-29,0
2020-03-30,0
2020-03-31,25.4
2020-04-01,0.8
2020-04-02,0.8
2020-04-03,0
2020-04-04,0
2020-04-05,0
2020-04-06,0
2020-04-07,0
2020-04-08,0
2020-04-09,0
2020-04-10,0
2020-04-11,1
2020-04-12,0.3
2020-04-13,0
2020-04-14,2
2020-04-15,1.3
2020-04-16,0
2020-04-17,2
2020-04-18,3.8
2020-04-19,0
2020-04-20,1.5
2020-04-21,17
2020-04-22,9.4
2020-04-23,4.1
2020-04-24,1
2020-04-25,27.7
2020-04-26,24.9
2020-04-27,4.6
2020-04-28,0
2020-04-29,3.8
2020-04-30,0.3
2020-05-01,4.3
2020-05-02,0.3
2020-05-03,0
2020-05-04,8.1
2020-05-05,0
2020-05-06,5.1
2020-05-07,9.7
2020-05-08,0
2020-05-09,0
2020-05-10,0.3
2020-05-11,0.3
2020-05-12,0
2020-05-13,0
2020-05-14,0
2020-05-15,0.3
2020-05-16,0
2020-05-17,0
2020-05-18,0
2020-05-19,0.3
2020-05-20,0
2020-05-21,0
2020-05-22,0
2020-05-23,0
2020-05-24,0
2020-05-25,1
2020-05-26,28.7
2020-05-27,19.8
2020-05-28,0
2020-10-09,0
2020-10-10,0
2020-10-11,0
2020-10-12,0
2020-10-13,0
2020-10-14,0
2020-10-15,0
2020-10-16,0
2020-10-17,0
2020-10-18,0
2020-10-19,0
2020-10-20,0
2020-10-22,0
2020-10-25,0
2020-10-26,0
2020-10-27,0
2020-10-28,0
2020-10-29,0
2020-10-30,0
2020-10-31,0
2020-11-01,0
2020-11-02,0
2020-11-04,0.3
2020-11-05,0
2020-11-06,0
2020-11-07,0
2020-11-09,0
2020-11-10,0
2020-11-12,0
2020-11-13,0
2020-11-14,0
2020-11-15,0
2020-11-16,0
2020-11-17,0
2020-11-18,0
2020-11-19,0
2020-11-20,0
2020-11-21,0
2020-11-22,0
2020-11-23,0
2020-11-25,0
2020-11-26,0
2020-11-27,0
2020-11-28,0
2020-11-29,0
2020-11-30,0
2020-12-01,0
2020-12-02,0
2020-12-03,0
2020-12-04,0
2020-12-05,0
2020-12-06,0
2020-12-07,0
2020-12-08,0
2020-12-09,0
2020-12-10,0
2020-12-11,0
2020-12-12,0
2020-12-13,0
2020-12-14,0
2020-12-15,0
2020-12-17,0
2020-12-18,0
2020-12-20,0
2020-12-21,0
2020-12-22,0
2020-12-23,0
2020-12-24,0
2020-12-25,0
2020-12-26,0
2020-12-27,0
2020-12-28,0
2020-12-29,0
2020-12-30,0
2020-12-31,0
2021-01-01,0
2021-01-02,0
2021-01-03,0
2021-01-04,0
2021-01-05,0
2021-01-06,0
2021-01-07,0
2021-01-08,0
2021-01-09,0
2021-01-10,0
2021-01-11,0
2021-01-12,0
2021-01-13,0
2021-01-14,0
2021-01-15,0
2021-01-16,0
2021-01-17,0
2021-01-18,0
2021-01-19,0
2021-01-20,0
2021-01-21,0
2021-01-22,0
2021-01-23,0
2021-01-24,0
2021-01-25,0
2021-01-26,0
2021-01-27,0
2021-01-28,0
2021-01-29,0
2021-01-30,0
2021-01-31,0
2021-02-01,0
2021-02-02,0
2021-02-03,0
2021-02-04,0
2021-02-05,0
2021-02-06,1.3
2021-02-07,0
2021-02-08,0
2021-02-09,0
2021-02-10,0
2021-02-13,0
2021-02-15,0
2021-02-16,0
2021-02-17,0
2021-02-18,0
2021-02-19,0
2021-02-23,0
2021-02-26,0
2021-02-27,0
2021-03-01,0
2021-03-02,0
2021-03-03,0
2021-03-04,0
2021-03-05,0
2021-03-06,6.1
2021-03-07,0
2021-03-08,0
2021-03-09,0
2021-03-10,0
2021-03-11,0.5
2021-03-12,0
2021-03-13,0
2021-03-14,0
2021-03-15,0
2021-03-16,0
2021-03-18,0
2021-03-19,0
2021-03-20,0
2021-03-21,0
2021-03-22,0
2021-03-23,0
2021-03-24,0
2021-03-25,0
2021-03-26,0
2021-03-27,0
2021-03-28,0
2021-03-29,0
2021-03-30,0
2021-03-31,0
2021-04-01,9.9
2021-04-02,0
2021-04-03,0
2021-04-04,0
2021-04-05,0
2021-04-06,0
2021-04-07,0
2021-04-08,0
2021-04-09,0
2021-04-10,1
2021-04-11,0
2021-04-12,0
2021-04-13,0
2021-04-14,0
2021-04-15,0
2021-04-16,11.9
2021-04-17,1.3
2021-04-18,0.3
2021-04-19,7.4
2021-04-20,0
2021-04-21,0
2021-04-22,6.6
2021-04-23,0
2021-04-24,0
2021-04-25,0
