DATE,TMIN,TMAX,TAVG
1976-11-05,21,,
1976-11-08,13,19,16
1976-11-10,13,19,16
1976-11-11,14,18,16
1976-11-13,13,,
1976-11-14,12,,
1976-11-15,13,18,15.5
1976-11-16,12,18,15
1976-11-17,12,,
1976-11-19,11,15,13
1976-12-13,9,17,13
1976-12-15,15,,
1976-12-20,9,,
1976-12-22,18,,
1976-12-25,8,,
1977-01-06,7,,
1977-01-07,7,,
1977-01-29,12,,
1977-02-02,7,,
1977-02-09,6,14,10
1977-02-10,8,17,12.5
1977-02-15,11,18,14.5
1977-02-17,12,,
1977-02-21,21,,
1977-02-25,11,18,14.5
1977-02-26,12,20,16
1977-03-07,13,22,17.5
1977-03-10,15,23,19
1977-03-17,16,,
1977-03-19,16,24,20
1977-03-20,15,,
1977-03-22,15,,
1977-03-24,16,25,20.5
1977-03-25,17,,
1977-03-28,16,24,20
1977-04-05,15,22,18.5
1977-04-07,25,,
1977-04-08,15,23,19
1977-04-10,13,22,17.5
1977-04-16,13,,
1977-04-25,22,,
1977-04-27,17,23,20
1977-04-28,16,25,20.5
1977-05-02,21,,
1977-05-07,12,19,15.5
1977-05-08,12,21,16.5
1977-05-10,16,23,19.5
1977-05-11,14,24,19
1977-05-12,16,,
1977-05-15,26,,
1977-05-31,21,27,24
1977-06-03,24,,
1977-06-06,16,23,19.5
1977-06-10,18,24,21
1977-06-13,24,,
1977-06-17,18,25,21.5
1977-06-20,18,,
1977-06-25,19,,
1977-07-01,19,25,22
1977-07-04,20,26,23
1977-07-07,19,24,21.5
1977-07-12,19,23,21
1977-07-16,18,25,21.5
1977-07-18,18,25,21.5
1977-07-26,27,,
1977-07-31,19,,
1977-08-01,26,,
1977-08-02,19,24,21.5
1977-08-14,23,,
1977-08-31,20,27,23.5
1977-09-02,17,25,21
1977-09-04,18,,
1977-09-08,20,26,23
1977-09-10,19,,
1977-09-14,17,23,20
1977-09-15,18,21,19.5
1977-09-19,17,,
1977-09-21,18,21,19.5
1977-09-22,17,23,20
1977-09-23,17,24,20.5
1977-09-24,18,24,21
1977-09-27,24,,
1977-09-30,17,,
1977-10-03,16,21,18.5
1977-10-09,16,23,19.5
1977-10-10,24,,
1977-10-11,17,23,20
1977-10-14,14,20,17
1977-10-16,13,,
1977-10-17,14,20,17
1977-10-18,14,,
1977-10-19,12,21,16.5
1977-10-20,13,,
1977-10-22,14,,
1977-10-23,20,,
1977-10-24,15,20,17.5
1977-10-25,13,,
1977-10-26,16,,
1977-10-27,20,,
1977-10-28,20,,
1977-10-29,14,21,17.5
1977-10-30,14,,
1977-10-31,14,22,18
1977-11-01,15,20,17.5
1977-11-02,15,21,18
1977-11-03,15,19,17
1977-11-05,13,19,16
1977-11-06,13,17,15
1977-11-07,13,17,15
1977-11-09,12,,
1977-11-10,12,19,15.5
1977-11-11,12,19,15.5
1977-11-12,17,,
1977-11-13,11,16,13.5
1977-11-15,11,18,14.5
1977-11-17,12,19,15.5
1977-11-19,12,19,15.5
1977-11-20,12,20,16
1977-11-22,11,18,14.5
1977-11-25,11,18,14.5
1977-11-28,12,18,15
1977-12-03,10,,
1977-12-04,11,,
1977-12-06,10,15,12.5
1977-12-07,9,,
1977-12-10,10,16,13
1977-12-13,9,16,12.5
1977-12-16,9,15,12
1977-12-17,9,16,12.5
1977-12-19,18,,
1977-12-20,9,,
1977-12-21,8,,
1977-12-24,8,,
1977-12-28,4,13,8.5
1977-12-30,6,11,8.5
1978-01-02,6,,
1978-01-03,10,,
1978-01-04,3,,
1978-01-05,4,14,9
1978-01-07,13,,
1978-01-10,4,,
1978-01-11,17,,
1978-01-13,9,,
1978-01-18,7,,
1978-01-20,7,,
1978-02-02,9,15,12
1978-02-04,7,15,11
1978-02-05,8,13,10.5
1978-02-06,7,,
1978-02-07,8,16,12
1978-02-09,7,14,10.5
1978-02-11,7,,
1978-02-12,7,13,10
1978-02-15,10,16,13
1978-02-18,9,16,12.5
1978-02-21,13,,
1978-02-22,7,,
1978-02-23,7,,
1978-02-24,8,,
1978-02-25,20,,
1978-02-26,12,21,16.5
1978-02-27,12,22,17
1978-02-28,13,,
1978-03-01,13,21,17
1978-03-02,12,,
1978-03-08,12,,
1978-03-09,19,,
1978-03-16,11,,
1978-03-17,12,21,16.5
1978-03-19,10,,
1978-03-21,12,21,16.5
1978-03-22,12,21,16.5
1978-03-23,13,,
1978-03-25,15,,
1978-03-31,9,19,14
1978-04-01,11,21,16
1978-04-22,14,23,18.5
1978-04-23,16,23,19.5
1978-04-25,16,,
1978-04-27,25,,
1978-04-28,18,25,21.5
1978-05-01,17,24,20.5
1978-05-03,16,24,20
1978-05-06,17,,
1978-05-07,17,23,20
1978-05-11,17,24,20.5
1978-05-13,25,,
1978-05-14,18,,
1978-05-29,24,,
1978-05-30,18,,
1978-05-31,18,,
1978-06-01,17,,
1978-06-03,17,25,21
1978-06-06,20,25,22.5
1978-06-07,19,24,21.5
1978-06-08,19,,
1978-06-14,18,24,21
1978-06-16,25,,
1978-06-17,19,25,22
1978-06-28,25,,
1978-06-29,20,,
1978-07-04,17,,
1978-07-09,18,,
1978-07-14,18,24,21
1978-07-19,21,,
1978-07-25,19,25,22
1978-07-27,19,23,21
1978-07-29,19,26,22.5
1978-07-31,19,25,22
1978-08-01,18,23,20.5
1978-08-02,19,26,22.5
1978-08-06,19,,
1978-08-10,25,,
1978-08-11,20,27,23.5
1978-08-12,20,28,24
1978-08-13,27,,
1978-08-17,19,26,22.5
1978-08-23,18,24,21
1978-08-25,18,27,22.5
1978-08-27,19,,
1978-08-28,20,29,24.5
1978-08-30,20,25,22.5
1978-09-04,18,24,21
1978-09-07,18,26,22
1978-09-12,17,21,19
1978-09-15,17,25,21
1978-09-16,17,24,20.5
1978-09-18,17,24,20.5
1978-09-20,17,24,20.5
1978-09-21,18,,
1978-09-23,17,,
1978-09-24,18,25,21.5
1978-09-30,17,23,20
1978-10-09,23,,
1978-10-14,16,,
1978-10-16,16,23,19.5
1978-10-17,16,,
1978-10-18,14,23,18.5
1978-10-21,13,,
1978-10-30,15,,
1978-11-10,13,19,16
1978-11-12,13,21,17
1978-11-16,11,19,15
1978-11-19,11,,
1978-11-22,10,,
1978-11-24,10,17,13.5
1978-11-26,10,,
1978-12-01,8,18,13
1978-12-02,9,11,10
1978-12-04,8,,
1978-12-05,8,20,14
1978-12-06,12,20,16
1978-12-07,11,19,15
1978-12-10,18,,
1978-12-12,20,,
1978-12-16,10,18,14
1978-12-17,8,16,12
1978-12-23,8,16,12
1978-12-28,7,17,12
1978-12-29,18,,
1978-12-31,8,16,12
1979-01-01,16,,
1979-01-06,6,,
1979-01-13,8,16,12
1979-01-28,7,16,11.5
1979-02-01,12,,
1979-02-07,16,,
1979-02-08,4,9,6.5
1979-02-15,9,,
1979-02-17,19,,
1979-02-20,10,18,14
1979-02-27,7,,
1979-03-03,10,20,15
1979-03-06,21,,
1979-03-10,7,,
1979-03-15,11,20,15.5
1979-03-16,19,,
1979-03-18,12,22,17
1979-03-19,12,,
1979-03-21,22,,
1979-03-23,13,24,18.5
1979-03-24,23,,
1979-03-28,15,,
1979-03-30,15,23,19
1979-04-07,15,,
1979-04-21,24,,
1979-04-30,24,,
1979-05-01,22,,
1979-05-02,17,21,19
1979-05-08,19,,
1979-05-09,28,,
1979-05-10,25,,
1979-05-12,17,,
1979-05-14,18,26,22
1979-05-15,19,27,23
1979-05-27,20,28,24
1979-06-13,17,,
1979-06-16,17,24,20.5
1979-06-19,26,,
1979-06-20,19,26,22.5
1979-06-21,19,24,21.5
1979-06-22,18,25,21.5
1979-06-26,19,,
1979-07-04,19,25,22
1979-07-31,18,,
1979-08-03,28,,
1979-08-05,20,29,24.5
1979-08-06,21,,
1979-08-07,29,,
1979-08-11,19,27,23
1979-08-12,19,26,22.5
1979-08-13,19,25,22
1979-08-18,19,24,21.5
1979-08-25,18,23,20.5
1979-08-27,17,22,19.5
1979-08-28,23,,
1979-08-29,17,23,20
1979-09-01,18,24,21
1979-09-03,17,23,20
1979-09-08,23,,
1979-09-09,25,,
1979-09-10,17,,
1979-09-15,15,22,18.5
1979-09-16,16,24,20
1979-09-17,24,,
1979-09-18,24,,
1979-09-19,17,24,20.5
1979-09-21,17,24,20.5
1979-09-22,17,,
1979-09-24,17,24,20.5
1979-09-25,17,25,21
1979-09-29,17,24,20.5
1979-10-03,17,,
1979-10-08,21,,
1979-10-11,14,21,17.5
1979-10-24,13,21,17
1979-10-26,20,,
1979-10-28,13,,
1979-11-08,12,,
1979-11-19,18,,
1979-11-21,11,,
1979-11-27,19,,
1979-12-19,5,13,9
1979-12-21,13,,
1979-12-22,5,,
1979-12-27,8,14,11
1979-12-30,7,,
1980-01-02,7,13,10
1980-01-03,7,,
1980-01-06,15,,
1980-01-10,14,,
1980-01-11,6,,
1980-01-16,7,14,10.5
1980-01-19,8,,
1980-01-20,7,15,11
1980-01-22,14,,
1980-01-23,15,,
1980-01-24,7,,
1980-01-25,7,14,10.5
1980-01-27,8,14,11
1980-02-06,8,15,11.5
1980-02-08,12,,
1980-02-11,7,14,10.5
1980-02-12,7,15,11
1980-02-13,15,,
1980-02-14,9,19,14
1980-02-15,19,,
1980-02-16,19,,
1980-02-17,9,18,13.5
1980-02-18,9,15,12
1980-02-19,9,16,12.5
1980-02-20,16,,
1980-02-23,12,19,15.5
1980-02-27,12,18,15
1980-02-29,12,20,16
1980-03-01,17,,
1980-03-05,15,,
1980-03-12,14,21,17.5
1980-04-02,16,,
1980-04-04,24,,
1980-04-05,17,25,21
1980-04-08,26,,
1980-04-09,26,,
1980-04-10,17,25,21
1980-04-20,27,,
1980-04-23,18,25,21.5
1980-04-26,20,28,24
1980-04-27,26,,
1980-05-03,25,,
1980-05-16,16,24,20
1980-05-18,25,,
1980-05-22,18,,
1980-05-23,18,25,21.5
1980-05-24,17,25,21
1980-05-25,16,26,21
1980-05-26,16,23,19.5
1980-05-30,23,,
1980-06-02,18,25,21.5
1980-06-10,24,,
1980-06-14,19,23,21
1980-06-15,18,25,21.5
1980-06-18,18,26,22
1980-06-19,23,,
1980-06-20,18,,
1980-06-30,20,28,24
1980-07-02,19,25,22
1980-07-10,25,,
1980-07-11,19,25,22
1980-07-13,20,,
1980-07-21,25,,
1980-07-22,27,,
1980-07-23,19,27,23
1980-07-25,19,,
1980-07-27,18,26,22
1980-07-29,24,,
1980-07-31,24,,
1980-08-01,18,24,21
1980-08-04,25,,
1980-08-23,18,27,22.5
1980-08-26,19,27,23
1980-08-28,18,,
1980-08-29,18,24,21
1980-09-01,18,27,22.5
1980-09-06,18,26,22
1980-09-07,18,26,22
1980-09-10,18,,
1980-09-13,17,23,20
1980-09-16,22,,
1980-09-22,17,23,20
1980-10-12,14,23,18.5
1980-10-30,12,22,17
1980-10-31,22,,
1980-11-01,15,22,18.5
1980-11-04,14,,
1980-11-06,20,,
1980-11-07,13,20,16.5
1980-11-09,14,22,18
1980-11-10,22,,
1980-11-11,13,21,17
1980-11-14,14,20,17
1980-11-15,13,20,16.5
1980-11-17,13,20,16.5
1980-11-18,13,20,16.5
1980-11-19,13,19,16
1980-11-21,13,21,17
1980-11-22,13,,
1980-11-25,10,17,13.5
1980-11-26,11,18,14.5
1980-11-29,11,17,14
1980-12-01,11,20,15.5
1980-12-02,11,19,15
1980-12-03,19,,
1980-12-05,11,17,14
1980-12-12,18,,
1980-12-13,10,17,13.5
1980-12-15,10,17,13.5
1980-12-18,9,,
1980-12-19,10,16,13
1980-12-29,19,,
1980-12-31,9,16,12.5
1981-01-01,9,16,12.5
1981-01-02,9,16,12.5
1981-01-03,17,,
1981-01-06,7,,
1981-01-07,10,,
1981-01-09,13,,
1981-01-13,6,,
1981-01-14,7,15,11
1981-01-19,8,12,10
1981-01-20,7,15,11
1981-01-21,8,15,11.5
1981-01-22,8,14,11
1981-01-23,7,15,11
1981-01-27,16,,
1981-01-28,18,,
1981-02-02,14,,
1981-02-03,9,,
1981-02-11,13,,
1981-02-12,8,10,9
1981-02-13,15,,
1981-02-16,11,17,14
1981-02-17,18,,
1981-02-18,17,,
1981-02-20,12,19,15.5
1981-02-21,12,19,15.5
1981-02-22,18,,
1981-02-25,21,,
1981-02-26,14,20,17
1981-02-27,14,20,17
1981-03-02,21,,
1981-03-03,20,,
1981-03-21,15,24,19.5
1981-03-22,24,,
1981-03-23,14,,
1981-03-24,15,22,18.5
1981-03-25,14,22,18
1981-03-27,18,,
1981-03-28,10,19,14.5
1981-03-29,12,18,15
1981-03-30,18,,
1981-04-01,18,,
1981-04-03,19,,
1981-04-05,14,23,18.5
1981-04-08,24,,
1981-04-09,16,23,19.5
1981-04-10,14,22,18
1981-04-11,16,24,20
1981-04-12,13,24,18.5
1981-04-13,15,23,19
1981-04-14,24,,
1981-04-15,24,,
1981-04-16,15,19,17
1981-04-19,13,21,17
1981-04-20,16,20,18
1981-04-21,20,,
1981-04-22,21,,
1981-04-23,16,24,20
1981-04-27,22,,
1981-05-04,16,24,20
1981-05-21,26,,
1981-05-22,24,,
1981-05-23,17,25,21
1981-05-27,17,23,20
1981-05-30,17,23,20
1981-06-03,19,25,22
1981-06-09,18,24,21
1981-06-10,19,24,21.5
1981-06-16,19,,
1981-06-26,19,24,21.5
1981-07-07,20,26,23
1981-07-10,25,,
1981-07-12,20,24,22
1981-07-13,20,26,23
1981-07-17,19,24,21.5
1981-07-23,20,25,22.5
1981-07-25,19,,
1981-07-29,25,,
1981-08-06,20,26,23
1981-08-08,27,,
1981-08-12,24,,
1981-08-13,20,26,23
1981-08-18,24,,
1981-08-19,19,24,21.5
1981-08-26,18,,
1981-09-13,18,,
1981-10-15,24,,
1981-10-16,16,24,20
1981-10-17,16,23,19.5
1981-10-19,15,24,19.5
1981-10-20,16,22,19
1981-10-21,16,21,18.5
1981-10-27,20,,
1981-11-01,14,20,17
1981-11-30,19,,
1981-12-01,10,,
1981-12-14,7,18,12.5
1981-12-19,16,,
1981-12-23,8,15,11.5
1981-12-24,16,,
1981-12-29,8,15,11.5
1982-01-09,10.4,17.6,14
1982-01-11,16.2,,
1982-01-13,8.6,16,12.3
1982-01-16,15.4,,
1982-01-22,16.5,,
1982-02-01,7.4,,
1982-02-15,8.8,15,11.9
1982-02-25,8.9,16.3,12.6
1982-02-28,19.9,,
1982-03-07,7.3,15.1,11.2
1982-03-08,8,16.1,12.05
1982-03-09,9,,
1982-03-10,9.2,,
1982-03-11,21.1,,
1982-03-15,12.2,20.1,16.15
1982-03-20,12,21.4,16.7
1982-03-21,13.2,21.5,17.35
1982-04-01,13,,
1982-04-03,23,,
1982-04-06,16.8,26.2,21.5
1982-04-08,16.4,26.4,21.4
1982-04-15,22.9,,
1982-04-17,13,21.5,17.25
1982-04-26,12.4,23.8,18.1
1982-04-30,17.4,24.2,20.8
1982-05-01,17.8,25.6,21.7
1982-05-06,25,,
1982-05-09,19.2,24.6,21.9
1982-05-12,19,25.5,22.25
1982-05-17,17.8,,
1982-05-18,18.4,25.3,21.85
1982-05-24,19,27.8,23.4
1982-05-30,17.3,25.9,21.6
1982-06-04,25.8,,
1982-06-17,18.8,,
1982-07-03,19.5,,
1982-07-04,21.7,,
1982-07-07,18.3,22.4,20.35
1982-07-08,18.8,24.4,21.6
1982-07-13,18.5,25,21.75
1982-07-15,18.3,,
1982-07-16,19.2,25.1,22.15
1982-07-17,19.9,26.3,23.1
1982-07-21,24.5,,
1982-08-03,18.4,20.1,19.25
1982-08-04,17.3,21.8,19.55
1982-08-05,18.2,23.2,20.7
1982-08-09,19,23.9,21.45
1982-08-12,20.2,26.4,23.3
1982-08-13,20,27.2,23.6
1982-08-30,18,,
1982-09-06,19.5,,
1982-09-12,18,23.8,20.9
1982-09-13,21,,
1982-09-15,18.2,,
1982-11-04,20.5,,
1982-11-10,15.1,,
1982-11-12,14.8,,
1982-11-13,10.8,16.8,13.8
1982-11-14,11.6,18.4,15
1982-11-16,12.2,18.4,15.3
1982-11-17,12,18.9,15.45
1982-11-19,12.9,19.5,16.2
1982-11-20,13,19.7,16.35
1982-11-22,18.2,,
1982-11-23,11.4,17.6,14.5
1982-11-24,10.2,,
1982-11-26,8.2,15.8,12
1982-12-01,15.9,,
1982-12-20,8.2,,
1982-12-22,9.2,16.7,12.95
1982-12-24,14.9,,
1983-01-10,11.3,,
1983-01-11,11.9,,
1983-01-14,13.5,,
1983-01-16,0.5,14.4,7.45
1983-01-18,6.8,,
1983-02-09,6.8,16.4,11.6
1983-02-18,18.5,,
1983-02-22,9,16.8,12.9
1983-02-23,8,15.3,11.65
1983-02-24,9.3,14.7,12
1983-02-25,9,16.8,12.9
1983-02-27,8.5,,
1983-03-09,12,18.6,15.3
1983-03-11,13.8,21.8,17.8
1983-03-12,15.2,,
1983-03-15,11.8,,
1983-03-17,12,18.5,15.25
1983-04-06,17.6,24.3,20.95
1983-04-12,12.6,,
1983-04-16,12.4,14.3,13.35
1983-04-17,12.6,19.3,15.95
1983-05-04,16,22.2,19.1
1983-06-21,20.2,24.5,22.35
1983-06-25,19,26.4,22.7
1983-06-26,18.8,,
1983-06-27,18.2,26.8,22.5
1983-06-28,18.6,25.7,22.15
1983-06-30,19.7,,
1983-07-02,18,,
1983-07-06,18.8,22.8,20.8
1983-07-07,19.2,23.5,21.35
1983-07-08,19.4,25.2,22.3
1983-07-09,20,,
1983-07-10,19.6,25,22.3
1983-07-12,19.4,24.3,21.85
1983-07-13,19.6,25,22.3
1983-07-14,23.1,,
1983-07-16,17.8,21.1,19.45
1983-07-17,18.6,24.7,21.65
1983-07-18,19.5,26.6,23.05
1983-07-19,19.6,25.4,22.5
1983-07-20,20,24.6,22.3
1983-07-21,20.4,26.1,23.25
1983-07-22,19.6,26.1,22.85
1983-07-23,19.6,25,22.3
1983-07-24,17.4,24.7,21.05
1983-07-28,18.4,23.7,21.05
1983-07-30,26.4,,
1983-07-31,19.7,23.4,21.55
1983-08-02,20.2,25.8,23
1983-08-03,18.6,24,21.3
1983-08-04,18.4,,
1983-08-05,18,24.3,21.15
1983-08-06,26.4,,
1983-08-07,20.2,26.4,23.3
1983-08-08,20.2,27.1,23.65
1983-08-10,19.2,23.4,21.3
1983-08-11,19,23.2,21.1
1983-08-12,19.2,25.2,22.2
1983-08-14,26.4,,
1983-08-15,19.6,26.2,22.9
1983-08-16,19.5,25.3,22.4
1983-08-17,15.8,26.3,21.05
1983-08-18,20.3,27.2,23.75
1983-08-19,20,27.4,23.7
1983-08-23,21.8,,
1983-08-24,22.2,,
1983-08-25,19,,
1983-08-27,26.5,,
1983-08-28,23.3,,
1983-08-30,19.2,22.8,21
1983-08-31,19,23.7,21.35
1983-09-01,24.2,,
1983-09-03,25.5,,
1983-09-04,18.6,24.5,21.55
1983-09-05,24,,
1983-09-06,18.6,25.4,22
1983-09-07,18.8,26.4,22.6
1983-09-08,18.8,25.4,22.1
1983-09-10,18.6,24.3,21.45
1983-09-11,19,23.7,21.35
1983-09-14,17.5,22.9,20.2
1983-09-15,17.6,23.5,20.55
1983-09-16,17.8,25.6,21.7
1983-09-17,17.8,23.3,20.55
1983-09-18,15.2,22.9,19.05
1983-09-19,18.2,25.6,21.9
1983-09-22,18.2,22.3,20.25
1983-09-23,18,24.4,21.2
1983-09-24,18.2,23.8,21
1983-09-28,17.8,23.3,20.55
1983-10-02,26.4,,
1983-10-03,17,,
1983-10-09,18.6,22.1,20.35
1983-10-10,17.6,24.8,21.2
1983-10-13,22.2,,
1983-10-14,16.6,22.5,19.55
1983-10-15,23.1,,
1983-10-16,16.2,20.6,18.4
1983-10-17,20.5,,
1983-10-20,15,27.1,21.05
1983-10-21,16.5,24.5,20.5
1983-10-22,15.2,23.2,19.2
1983-10-25,13.4,19,16.2
1983-10-26,13.4,20.8,17.1
1983-11-19,12,20.2,16.1
1983-11-20,11.8,17.7,14.75
1983-11-21,11.4,,
1983-11-22,11.2,21.4,16.3
1983-11-26,21.2,,
1983-11-28,11,18.5,14.75
1983-11-29,10.4,,
1983-11-30,10.7,18,14.35
1983-12-02,9.1,18.9,14
1983-12-03,17.8,,
1983-12-04,9.6,17.3,13.45
1983-12-05,8.8,17.5,13.15
1983-12-25,7,11.2,9.1
1983-12-26,6,8,7
1984-01-02,6.8,12.5,9.65
1984-01-03,7.2,18.9,13.05
1984-01-04,7.6,15,11.3
1984-01-05,6.6,14.1,10.35
1984-01-06,6.4,15.3,10.85
1984-01-12,7.4,,
1984-01-13,16.8,,
1984-01-15,13.8,,
1984-01-16,7,,
1984-01-18,4,,
1984-01-19,3.2,7.6,5.4
1984-01-21,4.8,10.4,7.6
1984-01-23,5,12.5,8.75
1984-01-24,5.6,12.8,9.2
1984-01-25,5.5,12.3,8.9
1984-01-26,5.2,14.1,9.65
1984-01-27,15.4,,
1984-01-28,5.4,13,9.2
1984-01-29,5,,
1984-01-30,5,13.6,9.3
1984-02-01,7.4,,
1984-02-02,7.8,15.1,11.45
1984-02-03,8.4,,
1984-02-04,9.4,17.3,13.35
1984-02-05,9,15,12
1984-02-06,8.4,15.8,12.1
1984-02-07,8,15.8,11.9
1984-02-08,9,15.4,12.2
1984-02-11,7,,
1984-02-13,8,15.3,11.65
1984-02-14,9.4,16.4,12.9
1984-02-16,9.8,18,13.9
1984-02-17,10.6,18.6,14.6
1984-02-19,11.6,16.7,14.15
1984-02-20,8.2,12.4,10.3
1984-02-21,9.5,18.3,13.9
1984-02-23,9.4,,
1984-02-25,8.6,14.9,11.75
1984-02-26,8.6,15.6,12.1
1984-02-27,9.4,16.2,12.8
1984-02-28,10,16.7,13.35
1984-02-29,10.4,17.4,13.9
1984-03-01,11,,
1984-03-02,11,17.1,14.05
1984-03-03,11.4,16.8,14.1
1984-03-04,12.1,,
1984-03-05,11.6,17.8,14.7
1984-03-08,12,19.3,15.65
1984-03-09,12.8,19,15.9
1984-03-10,13.1,19.1,16.1
1984-03-12,20.2,,
1984-03-14,15.4,21.8,18.6
1984-03-15,22,,
1984-03-16,21.6,,
1984-03-17,16.9,23.7,20.3
1984-03-19,16.5,,
1984-03-20,22.7,,
1984-03-21,13.4,20,16.7
1984-03-22,13.6,21.1,17.35
1984-03-24,16.4,23,19.7
1984-03-25,17.2,23.1,20.15
1984-03-27,12.4,,
1984-03-29,16.4,,
1984-04-03,17.9,25.4,21.65
1984-04-06,24.6,,
1984-04-12,15.4,22.8,19.1
1984-04-13,17.2,24,20.6
1984-04-14,18.2,24.9,21.55
1984-04-15,19.2,25.3,22.25
1984-04-16,26.2,,
1984-04-17,14,23.6,18.8
1984-04-19,17.5,24.6,21.05
1984-04-20,26.2,,
1984-04-21,17.6,26.4,22
1984-04-24,24.8,,
1984-04-25,17.2,22.8,20
1984-04-28,20.6,,
1984-04-30,14.2,23.8,19
1984-05-01,16,23.6,19.8
1984-05-02,15,24.2,19.6
1984-05-06,23.2,,
1984-05-08,15.4,21.5,18.45
1984-05-11,14.8,21.3,18.05
1984-05-12,16,20.5,18.25
1984-05-14,16.4,,
1984-05-15,18,,
1984-05-16,22.4,,
1984-05-19,19.2,25.8,22.5
1984-05-22,19.4,,
1984-05-23,19.2,26.5,22.85
1984-05-24,19.2,,
1984-05-25,18.5,24.9,21.7
1984-05-26,19.4,,
1984-05-27,25.5,,
1984-05-29,18,20.4,19.2
1984-06-02,22.2,27.4,24.8
1984-06-03,21.4,27.8,24.6
1984-06-04,19.8,25.9,22.85
1984-06-07,19.6,,
1984-06-08,17.1,22.2,19.65
1984-06-10,19.5,,
1984-06-11,22.8,,
1984-06-15,18.7,22.2,20.45
1984-06-16,18.4,19.8,19.1
1984-06-17,22.4,,
1984-06-18,19.4,,
1984-06-19,17,22.2,19.6
1984-06-20,17.8,23.2,20.5
1984-06-22,20.4,26.9,23.65
1984-06-23,20.2,,
1984-06-25,18.8,23.4,21.1
1984-06-28,19.7,25,22.35
1984-06-29,18.2,22.6,20.4
1984-06-30,24.3,,
1984-07-04,19.4,24.6,22
1984-07-06,19,22.8,20.9
1984-07-07,18.8,24.6,21.7
1984-07-08,18.6,21.6,20.1
1984-07-09,18.6,21.5,20.05
1984-07-10,18.4,24.2,21.3
1984-07-11,20.7,,
1984-07-12,16.8,,
1984-07-13,16.8,22.3,19.55
1984-07-14,18.1,22.9,20.5
1984-07-16,18.8,24.6,21.7
1984-07-17,17.5,23.8,20.65
1984-07-18,18,24.5,21.25
1984-07-19,18.2,23.1,20.65
1984-07-20,18.2,23.7,20.95
1984-07-22,19.2,22.7,20.95
1984-07-23,17,21.8,19.4
1984-07-25,17.9,22.2,20.05
1984-07-26,21.3,,
1984-07-30,18.8,24.5,21.65
1984-07-31,24.6,,
1984-08-04,22.7,,
1984-08-05,20.2,23.6,21.9
1984-08-07,26.3,,
1984-09-01,19.4,26.1,22.75
1984-09-02,26,,
1984-09-03,25.2,,
1984-09-04,17.4,24.1,20.75
1984-09-09,17.8,23.2,20.5
1984-09-11,17.8,23.5,20.65
1984-09-12,17.5,21.3,19.4
1984-09-13,17,,
1984-09-14,17.2,20.8,19
1984-09-15,17.8,20.7,19.25
1984-09-17,16,,
1984-09-18,16.2,20.6,18.4
1984-09-19,16.6,,
1984-09-20,16.4,21.9,19.15
1984-09-21,21.7,,
1984-09-22,17.4,22.9,20.15
1984-09-23,17.5,21.8,19.65
1984-09-24,16.7,22.4,19.55
1984-09-25,17.1,22.4,19.75
1984-09-26,16.9,22,19.45
1984-09-27,22.8,,
1984-09-28,17,22.6,19.8
1984-09-29,17.4,22.9,20.15
1984-09-30,17.9,23.1,20.5
1984-10-01,17.2,24.1,20.65
1984-10-02,17.4,26.7,22.05
1984-10-03,25.7,,
1984-10-04,16.8,23,19.9
1984-10-05,17.1,,
1984-10-07,22.9,,
1984-10-08,15.4,20.7,18.05
1984-10-09,15.7,,
1984-10-10,16,21,18.5
1984-10-11,16.2,22.2,19.2
1984-10-12,16.4,24.4,20.4
1984-10-15,16.6,24.8,20.7
1984-10-16,17.3,22.6,19.95
1984-10-18,17.2,22.7,19.95
1984-10-19,17.2,22,19.6
1984-10-20,17,21.2,19.1
1984-10-22,15.3,20.8,18.05
1984-10-23,15.7,,
1984-10-25,20.6,,
1984-10-27,15.4,20.6,18
1984-10-28,14.8,21,17.9
1984-10-29,14.8,20,17.4
1984-10-30,14,20.5,17.25
1984-11-01,13.7,19.6,16.65
1984-11-02,13.6,22.9,18.25
1984-11-03,14.3,22.7,18.5
1984-11-04,14.8,,
1984-11-06,13.4,20.5,16.95
1984-11-07,13.4,21.3,17.35
1984-11-08,13.6,21.4,17.5
1984-11-09,13.4,19.6,16.5
1984-11-10,11.3,18,14.65
1984-11-11,11,17.3,14.15
1984-11-12,11,16.6,13.8
1984-11-14,11,18.2,14.6
1984-11-15,12,18.4,15.2
1984-11-17,12.4,19.8,16.1
1984-11-19,19.3,,
1984-11-20,11.5,17.3,14.4
1984-11-21,11,,
1984-11-22,11,,
1984-11-24,10.8,19.3,15.05
1984-11-25,18.1,,
1984-11-26,10,15.9,12.95
1984-11-27,9.8,17.7,13.75
1984-11-29,10,19.2,14.6
1984-12-03,10.6,18.4,14.5
1984-12-07,10,18.4,14.2
1984-12-09,9.7,,
1984-12-11,9,15.5,12.25
1984-12-24,9,17,13
1984-12-25,9,17.4,13.2
1984-12-26,8.8,16.9,12.85
1984-12-27,7.4,13.7,10.55
1984-12-31,8,15.3,11.65
1985-01-02,15.1,,
1985-01-03,8.2,,
1985-01-04,7.3,14.3,10.8
1985-01-05,9.6,,
1985-01-06,5.4,14,9.7
1985-01-07,7,,
1985-01-13,13.3,,
1985-01-14,7,12.7,9.85
1985-01-15,6.5,11.9,9.2
1985-01-16,6.2,12.1,9.15
1985-01-17,6.5,17.2,11.85
1985-01-18,7.5,14.2,10.85
1985-01-23,7.3,16.1,11.7
1985-01-24,8.5,15.4,11.95
1985-01-25,9,,
1985-01-26,9.6,16.8,13.2
1985-01-27,15.9,,
1985-01-28,9.7,,
1985-01-29,9.7,,
1985-01-30,14.9,,
1985-01-31,8.5,16.1,12.3
1985-02-01,8.6,16.1,12.35
1985-02-02,14.3,,
1985-02-04,7.4,,
1985-02-05,14.8,,
1985-02-06,8.2,,
1985-02-07,7.5,12,9.75
1985-02-09,7,11.6,9.3
1985-02-10,7.2,13.3,10.25
1985-02-11,8.4,,
1985-02-12,8.2,14.4,11.3
1985-02-13,8.6,17.2,12.9
1985-02-14,8.8,17.2,13
1985-02-15,8.7,16.4,12.55
1985-02-17,6.6,14.1,10.35
1985-02-18,8.6,14.6,11.6
1985-02-19,8.5,14.8,11.65
1985-02-20,10.2,15.1,12.65
1985-02-21,10.2,16.2,13.2
1985-02-23,11,16.8,13.9
1985-02-24,11.2,18,14.6
1985-02-25,11.8,16.4,14.1
1985-02-26,11,17.2,14.1
1985-02-27,10.6,19.4,15
1985-02-28,11.5,17,14.25
1985-03-01,16.6,,
1985-03-02,12.5,17.8,15.15
1985-03-03,12.8,18.8,15.8
1985-03-05,15,21.4,18.2
1985-03-06,14.1,20.8,17.45
1985-03-08,23,,
1985-03-11,14.5,20.8,17.65
1985-03-12,15,21.9,18.45
1985-03-13,16.2,21.6,18.9
1985-03-14,15.8,21.4,18.6
1985-03-16,14.6,,
1985-03-31,17.6,24.4,21
1985-04-01,18,24.9,21.45
1985-04-03,17,24,20.5
1985-04-04,17.1,25,21.05
1985-04-05,16.3,25.1,20.7
1985-04-06,17.3,35.2,26.25
1985-04-07,18,23.4,20.7
1985-04-08,12.5,22.7,17.6
1985-04-09,22,,
1985-04-10,15.5,23.1,19.3
1985-04-11,23.9,,
1985-04-12,25.8,,
1985-04-13,18.5,26,22.25
1985-04-14,17.9,25.6,21.75
1985-04-15,19.3,,
1985-04-16,17,25.8,21.4
1985-04-17,16.6,26,21.3
1985-04-19,15.3,23.8,19.55
1985-04-20,17,24.2,20.6
1985-04-21,18,25.6,21.8
1985-04-22,23.4,,
1985-04-23,17.5,23.5,20.5
1985-04-26,20.5,,
1985-04-28,17,23.8,20.4
1985-04-29,15.4,24.6,20
1985-04-30,15.3,24.8,20.05
1985-05-01,15.4,22.1,18.75
1985-05-02,16.2,,
1985-05-05,14.5,22.8,18.65
1985-05-06,15.7,,
1985-05-07,22.6,,
1985-05-08,16.2,24.2,20.2
1985-05-09,18.3,24.9,21.6
1985-05-10,17.5,25.3,21.4
1985-05-12,14.5,22.5,18.5
1985-05-14,24,,
1985-05-16,17.5,25.9,21.7
1985-05-17,18.5,26.6,22.55
1985-05-19,15.5,25.2,20.35
1985-05-20,26,,
1985-05-21,14.8,23.3,19.05
1985-05-22,17.2,25.1,21.15
1985-05-23,24.3,,
1985-05-24,18.8,25,21.9
1985-05-27,26.1,,
1985-05-30,19.5,26.9,23.2
1985-05-31,19.4,25.8,22.6
1985-06-02,18.6,24.9,21.75
1985-06-03,18.5,24.8,21.65
1985-06-04,18.2,25.3,21.75
1985-06-05,18,24.6,21.3
1985-06-10,18,23.7,20.85
1985-06-12,19,,
1985-06-14,18.8,25.3,22.05
1985-06-15,19.9,23.8,21.85
1985-06-16,19.4,23.4,21.4
1985-06-18,19.7,24.1,21.9
1985-06-19,25.5,,
1985-06-20,19.8,25.2,22.5
1985-06-21,19.7,26,22.85
1985-06-22,18.6,25.7,22.15
1985-06-23,20,24.8,22.4
1985-06-24,24.7,,
1985-06-25,20,27.1,23.55
1985-06-26,19.8,25.9,22.85
1985-06-27,19.6,25.4,22.5
1985-06-28,19.7,25.7,22.7
1985-06-29,19.3,,
1985-07-01,19.2,24.9,22.05
1985-07-02,23.6,,
1985-07-03,19.5,24.4,21.95
1985-07-05,18.8,,
1985-07-06,19,24.9,21.95
1985-07-07,19,25.5,22.25
1985-07-08,18.8,24.6,21.7
1985-07-10,18.3,23.5,20.9
1985-07-11,18.5,24,21.25
1985-07-12,18.2,24.4,21.3
1985-07-13,18.4,24.2,21.3
1985-07-14,18.2,23.2,20.7
1985-07-15,17.8,24.2,21
1985-07-16,17.8,,
1985-07-18,18,25.2,21.6
1985-07-19,18.2,23.5,20.85
1985-08-01,19.2,,
1985-08-03,19.2,24.6,21.9
1985-08-05,20,25.2,22.6
1985-08-08,18.8,26.2,22.5
1985-08-09,24.4,,
1985-08-10,23.7,,
1985-08-11,20,24.7,22.35
1985-08-12,19.8,25,22.4
1985-08-13,20.5,25.8,23.15
1985-08-15,20.7,24.8,22.75
1985-08-16,19.6,25.6,22.6
1985-08-17,20,24.6,22.3
1985-08-18,20,23.9,21.95
1985-08-19,20,23.8,21.9
1985-08-20,19.6,26.5,23.05
1985-08-23,25.8,,
1985-08-29,20.5,26,23.25
1985-08-30,25.1,,
1985-09-01,18.9,23.6,21.25
1985-09-02,18.7,23.2,20.95
1985-09-03,19,22.4,20.7
1985-09-04,24.1,,
1985-09-05,19.1,22.5,20.8
1985-09-11,17.8,24.8,21.3
1985-09-12,19.4,25.6,22.5
1985-09-14,18,24.1,21.05
1985-09-15,18.1,22.5,20.3
1985-09-23,17.1,22.8,19.95
1985-09-24,16.9,22.4,19.65
1985-09-25,16.7,21.6,19.15
1985-09-26,17,23.6,20.3
1985-09-30,16.9,22.9,19.9
1985-10-05,23.7,,
1985-10-06,17.5,23.3,20.4
1985-10-07,16.8,,
1985-10-08,16.9,22.3,19.6
1985-10-09,16.2,21.6,18.9
1985-10-11,17,,
1985-10-13,17.9,22.5,20.2
1985-10-15,18.4,28.1,23.25
1985-10-19,14.4,20.2,17.3
1985-10-20,14.6,22,18.3
1985-10-21,14.3,,
1985-10-22,15.4,24,19.7
1985-10-23,15,22.9,18.95
1985-10-24,14.8,20.7,17.75
1985-10-28,12,19.4,15.7
1985-10-30,12.6,19.4,16
1985-10-31,20.8,,
1985-11-01,18.9,,
1985-11-03,13.5,20,16.75
1985-11-04,12.7,,
1985-11-05,12,16.8,14.4
1985-11-06,17.2,,
1985-11-08,11.4,17,14.2
1985-11-10,7.7,16.1,11.9
1985-11-11,11,17,14
1985-11-12,18.3,,
1985-11-13,12,19.8,15.9
1985-11-14,13.2,19.6,16.4
1985-11-16,13.5,21.7,17.6
1985-11-17,13.6,18.9,16.25
1985-11-18,12.3,18.9,15.6
1985-11-19,11.5,18.3,14.9
1985-11-20,10.3,17.4,13.85
1985-11-21,10.8,18.9,14.85
1985-11-22,11,,
1985-11-24,10.3,17,13.65
1985-11-26,11.5,19.1,15.3
1985-11-27,11.3,18.1,14.7
1985-11-29,10.6,17.2,13.9
1985-11-30,10.8,17.2,14
1985-12-01,11.3,16.6,13.95
1985-12-02,10.8,16.2,13.5
1985-12-03,10.8,,
1985-12-04,10.7,16.9,13.8
1985-12-05,11.2,17.9,14.55
1985-12-06,11,17.3,14.15
1985-12-07,11.5,,
1985-12-08,11.3,16.9,14.1
1985-12-12,9,15.3,12.15
1985-12-13,9.3,14.6,11.95
1985-12-14,10.4,17,13.7
1985-12-15,10.8,17.1,13.95
1985-12-16,11.6,18.4,15
1985-12-18,11.2,16.6,13.9
1985-12-20,8.2,13.6,10.9
1985-12-23,18.4,,
1985-12-24,1,17.4,9.2
1985-12-25,9.4,17.5,13.45
1985-12-26,9.5,14.3,11.9
1985-12-30,12,,
1986-01-01,8,13.2,10.6
1986-01-02,8,14.4,11.2
1986-01-06,7.4,16.8,12.1
1986-01-07,9.5,15.4,12.45
1986-01-08,9.3,15.5,12.4
1986-01-10,8.6,16.1,12.35
1986-01-11,9,16.1,12.55
1986-01-12,8.3,14.9,11.6
1986-01-13,8,15.6,11.8
1986-01-15,9,14.2,11.6
1986-01-18,5.6,16,10.8
1986-01-20,8,16.5,12.25
1986-01-22,9.5,14.9,12.2
1986-01-25,9,,
1986-01-26,9.6,15.3,12.45
1986-01-27,8.7,16.6,12.65
1986-01-30,9.6,16.2,12.9
1986-01-31,10.4,16.3,13.35
1986-02-01,9.2,,
1986-02-02,8.5,13.9,11.2
1986-02-05,8.8,16.5,12.65
1986-02-06,9.2,16.1,12.65
1986-02-07,10,14.9,12.45
1986-02-08,9,17,13
1986-02-09,10,17.5,13.75
1986-02-10,19.7,,
1986-02-11,17.8,,
1986-02-13,17,,
1986-02-14,9.7,17,13.35
1986-02-18,8.6,14.7,11.65
1986-03-06,9.6,18.3,13.95
1986-03-08,11,17.5,14.25
1986-03-11,20.5,,
1986-03-12,14,22.2,18.1
1986-03-14,14.6,22.4,18.5
1986-03-15,15.6,23.8,19.7
1986-03-18,12,20.3,16.15
1986-03-19,14.4,21.5,17.95
1986-03-24,15.7,23.3,19.5
1986-03-25,15.8,22.9,19.35
1986-03-26,15,22,18.5
1986-03-27,15.4,23,19.2
1986-03-28,15.3,23.2,19.25
1986-03-29,16,,
1986-04-01,16,25.4,20.7
1986-04-02,17.3,25.4,21.35
1986-04-03,17.7,24.2,20.95
1986-04-04,13.5,20.7,17.1
1986-04-06,19.6,,
1986-04-07,13,20.4,16.7
1986-04-08,14,21.1,17.55
1986-04-10,14.6,19.7,17.15
1986-04-11,15,22,18.5
1986-04-13,16,,
1986-04-14,16,23.2,19.6
1986-04-15,16.4,21.6,19
1986-04-16,17.2,23.4,20.3
1986-04-17,18.3,26.3,22.3
1986-04-19,26.3,,
1986-04-20,17.1,24.6,20.85
1986-04-21,24.6,,
1986-04-27,12,,
1986-04-28,14.3,20.2,17.25
1986-04-30,13.4,20.7,17.05
1986-05-01,20.5,,
1986-05-02,15.8,20.1,17.95
1986-05-03,16.7,22.8,19.75
1986-05-04,14.3,22.2,18.25
1986-05-08,22.3,,
1986-05-09,17.5,23.4,20.45
1986-05-10,17.7,25.6,21.65
1986-05-11,23.6,,
1986-05-12,22.4,,
1986-05-13,15,22.4,18.7
1986-05-14,16,22.8,19.4
1986-05-16,21.4,,
1986-05-19,23.8,,
1986-05-20,16.2,24.1,20.15
1986-05-21,16,23.8,19.9
1986-05-22,24.3,,
1986-05-23,17.6,24.1,20.85
1986-05-24,24,,
1986-05-25,17.4,24.7,21.05
1986-05-26,25.2,,
1986-05-29,17.7,24,20.85
1986-05-30,17.8,25.1,21.45
1986-05-31,16,24.9,20.45
1986-06-01,17.6,24.7,21.15
1986-06-02,18.3,24,21.15
1986-06-04,25.7,,
1986-06-05,25.8,,
1986-06-06,19.6,24.2,21.9
1986-06-07,25.4,,
1986-06-09,19,,
1986-06-10,19.6,25.7,22.65
1986-06-12,19.5,24.4,21.95
1986-06-13,24.5,,
1986-06-14,18.9,25.5,22.2
1986-06-15,25,,
1986-06-16,23.7,,
1986-06-17,19.4,25.3,22.35
1986-06-18,19.5,24.3,21.9
1986-06-19,19.5,25.9,22.7
1986-06-20,19.5,25.7,22.6
1986-06-22,20.3,29.6,24.95
1986-06-24,20.7,25.6,23.15
1986-06-25,20,26.6,23.3
1986-06-27,24.9,,
1986-07-02,19.3,,
1986-07-05,22.7,,
1986-07-06,26.3,,
1986-07-07,24.4,,
1986-07-08,18.6,22.2,20.4
1986-07-09,18.8,25.4,22.1
1986-07-10,25.9,,
1986-07-13,20,,
1986-07-14,25.7,,
1986-07-16,22.7,,
1986-07-17,19.6,22.2,20.9
1986-07-19,19.6,24.8,22.2
1986-07-21,18.4,25.8,22.1
1986-07-23,19,24.4,21.7
1986-07-24,19.1,23.8,21.45
1986-07-25,18,22.8,20.4
1986-07-26,24.1,,
1986-07-29,18.5,,
1986-07-30,18.6,,
1986-08-01,18.4,22,20.2
1986-08-02,17.8,22,19.9
1986-08-04,24.8,,
1986-08-08,25.1,,
1986-08-09,20.6,26.5,23.55
1986-08-10,21,27.3,24.15
1986-08-11,22,26.4,24.2
1986-08-16,19.7,23.5,21.6
1986-08-17,18.7,29.1,23.9
1986-08-18,19.1,25,22.05
1986-08-20,18.2,26.6,22.4
1986-08-21,19,24.1,21.55
1986-08-29,19.2,24.7,21.95
1986-09-02,18.5,22.9,20.7
1986-09-03,24.1,,
1986-09-16,17.6,22.7,20.15
1986-09-17,17.6,22.6,20.1
1986-09-18,17.8,22.9,20.35
1986-09-27,20.4,,
1986-09-28,14.8,21,17.9
1986-09-29,16,21.5,18.75
1986-09-30,16,20.8,18.4
1986-10-02,15.7,,
1986-10-05,16.5,,
1986-10-06,16,19.1,17.55
1986-10-07,17.8,,
1986-10-10,15.4,20.1,17.75
1986-10-11,15.3,20.1,17.7
1986-10-12,14.8,20.9,17.85
1986-10-13,15,20,17.5
1986-10-23,14.6,21.3,17.95
1986-10-24,14,21.5,17.75
1986-10-25,21.9,,
1986-10-26,12.5,20.6,16.55
1986-10-27,19.3,,
1986-11-13,10.2,18.4,14.3
1986-11-22,12,18.1,15.05
1986-11-24,11,17.2,14.1
1986-11-26,11.6,17.3,14.45
1986-11-29,10.4,17.7,14.05
1986-11-30,11,18.4,14.7
1986-12-08,17,,
1986-12-10,9.5,17.3,13.4
1986-12-11,9.3,16.8,13.05
1986-12-12,8.8,15.2,12
1986-12-14,13.5,,
1986-12-15,7.2,,
1986-12-17,7.3,13.9,10.6
1986-12-19,7.3,15.4,11.35
1986-12-20,8.3,15.8,12.05
1986-12-26,8.3,16,12.15
1986-12-28,10.3,,
1986-12-31,6,,
1987-01-03,5,13.6,9.3
1987-01-04,6.6,15.6,11.1
1987-01-08,19.7,,
1987-02-09,8.6,16.9,12.75
1987-02-10,8.5,16.6,12.55
1987-02-12,10.5,14.4,12.45
1987-02-13,10.6,17.8,14.2
1987-02-17,17,,
1987-02-18,10.6,16.4,13.5
1987-02-19,10.4,17.9,14.15
1987-02-21,10.6,18.6,14.6
1987-02-24,19.8,,
1987-03-01,9.5,15.5,12.5
1987-03-02,9.2,,
1987-03-03,17.6,,
1987-03-04,17.8,,
1987-03-13,13.2,,
1987-03-16,11.6,15.9,13.75
1987-03-17,11.8,17,14.4
1987-03-18,11.6,17.9,14.75
1987-03-22,20.5,,
1987-03-23,13.8,20.2,17
1987-03-24,14,21,17.5
1987-03-26,16.5,22.3,19.4
1987-03-28,15.6,23,19.3
1987-03-29,17.4,23.2,20.3
1987-03-30,16.3,21.2,18.75
1987-03-31,22.3,,
1987-04-01,14.3,22.2,18.25
1987-04-06,18,23.4,20.7
1987-04-07,23.8,,
1987-04-08,23.6,,
1987-04-09,15.1,23.5,19.3
1987-04-16,17,24.3,20.65
1987-04-21,23.5,,
1987-04-27,10.5,17.1,13.8
1987-05-09,15.1,20.8,17.95
1987-05-10,16.7,22.4,19.55
1987-05-20,26.7,,
1987-05-21,25.8,,
1987-05-22,19.6,24.9,22.25
1987-06-03,18.5,24.2,21.35
1987-06-05,19.6,22.8,21.2
1987-06-06,19,23.8,21.4
1987-06-09,19.4,26,22.7
1987-06-12,19.3,25.3,22.3
1987-06-16,20,25.9,22.95
1987-06-18,20.5,25.5,23
1987-06-20,19.5,22,20.75
1987-07-08,19,25.1,22.05
1987-07-12,19.3,,
1987-07-13,25.4,,
1987-07-14,24.6,,
1987-07-16,19.5,,
1987-07-19,25,,
1987-07-21,19.8,25,22.4
1987-07-22,19.8,26.2,23
1987-07-24,19.5,21.6,20.55
1987-08-01,20.2,,
1987-08-08,18.4,33.5,25.95
1987-08-14,16.2,,
1987-08-16,23.6,,
1987-08-30,19,24.2,21.6
1987-09-02,18.8,,
1987-09-03,19.2,24.7,21.95
1987-09-05,24.8,,
1987-09-14,18.3,25.6,21.95
1987-09-15,18.5,23.4,20.95
1987-09-16,18.7,23.8,21.25
1987-09-20,17.9,23.2,20.55
1987-09-24,18.4,22.9,20.65
1987-10-01,21.2,,
1987-10-02,16.2,22.6,19.4
1987-10-09,16.1,21.8,18.95
1987-10-10,15.6,21.5,18.55
1987-10-12,20.7,,
1987-10-13,21.4,,
1987-10-15,16,,
1987-10-18,15.6,23.8,19.7
1987-10-20,14.7,,
1987-10-29,14.5,19.6,17.05
1987-10-31,14,19.5,16.75
1987-11-01,13.4,18.6,16
1987-11-04,13.5,20.3,16.9
1987-11-05,13.4,21,17.2
1987-11-06,14.6,21,17.8
1987-11-09,14.5,21.2,17.85
1987-11-10,13,19.2,16.1
1987-11-13,21.8,,
1987-11-14,12.5,20,16.25
1987-11-16,11.2,22.5,16.85
1987-11-18,12,19.3,15.65
1987-11-19,11.8,18.5,15.15
1987-11-29,11.3,18,14.65
1987-11-30,12,18.3,15.15
1987-12-02,18.3,,
1987-12-06,10.6,17.2,13.9
1987-12-18,9.4,16.7,13.05
1987-12-27,8.8,16.3,12.55
1987-12-28,9.4,14.9,12.15
1987-12-29,8.4,16.3,12.35
1988-01-02,9.3,15.7,12.5
1988-01-03,9.6,15.9,12.75
1988-01-04,8.8,15.3,12.05
1988-01-07,8.6,15.6,12.1
1988-01-08,18.4,,
1988-01-10,7.8,13.4,10.6
1988-01-11,8.8,,
1988-01-14,8.4,15.6,12
1988-01-16,7.9,13.5,10.7
1988-01-18,9.2,13.6,11.4
1988-01-19,7.8,14.3,11.05
1988-02-05,18.2,,
1988-02-06,11.4,,
1988-02-08,17.8,,
1988-02-12,12.2,17.2,14.7
1988-02-15,8.5,17.6,13.05
1988-02-17,9.5,16.2,12.85
1988-02-18,9.3,,
1988-02-19,10.9,,
1988-02-20,10.5,16.5,13.5
1988-03-08,12.8,19.5,16.15
1988-03-26,15.1,22.5,18.8
1988-03-31,15,,
1988-04-05,17.8,25.6,21.7
1988-04-06,19.8,26.7,23.25
1988-04-08,18.9,25.8,22.35
1988-04-10,19,26.6,22.8
1988-04-18,12.5,,
1988-04-19,21.4,,
1988-04-21,14.6,21.8,18.2
1988-04-25,16.7,23.6,20.15
1988-04-28,17.2,25.3,21.25
1988-04-29,17.2,23.4,20.3
1988-05-01,24.4,,
1988-05-22,17.2,,
1988-05-31,18.7,23.8,21.25
1988-06-03,17.8,25.8,21.8
1988-06-05,16.2,25.4,20.8
1988-06-07,20,25.8,22.9
1988-06-12,26.5,,
1988-06-18,17.9,24.6,21.25
1988-06-22,18.7,24.5,21.6
1988-06-23,25.3,,
1988-06-30,25.2,,
1988-08-02,28,,
1988-08-17,18.6,25.9,22.25
1988-08-24,18.7,22.4,20.55
1988-08-25,21.3,,
1988-10-02,17.2,24,20.6
1988-10-03,17,,
1988-10-13,17.5,24.1,20.8
1988-10-24,14.4,21.7,18.05
1988-10-30,14.3,21.9,18.1
1988-10-31,13,20.5,16.75
1988-11-01,13.4,20.8,17.1
1988-11-14,21,,
1988-11-22,20.4,,
1988-11-24,11.5,20.6,16.05
1988-11-28,10.6,,
1988-11-29,19.2,,
1988-12-09,10.2,,
1988-12-11,10.8,,
1988-12-20,16.8,,
1988-12-22,9.1,17.3,13.2
1988-12-27,5.8,16.3,11.05
1988-12-29,15.8,,
1989-01-02,17.8,,
1989-01-04,6.2,15.4,10.8
1989-01-14,5.7,13.4,9.55
1989-01-17,5.9,,
1989-01-21,6,13.9,9.95
1989-02-02,9,,
1989-02-05,10,16.8,13.4
1989-02-07,10.2,17.8,14
1989-02-17,14.9,,
1989-02-18,8.2,,
1989-03-04,11.2,18.5,14.85
1989-03-13,10.2,17,13.6
1989-04-04,14.8,22,18.4
1989-04-10,17.4,24.8,21.1
1989-04-14,17,24.4,20.7
1989-04-20,28.2,,
1989-04-23,20.3,27.7,24
1989-05-01,15.8,,
1989-05-02,16,,
1989-05-07,21.4,29.2,25.3
1989-05-08,21.8,,
1989-05-09,20.2,27.3,23.75
1989-05-10,19.1,28.3,23.7
1989-05-11,28.3,,
1989-05-16,17.1,24.8,20.95
1989-05-21,26.3,,
1989-05-22,18.4,,
1989-05-23,18.4,23.5,20.95
1989-05-24,19.6,27,23.3
1989-05-27,20.5,,
1989-05-28,16.1,,
1989-06-01,17.7,24.2,20.95
1989-06-05,17.5,24.3,20.9
1989-06-25,24.8,,
1989-06-26,18.5,24.7,21.6
1989-06-28,19,23.5,21.25
1989-07-01,19,,
1989-07-11,22.4,,
1989-07-14,17.5,21.4,19.45
1989-07-17,18.3,22.1,20.2
1989-08-04,19.2,24.8,22
1989-08-23,25.4,,
1989-09-04,21,,
1989-09-08,18.3,24,21.15
1989-09-11,18.5,24.3,21.4
1989-09-13,18.6,24.8,21.7
1989-09-14,20.5,,
1989-09-15,18.8,24.1,21.45
1989-09-16,18,23.8,20.9
1989-09-22,23,,
1989-09-23,18.4,22.2,20.3
1989-09-28,17.3,18.6,17.95
1989-10-07,17.8,22.7,20.25
1989-10-08,17,22.6,19.8
1989-10-10,15.9,22.9,19.4
1989-10-13,23.5,,
1989-10-17,17.1,22.9,20
1989-10-18,15.5,21.5,18.5
1989-11-02,20.1,,
1989-11-03,11.3,18.3,14.8
1989-11-05,12.3,17.5,14.9
1989-11-12,12.2,,
1989-11-28,10.7,18.4,14.55
1989-11-29,9,,
1989-12-01,9.9,,
1989-12-03,10.9,19.1,15
1989-12-05,9.2,16.5,12.85
1989-12-17,9.1,16.5,12.8
1989-12-19,8.1,14.6,11.35
1989-12-20,7.8,15,11.4
1989-12-22,8.2,15.1,11.65
1989-12-24,8.5,13.4,10.95
1989-12-25,7.4,15.8,11.6
1990-01-01,14.1,,
1990-01-05,7.6,15.4,11.5
1990-01-08,8,,
1990-01-10,7.1,,
1990-01-12,8.8,16.9,12.85
1990-01-13,10.1,,
1990-01-15,16.3,,
1990-01-28,17.6,,
1990-01-31,17.4,,
1990-02-09,10.3,,
1990-02-18,8.4,15,11.7
1990-02-20,18,,
1990-03-02,10,17.1,13.55
1990-03-04,16,,
1990-03-05,16.3,,
1990-03-06,9.5,17.1,13.3
1990-03-07,9,17,13
1990-03-08,8.5,16.4,12.45
1990-03-09,9.3,17.9,13.6
1990-03-16,12.3,21.5,16.9
1990-03-17,21.6,,
1990-03-21,11.5,21.6,16.55
1990-03-22,21.6,,
1990-03-29,10.4,,
1990-03-30,10.6,,
1990-05-04,21.1,,
1990-05-07,16.2,24.6,20.4
1990-05-13,24.6,,
1990-06-01,19.7,,
1990-06-13,19,25.6,22.3
1990-06-15,19.3,25.9,22.6
1990-06-23,19.3,,
1990-07-03,20.2,26.1,23.15
1990-07-04,19,24.6,21.8
1990-07-05,19.2,24.4,21.8
1990-07-08,19.3,23.9,21.6
1990-07-13,19.2,24.4,21.8
1990-07-14,19,,
1990-07-16,19,24.2,21.6
1990-07-17,19.1,23.8,21.45
1990-07-18,19.2,23.4,21.3
1990-07-24,19.8,25.9,22.85
1990-08-31,20.5,,
1990-09-03,19.4,,
1990-09-05,26.3,,
1990-09-25,16.7,19.3,18
1990-09-29,23.1,,
1990-10-01,16.5,23.4,19.95
1990-10-02,17,23.1,20.05
1990-10-03,17,23.5,20.25
1990-10-19,15.5,22.5,19
1990-10-24,13.8,,
1990-10-30,13.6,21.3,17.45
1990-10-31,13.9,21.4,17.65
1990-11-05,13,21.6,17.3
1990-11-06,21.1,,
1990-11-12,14.2,22.7,18.45
1990-11-13,24.4,,
1990-11-18,22.2,,
1990-11-19,11.4,21.4,16.4
1990-11-27,11.2,18.9,15.05
1990-12-21,19.4,,
1990-12-28,9.1,15.2,12.15
1991-01-01,7.3,11.4,9.35
1991-01-02,11,,
1991-01-15,5,14.1,9.55
1991-01-21,4,10.1,7.05
1991-01-23,4.5,,
1991-01-27,8.7,18.4,13.55
1991-01-28,9.8,19.8,14.8
1991-02-01,8.6,17.5,13.05
1991-02-02,16.6,,
1991-02-03,16.4,,
1991-02-04,7.4,15.3,11.35
1991-02-06,6.8,,
1991-02-09,9.2,,
1991-02-10,9.8,17,13.4
1991-02-11,10.8,16.1,13.45
1991-02-15,8.9,18,13.45
1991-02-17,17.8,,
1991-02-18,10,18.2,14.1
1991-02-20,11.6,18.7,15.15
1991-03-04,11,,
1991-03-17,23.9,,
1991-03-20,25,,
1991-04-25,25,,
1991-07-12,18.4,25.5,21.95
1991-07-22,19.5,27.1,23.3
1991-07-25,20,26.8,23.4
1991-08-01,19.4,,
1991-08-05,19.2,,
1991-08-06,26.3,,
1991-08-12,19.6,,
1991-08-13,20.2,25.5,22.85
1991-08-16,19,25.2,22.1
1991-08-17,19,,
1991-08-19,19,26.7,22.85
1991-08-24,26.5,,
1991-08-27,25.3,,
1991-08-30,18.7,26.7,22.7
1991-08-31,19.2,24.6,21.9
1991-09-02,18.6,24.3,21.45
1991-09-10,17.5,19.2,18.35
1991-09-17,25.2,,
1991-09-18,18,24.2,21.1
1991-09-21,18,24.4,21.2
1991-09-22,18.3,25.2,21.75
1991-09-25,17.8,25.3,21.55
1991-09-26,17,23.7,20.35
1991-09-27,17.5,23.3,20.4
1991-09-29,18.3,,
1991-10-03,18.5,,
1991-10-04,18.5,24.5,21.5
1991-10-05,23.8,,
1991-10-06,17.4,22.9,20.15
1991-10-13,16,24.7,20.35
1991-10-19,16.6,22.3,19.45
1991-10-20,22.2,,
1991-10-23,15.4,23.7,19.55
1991-11-05,12,19.8,15.9
1991-11-07,12.6,,
1991-11-11,12.3,22.5,17.4
1991-11-17,11.6,21.5,16.55
1991-11-19,11,20,15.5
1991-11-23,10.5,,
1991-12-02,7.2,14.7,10.95
1991-12-05,9.2,16.9,13.05
1991-12-07,20.1,,
1991-12-12,18.5,,
1991-12-17,10.6,20.3,15.45
1991-12-18,11,20.8,15.9
1991-12-20,9.5,18.2,13.85
1991-12-22,9.1,,
1991-12-23,8.2,,
1991-12-24,7.8,13.1,10.45
1991-12-25,7.8,12.7,10.25
1991-12-27,5.2,,
1991-12-29,4.4,13.1,8.75
1991-12-30,2.9,10.9,6.9
1991-12-31,3,,
1992-01-02,3.8,12.7,8.25
1992-01-12,6.5,,
1992-01-13,13.8,,
1992-01-14,7.2,,
1992-01-15,7.4,12.7,10.05
1992-01-16,7.6,15,11.3
1992-01-17,6.8,,
1992-01-24,7.5,,
1992-01-26,9,16.9,12.95
1992-01-27,9.6,18,13.8
1992-02-02,7,11.5,9.25
1992-02-05,14.2,,
1992-02-06,6.6,,
1992-02-07,10,,
1992-02-21,7.9,16.5,12.2
1992-02-28,8.6,,
1992-03-01,16.8,,
1992-03-03,10.6,18.7,14.65
1992-03-13,12.4,21.8,17.1
1992-03-16,21.3,,
1992-03-18,12.4,20.9,16.65
1992-03-19,13,21.6,17.3
1992-03-20,14.4,22.5,18.45
1992-03-27,16.3,23.2,19.75
1992-03-28,15.1,25.1,20.1
1992-03-31,25.2,,
1992-04-03,14.8,23.8,19.3
1992-04-04,16,,
1992-04-14,21.3,,
1992-05-27,15.8,24.2,20
1992-06-01,18.8,,
1992-06-04,20,27.6,23.8
1992-06-23,23.2,,
1992-06-25,18.6,,
1992-06-26,18.4,26,22.2
1992-07-03,18.8,25.2,22
1992-07-09,17.5,,
1992-07-21,26.1,,
1992-08-01,19.2,26.1,22.65
1992-08-05,18.6,,
1992-08-06,18.6,24.7,21.65
1992-08-07,18.7,,
1992-08-11,25.7,,
1992-08-12,20.5,26.5,23.5
1992-08-13,20.3,27.7,24
1992-08-14,26.6,,
1992-08-18,19.5,27.8,23.65
1992-08-28,19.5,24.8,22.15
1992-09-02,21.4,27.6,24.5
1992-09-08,19.2,26.1,22.65
1992-09-11,25.5,,
1992-09-15,17.5,23.3,20.4
1992-09-16,18,24.7,21.35
1992-09-17,17.6,22.7,20.15
1992-09-20,17.6,25.3,21.45
1992-10-05,16,25,20.5
1992-10-09,17.5,,
1992-10-18,15.5,23,19.25
1992-10-20,15.4,,
1992-11-06,20.7,,
1992-11-08,11.9,20.6,16.25
1992-11-12,12.6,20.8,16.7
1992-11-20,12,,
1992-11-22,12.4,20.4,16.4
1992-11-24,9.9,,
1992-11-25,9.9,17.8,13.85
1992-11-26,10.1,,
1992-11-27,9.5,18.4,13.95
1992-11-30,10.5,,
1992-12-01,9.9,19.6,14.75
1992-12-02,18,,
1992-12-07,8.3,17.3,12.8
1992-12-09,18,,
1992-12-10,16.5,,
1992-12-12,9.8,,
1992-12-14,8.5,,
1992-12-15,8,,
1992-12-17,8.1,17.3,12.7
1992-12-26,7.7,15.7,11.7
1992-12-28,14.6,,
1992-12-29,7.2,15.3,11.25
1993-01-13,12.7,,
1993-02-02,7.5,,
1993-02-07,11.6,,
1993-02-11,18.7,,
1993-02-20,19.7,,
1993-03-03,11.2,20.8,16
1993-03-05,11,,
1993-03-06,20,,
1993-03-08,11.5,21.8,16.65
1993-03-09,23.2,,
1993-03-11,24.2,,
1993-03-19,20.6,,
1993-03-20,11.2,20,15.6
1993-03-21,17.7,,
1993-03-23,12,20.5,16.25
1993-03-24,21.3,,
1993-03-25,12,21.7,16.85
1993-03-28,10.1,19.1,14.6
1993-03-29,20.1,,
1993-04-02,15.6,,
1993-04-04,15,24.5,19.75
1993-04-05,15.1,25.7,20.4
1993-04-09,14.7,,
1993-04-12,13,20.6,16.8
1993-04-15,21.6,,
1993-04-16,23.1,,
1993-04-21,11.2,,
1993-04-23,14.4,24.7,19.55
1993-04-25,10,24,17
1993-04-26,23,,
1993-04-27,15.4,24.3,19.85
1993-04-28,25.4,,
1993-04-29,14.1,,
1993-04-30,14.4,,
1993-05-02,17.1,25.7,21.4
1993-05-04,24.7,,
1993-05-06,24.9,,
1993-05-08,16.7,24.6,20.65
1993-05-10,14.8,23.8,19.3
1993-05-11,15.8,23.4,19.6
1993-05-12,14.8,,
1993-05-14,15.2,,
1993-05-17,24.6,,
1993-05-19,15.5,23.1,19.3
1993-05-22,16.3,26.5,21.4
1993-05-27,26.7,,
1993-05-28,15.2,24.8,20
1993-05-31,17.4,25,21.2
1993-06-01,17.5,26.6,22.05
1993-06-03,17.5,25.3,21.4
1993-06-08,18.5,25.2,21.85
1993-06-09,18.2,25.6,21.9
1993-06-11,18,25.3,21.65
1993-06-16,19.6,27.2,23.4
1993-06-26,26,,
1993-07-05,25.6,,
1993-07-06,20,26.1,23.05
1993-07-10,19.2,,
1993-07-11,20.1,26.9,23.5
1993-07-12,20.2,,
1993-07-13,27.1,,
1993-07-16,19.4,,
1993-07-19,19.5,22.3,20.9
1993-07-21,19.3,,
1993-07-22,17.7,24.4,21.05
1993-07-23,19,26.5,22.75
1993-07-25,19.9,26.1,23
1993-08-08,19.5,21.4,20.45
1993-08-09,21.8,,
1993-08-10,24.6,,
1993-08-11,20,27,23.5
1993-08-12,19,25.8,22.4
1993-08-14,20.3,25.7,23
1993-08-15,26.4,,
1993-08-17,19.5,26.4,22.95
1993-08-22,19.5,23.4,21.45
1993-08-23,25.7,,
1993-08-24,25.2,,
1993-08-25,19.3,25.4,22.35
1993-08-26,19.4,25.9,22.65
1993-08-27,18.8,24.7,21.75
1993-08-30,18.5,25.9,22.2
1993-08-31,19,25.6,22.3
1993-09-02,17.8,23.5,20.65
1993-09-06,18,26.3,22.15
1993-09-07,23.1,,
1993-09-12,19,25.1,22.05
1993-09-14,23.5,,
1993-09-16,25.4,,
1993-09-17,24.9,,
1993-09-21,26.2,,
1993-09-23,25.3,,
1993-10-01,23.7,,
1993-10-03,24.2,,
1993-10-07,24.9,,
1993-10-10,23.9,,
1993-11-04,22.3,,
1993-11-05,20.2,,
1993-11-10,20.2,,
1993-11-21,19.5,,
1993-11-23,22.1,,
1993-12-06,21.6,,
1993-12-10,10.9,20.2,15.55
1993-12-12,18.2,,
1993-12-15,16.2,,
1993-12-20,17.8,,
1993-12-27,21.2,,
1993-12-28,21.4,,
1993-12-31,18,,
1994-01-05,8.4,19.7,14.05
1994-01-07,19.2,,
1994-01-12,20.9,,
1994-01-13,10.5,21,15.75
1994-01-19,5,17.2,11.1
1994-01-23,18.5,,
1994-01-27,20.2,,
1994-01-30,19.8,,
1994-01-31,8.6,18.4,13.5
1994-02-04,8.9,17.3,13.1
1994-02-06,8.4,18.9,13.65
1994-02-07,8.2,19.3,13.75
1994-02-08,19.6,,
1994-02-10,16.3,,
1994-02-11,7.2,15.9,11.55
1994-02-13,16,,
1994-02-15,17.2,,
1994-02-19,8.5,,
1994-02-20,18.1,,
1994-02-23,18.2,,
1994-02-25,17.5,,
1994-02-27,18.1,,
1994-02-28,19,,
1994-03-04,11.7,20.9,16.3
1994-03-06,21.2,,
1994-03-08,11.6,21.7,16.65
1994-03-09,10.8,22.3,16.55
1994-03-11,22.2,,
1994-03-13,20.7,,
1994-03-14,23.1,,
1994-03-15,22.6,,
1994-03-20,17.4,,
1994-03-21,27.2,,
1994-03-22,16.3,27.1,21.7
1994-03-24,14,24.2,19.1
1994-03-25,24.7,,
1994-03-29,14.1,20.2,17.15
1994-03-31,22.9,,
1994-04-06,24.6,,
1994-04-07,16.8,25.5,21.15
1994-04-15,28.9,,
1994-04-16,28.4,,
1994-04-17,15,26.9,20.95
1994-04-18,25.3,,
1994-04-19,27.2,,
1994-04-20,25.1,,
1994-04-29,28.7,,
1994-05-01,28.8,,
1994-05-02,28.5,,
1994-05-04,30.3,,
1994-05-05,30.6,,
1994-05-07,28.7,,
1994-05-24,19.2,27.5,23.35
1994-06-01,20.1,26.7,23.4
1994-06-04,29.4,,
1994-06-07,28.8,,
1994-07-10,21.8,27.9,24.85
1994-07-11,22.1,28.2,25.15
1994-07-13,22.3,29.4,25.85
1994-08-01,28.7,,
1994-08-02,30.5,,
1994-08-04,21.6,27.9,24.75
1994-08-11,27.9,,
1994-08-13,25.5,,
1994-08-14,23.8,,
1994-08-20,20.5,27.5,24
1994-08-22,27.2,,
1994-08-23,25.4,,
1994-08-27,28.2,,
1994-09-11,27.8,,
1994-09-12,27.1,,
1994-09-14,18.5,27.9,23.2
1994-09-15,28.4,,
1994-09-18,27.5,,
1994-09-20,25.2,,
1994-09-23,28.1,,
1994-10-10,24.8,,
1994-11-17,23.7,,
1994-11-18,9.5,23.2,16.35
1994-11-25,20.8,,
1994-11-27,21.7,,
1994-12-02,20.4,,
1994-12-03,8.8,20.5,14.65
1994-12-04,21.2,,
1994-12-05,8.8,21.8,15.3
1994-12-07,21.6,,
1994-12-15,7.3,19.6,13.45
1994-12-19,7.2,,
1994-12-22,6.6,21.3,13.95
1994-12-23,7.1,20.7,13.9
1994-12-25,7,19.5,13.25
1994-12-26,19.6,,
1994-12-28,8.4,18.4,13.4
1994-12-29,7,,
1995-01-01,4.1,17.1,10.6
1995-01-02,3.8,,
1995-01-04,4.5,,
1995-01-05,18.1,,
1995-01-07,19.4,,
1995-01-12,8.9,19.4,14.15
1995-02-27,8.5,18.7,13.6
1995-03-01,9.5,,
1995-03-03,21.6,,
1995-03-04,20.8,,
1995-03-12,21.3,,
1995-03-16,22.2,,
1995-03-19,14,25.2,19.6
1995-03-20,24.7,,
1995-03-22,26.2,,
1995-03-26,15,28.5,21.75
1995-03-30,23.5,,
1995-04-02,26,,
1995-04-03,26.3,,
1995-04-05,13.2,,
1995-04-06,26,,
1995-04-07,26.3,,
1995-04-16,26.9,,
1995-04-22,28.3,,
1995-04-26,19.2,29.3,24.25
1995-05-03,29.7,,
1995-05-04,30,,
1995-05-11,18.4,28.8,23.6
1995-05-12,29.4,,
1995-05-14,28,,
1995-05-20,28.5,,
1995-05-21,20.2,27,23.6
1995-05-29,29.8,,
1995-05-30,21.7,30.2,25.95
1995-06-03,27.4,,
1995-06-04,27.6,,
1995-06-08,28.4,,
1995-06-12,27.9,,
1995-06-13,26.4,,
1995-06-14,28.2,,
1995-06-22,20.1,,
1995-06-23,19.7,26.8,23.25
1995-07-07,24.6,,
1995-07-16,26.9,,
1995-07-21,27.6,,
1995-07-23,27.5,,
1995-07-28,27.6,,
1995-08-16,28.3,,
1995-08-24,29.3,,
1995-08-31,28.7,,
1995-09-03,21.5,28,24.75
1995-09-08,27.8,,
1995-09-19,26.5,,
1995-09-21,25.2,,
1995-09-27,24,,
1995-09-28,22.2,,
1995-09-29,16.9,23,19.95
1995-10-08,26.3,,
1995-10-11,26,,
1995-10-12,13.2,25.1,19.15
1995-10-16,27.6,,
1995-10-22,19.5,,
1995-10-23,25.2,,
1995-10-27,13.7,25.4,19.55
1995-10-28,13.5,26.3,19.9
1995-10-29,26.5,,
1995-11-03,12.1,24,18.05
1995-11-05,25.4,,
1995-11-06,26.5,,
1995-11-07,33.5,,
1995-11-08,27.8,,
1995-11-09,15.3,22.2,18.75
1995-11-10,15.5,,
1995-11-12,15,,
1995-11-13,13.9,24.4,19.15
1995-11-14,12.8,24,18.4
1995-11-17,24,,
1995-11-19,12.7,22.4,17.55
1995-11-20,11.3,21.5,16.4
1995-11-21,20.9,,
1995-11-22,22,,
1995-11-23,10,22,16
1995-11-28,10.2,19.5,14.85
1995-11-29,9.1,19.8,14.45
1995-11-30,9.2,20,14.6
1995-12-02,18.8,,
1995-12-03,8.5,,
1995-12-05,8.4,18.1,13.25
1995-12-08,9.5,20.2,14.85
1995-12-10,9.2,19,14.1
1995-12-12,18.3,,
1995-12-13,9.6,18.7,14.15
1995-12-21,9.1,17.6,13.35
1995-12-26,16.1,,
1995-12-28,7.3,18.8,13.05
1995-12-30,6.8,19.7,13.25
1996-01-01,18.7,,
1996-01-05,17.6,,
1996-01-09,19.5,,
1996-01-10,7.3,18.7,13
1996-01-15,7,13.8,10.4
1996-01-17,14.5,,
1996-01-18,14.9,,
1996-02-06,18.8,,
1996-02-08,7.8,19.7,13.75
1996-02-15,10.2,20.6,15.4
1996-03-02,23.8,,
1996-03-11,21,,
1996-03-12,19.4,,
1996-03-27,11.3,22.8,17.05
1996-03-31,13.8,27.2,20.5
1996-04-14,16.5,29,22.75
1996-04-19,28.8,,
1996-04-21,28.6,,
1996-04-22,29.4,,
1996-04-27,14.5,25,19.75
1996-04-28,25.7,,
1996-05-01,17.5,26.3,21.9
1996-05-05,26.5,,
1996-05-07,18.8,28.4,23.6
1996-05-12,23.5,,
1996-05-14,26.1,,
1996-05-15,26.2,,
1996-05-16,17.8,26.1,21.95
1996-05-21,16.9,28.2,22.55
1996-05-23,27.8,,
1996-05-25,21.2,29.5,25.35
1996-05-27,19,27.7,23.35
1996-06-03,18.3,25.8,22.05
1996-06-06,23.6,,
1996-06-10,27.4,,
1996-06-12,27.6,,
1996-06-23,28.2,,
1996-06-29,20.6,28.2,24.4
1996-06-30,20.3,26.4,23.35
1996-07-01,26.8,,
1996-07-02,25.1,,
1996-07-03,21.3,,
1996-07-04,26.3,,
1996-07-09,26,,
1996-07-11,20.6,24,22.3
1996-07-15,19.3,,
1996-07-24,29.5,,
1996-07-25,21.2,30.1,25.65
1996-07-29,20.3,27.2,23.75
1996-08-02,28.6,,
1996-08-08,20.6,27.8,24.2
1996-08-09,21.5,27.5,24.5
1996-08-10,20.7,27.6,24.15
1996-08-24,28.2,,
1996-08-25,28.4,,
1996-08-27,28.4,,
1996-08-28,20.2,27.2,23.7
1996-08-31,20,23.3,21.65
1996-09-03,25.4,,
1996-09-05,27.1,,
1996-09-09,19.3,26.9,23.1
1996-09-10,27,,
1996-09-11,27.1,,
1996-09-12,27.2,,
1996-09-13,20.5,29,24.75
1996-09-18,18.9,27.3,23.1
1996-09-27,19.7,28,23.85
1996-09-29,26.3,,
1996-10-08,17.2,24.2,20.7
1996-10-16,24.4,,
1996-10-17,14.1,24.7,19.4
1996-10-24,25.5,,
1996-11-01,15.5,24.4,19.95
1996-11-08,12.7,24.6,18.65
1996-12-02,8.6,21.8,15.2
1997-02-12,8.2,14.9,11.55
1997-02-23,18.3,,
1997-03-19,22.2,,
1997-03-20,13.8,24.2,19
1997-03-25,23.3,,
1997-03-26,23.1,,
1997-03-27,12.2,,
1997-03-30,18,,
1997-09-16,27.1,,
1998-03-22,22,,
1998-05-29,26.7,,
1998-06-01,22.2,28,25.1
1998-06-03,28.7,,
1998-06-04,27.5,,
1998-06-08,29.6,,
1998-06-10,21.7,29,25.35
1998-06-12,22.5,28.7,25.6
1998-06-17,28,,
1998-06-18,21.8,26.8,24.3
1998-06-19,28.5,,
1998-06-20,20.7,27.2,23.95
1998-06-21,27.4,,
1998-06-25,21.5,28.5,25
1998-06-30,27.3,,
1998-07-07,21.8,23.5,22.65
1998-07-08,28,,
1998-07-09,27.8,,
1998-07-14,26.6,,
1998-07-15,20.8,26.1,23.45
1998-07-18,21.3,,
1998-07-19,25.8,,
1998-07-20,24.2,,
1998-07-21,25.2,,
1998-07-22,21.6,24.1,22.85
1998-07-23,21,22.8,21.9
1998-07-24,26.4,,
1998-07-28,20.6,28.6,24.6
1998-07-29,21.3,29.3,25.3
1998-07-30,21.1,27.6,24.35
1998-07-31,27.7,,
1998-08-02,25.8,,
1998-08-07,29.5,,
1998-08-09,26.5,,
1998-08-11,27.7,,
1998-08-12,26.6,,
1998-08-13,29.2,,
1998-08-17,20.9,23.8,22.35
1998-08-19,20.3,26.6,23.45
1998-08-21,25.8,,
1998-08-22,20.9,28.1,24.5
1998-08-24,27,,
1998-08-27,27,,
1998-08-28,20.6,26.8,23.7
1998-08-29,21.2,26.8,24
1998-08-30,26,,
1998-09-01,27.4,,
1998-09-02,22.7,,
1998-09-07,29.4,,
1998-09-08,28.4,,
1998-09-14,18.8,27.7,23.25
1998-09-15,27,,
1998-09-17,21,28,24.5
1998-09-23,26.9,,
1998-09-24,19.3,27.2,23.25
1998-09-29,19,27.5,23.25
1998-10-02,25.8,,
1998-10-05,27.6,,
1998-10-06,17.5,27.5,22.5
1998-10-08,18.9,,
1998-10-09,19.4,27.6,23.5
1998-10-10,20,27.2,23.6
1998-10-11,18.4,,
1998-10-12,19.5,26.8,23.15
1998-10-25,15.3,26.2,20.75
1998-10-28,15,25.1,20.05
1998-11-08,23.2,,
1998-11-10,20.6,,
1998-11-13,11.5,24.2,17.85
1998-11-16,23.8,,
1998-11-17,20.3,,
1998-11-19,24.4,,
1998-11-20,14.8,,
1998-11-26,12.2,22.9,17.55
1998-12-03,10.6,22.6,16.6
1998-12-04,11,21.7,16.35
1998-12-05,10.4,21.4,15.9
1998-12-16,7.8,,
1998-12-22,6.8,19.4,13.1
1998-12-23,20.3,,
1999-01-09,18.5,,
1999-01-20,20.4,,
1999-02-06,10,21.8,15.9
1999-02-08,23.5,,
1999-02-09,24.3,,
1999-02-10,13.3,24.2,18.75
1999-02-14,12.1,24.2,18.15
1999-02-15,12.8,23.7,18.25
1999-02-16,24.5,,
1999-02-17,12.2,23.8,18
1999-02-19,12.2,22.4,17.3
1999-02-26,25.1,,
1999-02-28,23.8,,
1999-03-01,23.8,,
1999-03-02,10.1,23.4,16.75
1999-03-10,28.6,,
1999-03-11,27.1,,
1999-03-13,26.7,,
1999-03-16,23.5,,
1999-03-17,12.7,23.7,18.2
1999-03-27,11.4,23.3,17.35
1999-04-05,17.6,29.3,23.45
1999-04-23,28.4,,
1999-05-07,18.8,27.4,23.1
1999-05-08,28,,
1999-05-11,16.3,25.4,20.85
1999-05-18,19,26.2,22.6
1999-05-22,19.7,25.4,22.55
1999-05-25,20,25.6,22.8
1999-05-26,20.9,,
1999-05-30,20,26,23
1999-05-31,20.2,,
1999-06-03,17.8,27.9,22.85
1999-06-04,18.8,27.2,23
1999-06-06,20,28.7,24.35
1999-06-08,29.7,,
1999-06-11,25.8,,
1999-06-15,20.2,28,24.1
1999-06-16,27.7,,
1999-06-18,21.4,27.5,24.45
1999-06-19,27.7,,
1999-06-30,26.7,,
1999-07-02,19.5,21.7,20.6
1999-07-08,21.4,26.8,24.1
1999-07-09,24.3,,
1999-07-10,20.5,,
1999-07-11,20.7,25.8,23.25
1999-07-12,19.8,26.5,23.15
1999-07-14,20,28,24
1999-07-15,22.1,27.7,24.9
1999-07-16,20.9,,
1999-07-19,20.4,27.3,23.85
1999-07-20,20.3,28.2,24.25
1999-07-21,19.4,,
1999-07-23,20.3,26.2,23.25
1999-07-24,20.4,27.9,24.15
1999-07-25,20.9,28,24.45
1999-07-26,21.4,29,25.2
1999-07-27,21.8,28.4,25.1
1999-07-28,21.4,,
1999-07-30,20.5,28.8,24.65
1999-08-01,20.6,28.9,24.75
1999-08-02,20.6,28.4,24.5
1999-08-03,19.1,28.2,23.65
1999-08-05,20.9,28,24.45
1999-08-06,20.8,29.1,24.95
1999-08-08,21,29.3,25.15
1999-08-10,20.5,27,23.75
1999-08-11,19.7,27.1,23.4
1999-08-12,20.3,26.3,23.3
1999-08-13,20.2,24.8,22.5
1999-08-15,28,,
1999-08-16,26.9,,
1999-08-18,20.4,25.4,22.9
1999-08-19,20.2,27.2,23.7
1999-08-20,20.1,26.7,23.4
1999-08-21,20.4,27.3,23.85
1999-08-22,20,27.2,23.6
1999-08-23,20.5,25.6,23.05
1999-08-24,20.4,,
1999-08-25,25.7,,
1999-08-27,18.7,24.8,21.75
1999-08-28,19.6,26.6,23.1
1999-08-30,20.3,27.4,23.85
1999-08-31,19.8,27.3,23.55
1999-09-03,20.3,,
1999-09-04,19.7,28.9,24.3
1999-09-06,19.8,25.5,22.65
1999-09-07,20,26.4,23.2
1999-09-08,19.4,,
1999-09-10,19.7,27.3,23.5
1999-09-11,19.7,27.5,23.6
1999-09-12,19.2,28,23.6
1999-09-14,16.8,28.2,22.5
1999-09-15,18.7,27.7,23.2
1999-09-16,27.2,,
1999-09-17,20,27.6,23.8
1999-09-19,20.2,27.7,23.95
1999-09-20,26.8,,
1999-09-21,18.7,27.7,23.2
1999-09-22,18.7,27.5,23.1
1999-09-23,18.7,27.6,23.15
1999-09-24,19.5,27.2,23.35
1999-09-26,16.7,24,20.35
1999-09-27,17.9,27.7,22.8
1999-09-28,19.2,27.7,23.45
1999-09-29,19.7,27.2,23.45
1999-10-03,18.3,27.4,22.85
1999-10-05,17.7,26.3,22
1999-10-08,18.1,26.9,22.5
1999-10-09,14.8,25.8,20.3
1999-10-15,15.9,,
1999-10-18,16.4,21.4,18.9
1999-10-19,17.6,,
1999-10-20,15.7,25.4,20.55
1999-10-21,14.7,25,19.85
1999-10-28,14.6,28.3,21.45
1999-10-30,25.2,,
1999-10-31,15.7,25.2,20.45
1999-11-03,15.3,25.3,20.3
1999-11-04,15.4,23.5,19.45
1999-11-05,14,23.5,18.75
1999-11-06,13.8,24.7,19.25
1999-11-11,11.4,23.3,17.35
1999-11-14,11.3,23.2,17.25
1999-11-15,11.8,22.4,17.1
1999-11-16,11.6,22.4,17
1999-11-17,11.7,21.8,16.75
1999-11-18,12,,
1999-11-19,10,20.4,15.2
1999-11-27,10.7,20.5,15.6
1999-11-28,10.4,,
1999-11-29,22,,
1999-12-01,11,22,16.5
1999-12-03,10.7,22.7,16.7
1999-12-04,9.8,21.6,15.7
1999-12-06,8.5,21.6,15.05
1999-12-08,21.8,,
1999-12-09,9.3,21.8,15.55
1999-12-10,8,21.9,14.95
1999-12-11,10.2,21.3,15.75
1999-12-12,9.3,21.5,15.4
1999-12-14,20.4,,
1999-12-15,20,,
1999-12-16,7.8,20,13.9
1999-12-17,8.5,21.6,15.05
1999-12-20,7.4,,
1999-12-22,7.7,,
1999-12-27,7,,
1999-12-28,7.3,18.7,13
1999-12-29,6.7,,
1999-12-30,8.3,17.4,12.85
1999-12-31,6.3,20.6,13.45
2000-01-18,6,,
2000-01-19,19.2,,
2000-01-20,7.6,17.9,12.75
2000-01-21,7,16.4,11.7
2000-01-22,6.8,16.5,11.65
2000-01-24,7.4,17.7,12.55
2000-01-27,6.6,18.8,12.7
2000-01-31,8,,
2000-02-01,6.5,16.9,11.7
2000-03-15,20.5,,
2000-03-16,10.4,20.9,15.65
2000-10-04,18.3,27.4,22.85
2000-10-10,16.8,,
2000-10-20,15.5,26.4,20.95
2000-10-23,15.3,25.9,20.6
2000-10-24,15.9,25.6,20.75
2000-10-25,15.8,25.2,20.5
2000-10-28,14.5,23.8,19.15
2000-10-31,12.4,25.4,18.9
2000-11-02,13.8,,
2000-11-03,12.3,25.2,18.75
2000-11-04,12.4,25.7,19.05
2000-11-05,13.3,24.2,18.75
2000-11-12,14.3,22.2,18.25
2000-11-14,12.8,22,17.4
2000-11-15,13.3,22.2,17.75
2000-11-18,11,23.4,17.2
2000-11-19,13.8,23.4,18.6
2000-11-20,13.3,21.8,17.55
2000-11-22,21.9,,
2000-11-23,10.6,21.8,16.2
2000-11-24,11.5,21.7,16.6
2000-11-26,23,,
2000-11-28,10.4,23.5,16.95
2000-11-30,8.3,20.8,14.55
2000-12-01,7.7,20,13.85
2000-12-05,6.2,20.6,13.4
2000-12-07,6.6,20.5,13.55
2000-12-09,6.8,19.8,13.3
2000-12-10,7.3,,
2000-12-11,7.3,,
2000-12-17,7.5,21.2,14.35
2000-12-19,19.5,,
2000-12-20,7.7,19.9,13.8
2000-12-21,7.8,20.7,14.25
2000-12-25,9.3,20.4,14.85
2000-12-26,20.3,,
2000-12-29,7.7,19.1,13.4
2001-01-01,9.7,19.3,14.5
2001-01-02,9.4,21.5,15.45
2001-01-04,7,18.7,12.85
2001-01-05,16.7,,
2001-01-09,16.5,,
2001-01-10,5,,
2001-01-11,5.3,,
2001-01-16,6.4,20.1,13.25
2001-01-23,8.7,17.8,13.25
2001-01-24,18,,
2001-01-25,6.2,15.7,10.95
2001-01-28,6.2,18.3,12.25
2001-01-29,7.6,19.8,13.7
2001-01-30,20.5,,
2001-02-02,9.2,19.8,14.5
2001-02-06,6.7,18.7,12.7
2001-02-08,7.5,20.4,13.95
2001-02-12,9.2,,
2001-02-13,9,20.2,14.6
2001-02-14,9.4,22.6,16
2001-02-15,9.6,24.4,17
2001-02-16,13,,
2001-02-17,10.4,24.3,17.35
2001-02-18,11,23.8,17.4
2001-02-19,9.8,23.6,16.7
2001-02-20,10.8,,
2001-02-21,8.8,21.4,15.1
2001-03-05,21,,
2001-03-06,9,,
2001-03-11,10,,
2001-03-13,24.2,,
2001-03-15,12,25.5,18.75
2001-03-17,24.8,,
2001-03-18,11.3,24.7,18
2001-03-19,12.8,25.4,19.1
2001-03-22,16,27.5,21.75
2001-03-23,16,,
2001-03-27,15.4,25,20.2
2001-03-29,15,,
2001-03-31,12.9,26.5,19.7
2001-04-03,12.7,26.2,19.45
2001-04-04,13.8,26.8,20.3
2001-04-06,16,29.5,22.75
2001-04-07,29.8,,
2001-04-11,17,28.5,22.75
2001-04-12,15.2,29.1,22.15
2001-04-13,15.5,28,21.75
2001-04-15,13.7,24.5,19.1
2001-04-16,14.6,25.5,20.05
2001-04-18,12.6,21.7,17.15
2001-04-20,15.4,25.6,20.5
2001-04-21,14.3,25.5,19.9
2001-04-22,15,26.3,20.65
2001-04-24,17.2,28.7,22.95
2001-04-26,27.5,,
2001-04-28,14.7,28,21.35
2001-04-30,16.8,27,21.9
2001-05-04,16.6,27,21.8
2001-08-29,26.9,,
2001-09-10,24.7,,
2001-09-12,27.5,,
2001-09-25,28.2,,
2001-09-27,28.1,,
2002-11-16,11.8,23.8,17.8
2003-01-06,19.4,,
2003-03-24,14.8,26.4,20.6
2003-05-12,16.4,27.5,21.95
2003-06-18,20.5,29.5,25
2003-06-19,28.4,,
2003-07-16,20,28.7,24.35
2003-07-25,19.9,30.8,25.35
2003-07-28,29.4,,
2003-08-21,28.6,,
2003-08-26,20.1,30.3,25.2
2003-09-03,20.5,29.4,24.95
2003-09-15,20.6,25.3,22.95
2003-09-20,20,27.6,23.8
2004-10-03,17.6,26.6,22.1
2005-02-18,10.2,23.8,17
2005-02-22,14.5,22.1,18.3
2005-03-07,13.4,25.8,19.6
2005-03-22,14,27.5,20.75
2005-06-24,20.5,27.2,23.85
2005-12-13,7.3,20.4,13.85
2007-07-17,28.5,,
2008-07-19,30.2,,
2012-08-19,22,30.8,26.4
2012-08-27,31.1,,
2012-09-12,30.4,,
2012-09-23,19.5,,
2012-09-25,18.5,28.2,23.35
2012-10-02,28.5,,
2012-10-22,14.2,,
2012-11-23,10,24.2,17.1
2013-01-18,7.5,24.2,15.85
2013-01-23,6.2,20.8,13.5
2013-01-26,5,21.9,13.45
2013-12-06,9.5,22.4,15.95
2013-12-07,10,22.4,16.2
2013-12-08,21.4,,
2013-12-09,9.8,22,15.9
2013-12-10,10,21,15.5
2013-12-11,10,20.8,15.4
2013-12-12,9,20,14.5
2013-12-14,8,18,13
2013-12-15,8,,
2013-12-16,7.5,21,14.25
2013-12-17,6.5,19,12.75
2013-12-19,9.5,16.2,12.85
2013-12-21,6.8,18.4,12.6
2013-12-22,6.5,18.4,12.45
2013-12-23,6.2,17,11.6
2013-12-25,19.2,,
2013-12-28,7,18.6,12.8
2013-12-29,7.5,18.2,12.85
2014-01-01,20.2,,
2014-01-02,7.2,19,13.1
2014-01-03,6.8,19.6,13.2
2014-01-04,8,19.2,13.6
2014-01-05,7.5,17.9,12.7
2014-01-07,5,,
2014-01-08,5.7,17,11.35
2014-01-09,5.7,18.6,12.15
2014-01-10,6.2,18.7,12.45
2014-01-11,7.8,18.7,13.25
2014-01-12,5.4,19.4,12.4
2014-01-13,6.5,19.6,13.05
2014-01-14,7.6,19.6,13.6
2014-01-15,8.2,,
2014-01-16,8,20.5,14.25
2014-01-17,8.2,21.6,14.9
2014-01-18,9,16.4,12.7
2014-01-19,7.8,22,14.9
2014-01-20,8,21.4,14.7
2014-01-21,8,21.6,14.8
2014-01-22,9.2,20.4,14.8
2014-01-24,1,20.8,10.9
2014-01-25,9,20.3,14.65
2014-01-26,8.5,21.5,15
2014-01-27,8.8,21.6,15.2
2014-01-28,0,,
2014-01-29,10,22.5,16.25
2014-01-31,9,22.4,15.7
2014-02-01,22.6,,
2014-02-02,8.5,22.2,15.35
2014-02-03,9,22.8,15.9
2014-02-05,7.5,20.8,14.15
2014-02-06,8.2,20.6,14.4
2014-02-07,9.5,,
2014-02-09,21.3,,
2014-02-10,8,20.9,14.45
2014-02-11,20,,
2014-02-12,6.4,19.4,12.9
2014-02-13,6.2,,
2014-02-15,7.5,20,13.75
2014-02-17,7,18,12.5
2014-02-18,19,,
2014-02-19,7.2,21.4,14.3
2014-02-21,8.5,21.2,14.85
2014-02-22,8,19.5,13.75
2014-02-24,9,23.5,16.25
2014-02-25,10.5,22.5,16.5
2014-02-26,11,21,16
2014-02-27,10.8,20.5,15.65
2014-02-28,11.8,22.6,17.2
2014-03-01,12,,
2014-03-02,10.2,22.4,16.3
2014-03-03,10,23,16.5
2014-03-04,10.2,,
2014-03-07,10.2,23.6,16.9
2014-03-08,10,23.2,16.6
2014-03-22,10.8,23.4,17.1
2014-03-25,14.8,22.9,18.85
2014-03-26,13.6,24.1,18.85
2014-03-31,15,28.5,21.75
2014-04-02,14,26.8,20.4
2014-04-03,14.5,27.1,20.8
2014-04-04,12.5,,
2014-04-05,16,22.8,19.4
2014-04-06,15.2,26,20.6
2014-04-07,17,,
2014-04-08,16,27.4,21.7
2014-04-09,16,28.4,22.2
2014-04-10,15,27.8,21.4
2014-04-11,28,,
2014-04-12,15,28.4,21.7
2014-04-13,14.2,28.6,21.4
2014-04-15,14.5,28.2,21.35
2014-04-16,16.8,29.7,23.25
2014-04-17,29.3,,
2014-04-18,29.1,,
2014-04-19,29.2,,
2014-04-20,17.6,29.8,23.7
2014-04-21,30.3,,
2014-04-22,17.6,29.8,23.7
2014-04-23,17.4,30.2,23.8
2014-04-27,20,,
2014-04-28,14,27.5,20.75
2014-04-29,17.6,28.9,23.25
2014-04-30,17.8,28.9,23.35
2014-05-01,29,,
2014-05-03,17,26.6,21.8
2014-05-04,16.5,27,21.75
2014-05-05,17.5,27,22.25
2014-05-06,17.8,27.2,22.5
2014-05-07,17.5,,
2014-05-09,20,28,24
2014-05-10,20.2,29.8,25
2014-05-11,20.4,29.1,24.75
2014-05-13,19.8,29.2,24.5
2014-05-14,19,29.2,24.1
2014-05-15,19.6,30.3,24.95
2014-05-16,19.4,29.4,24.4
2014-05-17,19,,
2014-05-18,29.8,,
2014-05-19,21.2,28.8,25
2014-05-20,21,29.9,25.45
2014-05-21,30.6,,
2014-05-23,18.4,,
2014-05-24,29.4,,
2014-05-26,23.8,,
2014-05-28,23.8,,
2014-05-29,18,,
2014-05-30,17.5,28.1,22.8
2014-05-31,20,28.9,24.45
2014-06-01,19,28.4,23.7
2014-06-02,28.6,,
2014-06-03,21.2,28.2,24.7
2014-06-04,21.5,28.5,25
2014-06-05,29.3,,
2014-06-06,21.2,27.1,24.15
2014-06-07,21.5,27.8,24.65
2014-06-08,21.2,28.8,25
2014-06-09,21.2,28.2,24.7
2014-06-10,21.2,29.2,25.2
2014-06-11,20.4,29,24.7
2014-06-14,20.6,29,24.8
2014-06-15,29.6,,
2014-06-16,21.6,29.6,25.6
2014-06-17,21.6,29.8,25.7
2014-06-18,21.8,28.7,25.25
2014-06-19,21,29.5,25.25
2014-06-21,22,25.1,23.55
2014-06-22,20.6,26.2,23.4
2014-06-23,20.6,26.9,23.75
2014-06-24,21.2,26.7,23.95
2014-06-25,28.7,,
2014-06-26,20.5,29.3,24.9
2014-06-27,21.6,28.7,25.15
2014-06-28,21.5,28.4,24.95
2014-06-29,21.4,28.2,24.8
2014-06-30,21.3,27.8,24.55
2014-07-01,24.5,,
2014-07-02,21.2,26.9,24.05
2014-07-03,28.8,,
2014-07-04,21.2,28.5,24.85
2014-07-05,21.5,30,25.75
2014-07-06,28,,
2014-07-07,20.6,27.8,24.2
2014-07-08,22,28.4,25.2
2014-07-10,21.2,29.4,25.3
2014-07-11,21.6,28.8,25.2
2014-07-12,22,,
2014-07-15,21,27,24
2014-07-16,22,29.2,25.6
2014-07-17,21.8,29,25.4
2014-07-18,21.5,29,25.25
2014-07-19,21.4,29.9,25.65
2014-07-20,21.6,29.9,25.75
2014-07-21,22,29.9,25.95
2014-07-22,21.6,30.7,26.15
2014-07-23,21.5,28.9,25.2
2014-07-24,20.5,27.4,23.95
2014-07-25,21,28.7,24.85
2014-07-26,21.5,29.4,25.45
2014-07-27,21,29.5,25.25
2014-07-28,19.5,29.8,24.65
2014-07-29,29.2,,
2014-07-30,21,29,25
2014-07-31,21,30.8,25.9
2014-08-01,20.2,30,25.1
2014-08-02,21,29.2,25.1
2014-08-03,21.5,29.5,25.5
2014-08-04,21.5,29.6,25.55
2014-08-05,22.5,29.4,25.95
2014-08-06,20.6,29.6,25.1
2014-08-07,20.6,29.1,24.85
2014-08-08,20.3,29.8,25.05
2014-08-09,28.3,,
2014-08-12,20.8,28.5,24.65
2014-08-14,20.5,22.8,21.65
2014-08-15,24.8,,
2014-08-16,20.2,27.2,23.7
2014-08-17,20,27.1,23.55
2014-08-20,20.8,,
2014-08-21,20.4,27.8,24.1
2014-08-22,20.2,27,23.6
2014-08-24,20.4,26.1,23.25
2014-08-25,24.8,,
2014-08-26,20.6,27.2,23.9
2014-08-27,20,27.9,23.95
2014-08-28,19.8,29.6,24.7
2014-08-29,20.2,30.2,25.2
2014-08-30,20,29.6,24.8
2014-08-31,20.8,28.1,24.45
2014-09-01,20,28.8,24.4
2014-09-02,21,29.6,25.3
2014-09-03,20,29.3,24.65
2014-09-04,20.4,28.9,24.65
2014-09-05,20,28.6,24.3
2014-09-06,20.8,29.2,25
2014-09-07,20.2,28.8,24.5
2014-09-08,20.4,29.5,24.95
2014-09-09,20,24.3,22.15
2014-09-10,20,25.6,22.8
2014-09-11,20,27.2,23.6
2014-09-12,19,,
2014-09-13,20,28.2,24.1
2014-09-14,19.6,28.2,23.9
2014-09-15,20.4,,
2014-09-16,19.4,28.4,23.9
2014-09-17,19.2,29.4,24.3
2014-09-18,20,30.2,25.1
2014-09-19,21.2,,
2014-09-20,19.6,26.5,23.05
2014-09-21,18.8,25.5,22.15
2014-09-22,19.2,27.4,23.3
2014-09-23,19,,
2014-09-24,18,,
2014-09-25,19.2,26.6,22.9
2014-09-26,19.5,27.2,23.35
2014-09-27,19.1,26.2,22.65
2014-09-28,19,27,23
2014-09-29,16.9,26.7,21.8
2014-09-30,17.2,26.8,22
2014-10-01,16.2,28.2,22.2
2014-10-02,16.6,27.5,22.05
2014-10-03,16.2,27,21.6
2014-10-04,16,27.8,21.9
2014-10-05,18,28.8,23.4
2014-10-06,29.5,,
2014-10-07,18,29.6,23.8
2014-10-08,17.5,29,23.25
2014-10-09,17,28.6,22.8
2014-10-11,17,,
2014-10-12,16,27.7,21.85
2014-10-14,17.5,24.4,20.95
2014-10-19,13.2,25.6,19.4
2014-10-20,13.5,25.6,19.55
2014-10-21,14.2,26,20.1
2014-10-22,15,27,21
2014-10-23,14.4,,
2014-10-24,14.8,,
2014-10-27,12.2,24.8,18.5
2014-10-28,13,24,18.5
2014-10-29,13.2,,
2014-10-30,13,,
2014-10-31,13.2,25.2,19.2
2014-11-01,13,25.2,19.1
2014-11-02,26,,
2014-11-03,13.7,26.6,20.15
2014-11-04,13.2,25.6,19.4
2014-11-09,13.5,25.4,19.45
2014-11-10,14,25.2,19.6
2014-11-27,10.4,21,15.7
2014-11-28,10.2,20.9,15.55
2014-11-29,10.2,20.2,15.2
2014-11-30,9.5,21.2,15.35
2014-12-01,10.2,21.5,15.85
2014-12-04,10.8,22.8,16.8
2014-12-07,10.2,22.9,16.55
2014-12-08,10.6,22.2,16.4
2014-12-09,10,21.6,15.8
2014-12-11,9,21.2,15.1
2014-12-13,9,21.2,15.1
2014-12-14,11.6,17.5,14.55
2014-12-15,10.8,,
2014-12-16,10.5,19.2,14.85
2014-12-21,8,19.8,13.9
2014-12-23,7.5,21,14.25
2014-12-24,7.4,20.8,14.1
2014-12-25,7,20.8,13.9
2014-12-27,7.6,,
2014-12-28,8,22,15
2014-12-29,8,21.2,14.6
2014-12-30,8.4,23,15.7
2014-12-31,8.2,23,15.6
2015-01-01,10,23.1,16.55
2015-01-02,11.8,20.8,16.3
2015-01-03,12,20.2,16.1
2015-01-04,12,21.5,16.75
2015-01-05,8.5,16.8,12.65
2015-01-06,9,19.6,14.3
2015-01-07,7.8,19.6,13.7
2015-01-08,6.8,19.4,13.1
2015-01-09,6.2,21.2,13.7
2015-01-11,6.8,21,13.9
2015-01-12,6.8,20,13.4
2015-01-13,6.8,21,13.9
2015-01-14,7.2,21.2,14.2
2015-01-15,7.8,22.2,15
2015-01-16,7.8,22.6,15.2
2015-01-17,8,,
2015-01-18,7,21.5,14.25
2015-01-19,22.8,,
2015-01-20,7,21,14
2015-01-21,7.5,21.4,14.45
2015-01-22,7.5,21.2,14.35
2015-01-23,20.5,,
2015-01-25,8,20,14
2015-01-26,8.6,19.6,14.1
2015-01-27,9.2,20.8,15
2015-01-28,8.2,21.8,15
2015-01-29,8.6,17.6,13.1
2015-01-30,6,19,12.5
2015-01-31,17.5,,
2015-02-01,5,18.5,11.75
2015-02-02,7,22.4,14.7
2015-02-03,8,23,15.5
2015-02-04,9,23.6,16.3
2015-02-05,9.5,20.4,14.95
2015-02-06,21.4,,
2015-02-07,10,21,15.5
2015-02-08,9,20.8,14.9
2015-02-09,10,21.9,15.95
2015-02-10,9.5,21.2,15.35
2015-02-11,9.5,21.2,15.35
2015-02-12,9.7,21.2,15.45
2015-02-13,8.6,20.8,14.7
2015-02-14,19.8,,
2015-02-15,10,,
2015-02-16,22.4,,
2015-02-17,10,22.5,16.25
2015-02-18,10.6,23,16.8
2015-02-19,9,21.8,15.4
2015-02-20,11,20.8,15.9
2015-02-21,12,21.4,16.7
2015-02-22,11.4,23.5,17.45
2015-02-23,12.6,,
2015-02-24,24.9,,
2015-02-25,14.9,23.7,19.3
2015-02-27,11.5,24.3,17.9
2015-02-28,12.5,26.8,19.65
2015-03-01,24,,
2015-03-02,10.8,12.7,11.75
2015-03-03,9.8,22.5,16.15
2015-03-04,9.9,23.2,16.55
2015-03-05,21.4,,
2015-03-06,1,21.8,11.4
2015-03-07,9.5,22.4,15.95
2015-03-08,23.2,,
2015-03-09,12,23.7,17.85
2015-03-11,12.4,25.9,19.15
2015-03-12,13,25.2,19.1
2015-03-13,13.5,26.7,20.1
2015-03-14,14.4,26.2,20.3
2015-03-15,26,,
2015-03-16,16.2,23.4,19.8
2015-03-17,12,,
2015-03-18,15,25,20
2015-03-20,12,25.8,18.9
2015-03-22,15,,
2015-03-23,27.2,,
2015-03-24,15.5,28.4,21.95
2015-03-25,15.5,28.8,22.15
2015-03-26,15.6,,
2015-03-27,17,23.2,20.1
2015-03-28,14,26.7,20.35
2015-03-29,27.2,,
2015-03-30,16.8,23,19.9
2015-03-31,12.8,,
2015-04-01,13.8,25.2,19.5
2015-04-02,15,24.7,19.85
2015-04-03,14,23.8,18.9
2015-04-04,13.6,27.4,20.5
2015-04-05,12,26,19
2015-04-06,25.6,,
2015-04-07,16,26.8,21.4
2015-04-08,25,,
2015-04-09,27.3,,
2015-04-10,14.5,27.8,21.15
2015-04-11,16.5,28,22.25
2015-04-12,16.5,28.2,22.35
2015-04-13,14.2,23.5,18.85
2015-04-15,16.6,28.5,22.55
2015-04-16,29.8,,
2015-04-17,17,28.2,22.6
2015-04-18,14.5,22,18.25
2015-04-19,14,25.8,19.9
2015-04-21,18.5,25.4,21.95
2015-04-23,14,26.8,20.4
2015-04-24,17.2,26.2,21.7
2015-04-28,16,25.3,20.65
2015-04-29,25.3,,
2015-04-30,15.5,25.8,20.65
2015-05-01,17.5,25,21.25
2015-05-02,17,28.4,22.7
2015-05-04,28.9,,
2015-05-07,17.6,30.6,24.1
2015-05-08,29,,
2015-05-10,29.5,,
2015-05-11,28.8,,
2015-05-13,18.2,28.3,23.25
2015-05-14,19.9,27,23.45
2015-05-15,21.2,,
2015-05-16,27.5,,
2015-05-17,17.8,28.5,23.15
2015-05-18,27.2,,
2015-05-19,19,27,23
2015-05-20,18.6,,
2015-05-21,19,28,23.5
2015-05-22,19.2,29.4,24.3
2015-05-23,18.5,29.8,24.15
2015-05-26,17.5,37.3,27.4
2015-05-29,20.5,28,24.25
2015-05-30,21,28,24.5
2015-05-31,28.7,,
2015-06-01,21.5,28.8,25.15
2015-06-02,19.4,,
2015-06-03,20.6,29.7,25.15
2015-06-04,21.1,29.5,25.3
2015-06-05,21.2,29.6,25.4
2015-06-06,20.5,29.2,24.85
2015-06-07,29.4,,
2015-06-08,21.6,29.5,25.55
2015-06-09,21.2,30,25.6
2015-06-10,21.6,28.6,25.1
2015-06-12,20,26.2,23.1
2015-06-13,20.4,27.2,23.8
2015-06-14,27,,
2015-06-15,19,27.7,23.35
2015-06-16,19,28.6,23.8
2015-06-17,20.8,29.1,24.95
2015-06-18,19.6,28.2,23.9
2015-06-19,20.5,28,24.25
2015-06-21,21.5,31,26.25
2015-06-22,30.3,,
2015-06-23,28.4,,
2015-06-24,21.5,27.2,24.35
2015-06-25,21.6,28,24.8
2015-06-26,21.5,26.8,24.15
2015-06-27,27.2,,
2015-06-28,24.4,,
2015-06-29,20.5,28.4,24.45
2015-06-30,28.3,,
2015-07-01,19.8,28.8,24.3
2015-07-02,28.3,,
2015-07-03,21.5,27.5,24.5
2015-07-05,21,27.4,24.2
2015-07-06,22,27.8,24.9
2015-07-07,21.5,30.4,25.95
2015-07-08,21,29.8,25.4
2015-07-10,21.5,25,23.25
2015-07-11,29.4,,
2015-07-12,20,28.8,24.4
2015-07-13,28.9,,
2015-07-16,28,,
2015-07-17,20.8,30,25.4
2015-07-19,28.5,,
2015-07-21,20.8,29,24.9
2015-07-22,20.5,28.2,24.35
2015-07-23,20.8,28.4,24.6
2015-07-24,20.5,29,24.75
2015-07-25,20.6,,
2015-07-26,30,,
2015-07-27,29.5,,
2015-07-28,19.8,,
2015-07-30,21,29.5,25.25
2015-07-31,20,26,23
2015-08-01,20.2,26.7,23.45
2015-08-02,28.3,,
2015-08-03,21.5,26.5,24
2015-08-04,21,27.4,24.2
2015-08-05,27,,
2015-08-06,20.5,25,22.75
2015-08-07,26.8,,
2015-08-08,21.4,28.4,24.9
2015-08-10,28.8,,
2015-08-11,19.2,28.8,24
2015-08-12,21,28.2,24.6
2015-08-13,28.2,,
2015-08-14,28,,
2015-08-16,29,,
2015-08-18,21,27,24
2015-08-19,21.2,26.8,24
2015-08-21,20.8,26,23.4
2015-08-22,27,,
2015-08-25,20.8,28.8,24.8
2015-08-26,20.6,27,23.8
2015-08-29,20,28.8,24.4
2015-09-01,20.4,27.4,23.9
2015-09-03,20.8,27.2,24
2015-09-04,20.4,24.2,22.3
2015-09-05,27.3,,
2015-09-08,28,,
2015-09-10,21,28.7,24.85
2015-09-11,21,29.2,25.1
2015-09-12,20,28.4,24.2
2015-09-15,28.4,,
2015-09-16,27.9,,
2015-09-17,28.8,,
2015-09-20,27.4,,
2015-09-21,20,26.2,23.1
2015-09-22,19.9,27.2,23.55
2015-09-23,20.4,26.5,23.45
2015-09-24,21.8,,
2015-09-25,20,24.6,22.3
2015-09-26,22.8,,
2015-09-27,17.5,,
2015-09-28,27.9,,
2015-09-29,28,,
2015-09-30,18,28.3,23.15
2015-10-01,18.6,28.3,23.45
2015-10-03,19,27.3,23.15
2015-10-04,17,27.4,22.2
2015-10-05,28.7,,
2015-10-06,16.4,28.9,22.65
2015-10-07,17,28.3,22.65
2015-10-08,16.2,27.8,22
2015-10-10,16.5,26.7,21.6
2015-10-15,15.4,31.6,23.5
2015-10-17,25,,
2015-10-19,26.3,,
2015-10-20,16.5,26.1,21.3
2015-10-22,17,25,21
2015-10-23,16,25,20.5
2015-10-24,12.5,24.7,18.6
2015-10-25,11.4,25,18.2
2015-10-26,14.8,24.8,19.8
2015-10-27,24.8,,
2015-10-28,15,25.3,20.15
2015-10-29,24,,
2015-10-30,22.8,,
2015-11-02,14.2,24.2,19.2
2015-11-03,15.4,23.5,19.45
2015-11-04,23.7,,
2015-11-06,23,,
2015-11-07,22.7,,
2015-11-08,12.8,24,18.4
2015-11-09,12.5,23.5,18
2015-11-10,12.6,,
2015-11-11,11.5,24,17.75
2015-11-12,12,,
2015-11-14,23.6,,
2015-11-15,21.8,,
2015-11-16,13,22.2,17.6
2015-11-18,12,22.4,17.2
2015-11-19,12,24.2,18.1
2015-11-21,11.8,23.2,17.5
2015-11-22,11.8,,
2015-11-23,23.2,,
2015-11-25,22.5,,
2015-11-30,22,,
2015-12-02,11.6,21.2,16.4
2015-12-03,11.6,20.5,16.05
2015-12-06,10.1,21.5,15.8
2015-12-10,19.8,,
2015-12-11,8.9,20,14.45
2015-12-12,20.3,,
2015-12-13,8.7,18,13.35
2015-12-14,9.1,17.9,13.5
2015-12-16,6.6,15.5,11.05
2015-12-18,6.3,16.4,11.35
2015-12-20,17.2,,
2015-12-21,6.2,16.2,11.2
2015-12-22,6,17.8,11.9
2015-12-23,5.8,16.4,11.1
2015-12-25,4.8,17.4,11.1
2015-12-26,5,19,12
2015-12-29,7,20.2,13.6
2015-12-30,7.5,20,13.75
2016-01-02,8,21,14.5
2016-01-03,8.6,19.5,14.05
2016-01-06,9.6,18.8,14.2
2016-01-07,19.4,,
2016-01-08,18.3,,
2016-01-10,18.3,,
2016-01-12,7.8,18.5,13.15
2016-01-14,7.8,18.6,13.2
2016-01-16,7.5,17,12.25
2016-01-17,7,18,12.5
2016-01-18,7.5,17.8,12.65
2016-01-20,9,17,13
2016-01-22,6.5,18,12.25
2016-01-25,5.4,17.8,11.6
2016-01-26,7,17.4,12.2
2016-01-27,14.2,,
2016-01-28,7.4,15.8,11.6
2016-01-31,18.4,,
2016-02-01,10,17.5,13.75
2016-02-03,9.8,18.9,14.35
2016-02-04,8,19,13.5
2016-02-05,8.6,19.5,14.05
2016-02-06,9.5,21.9,15.7
2016-02-08,16.5,,
2016-02-09,6.5,20.5,13.5
2016-02-10,10,20.3,15.15
2016-02-12,7.5,20.3,13.9
2016-02-13,8.3,20.7,14.5
2016-02-14,20.6,,
2016-02-15,21.7,,
2016-02-16,10.3,22.4,16.35
2016-02-17,10.3,23.5,16.9
2016-02-19,13.2,23.4,18.3
2016-02-20,14.6,23.3,18.95
2016-02-21,11.5,25.5,18.5
2016-02-22,11.7,23.4,17.55
2016-02-24,10.5,22.4,16.45
2016-02-25,10.1,23.2,16.65
2016-02-26,11.6,22.4,17
2016-02-27,24.6,,
2016-02-28,24.8,,
2016-03-01,11.5,25.3,18.4
2016-03-02,12.5,24,18.25
2016-03-03,13.8,24,18.9
2016-03-04,13.8,23.4,18.6
2016-03-05,14.8,24.8,19.8
2016-03-06,24.7,,
2016-03-07,10.9,25.6,18.25
2016-03-08,26.6,,
2016-03-09,13.6,25.8,19.7
2016-03-10,14,26.4,20.2
2016-03-11,14,25.7,19.85
2016-03-12,25.6,,
2016-03-13,16,23.5,19.75
2016-03-14,13,24.9,18.95
2016-03-16,12.8,24.5,18.65
2016-03-17,12.5,24.5,18.5
2016-03-18,13.5,23.8,18.65
2016-03-20,14.8,25.8,20.3
2016-03-21,14.8,26.4,20.6
2016-03-22,13.5,25,19.25
2016-03-23,13,,
2016-03-24,14,25.8,19.9
2016-03-25,15,28.4,21.7
2016-03-26,16.5,27.8,22.15
2016-03-27,28,,
2016-03-28,16.6,24.9,20.75
2016-03-29,24.7,,
2016-03-30,25.5,,
2016-04-01,14.8,23,18.9
2016-04-06,18,27.7,22.85
2016-04-07,17.8,28.8,23.3
2016-04-08,18.6,29.8,24.2
2016-04-09,18,30,24
2016-04-13,16.6,28.7,22.65
2016-04-14,18.4,28.9,23.65
2016-04-15,15.4,29.8,22.6
2016-04-16,17.8,29,23.4
2016-04-19,27.4,,
2016-04-20,19.4,27.5,23.45
2016-04-21,18.6,27,22.8
2016-04-22,17.8,27.8,22.8
2016-04-23,17.6,27.8,22.7
2016-04-24,29.5,,
2016-04-27,13.4,28.6,21
2016-04-28,18.7,30.2,24.45
2016-04-29,17.5,30.4,23.95
2016-04-30,18.5,29.7,24.1
2016-05-01,14.8,30.1,22.45
2016-05-02,18.2,27.4,22.8
2016-05-03,17.5,28.6,23.05
2016-05-06,17.4,37.2,27.3
2016-05-07,15,24.5,19.75
2016-05-08,17,27,22
2016-05-10,20.4,29,24.7
2016-05-11,29,,
2016-05-14,26.5,,
2016-05-15,19.6,28.3,23.95
2016-05-16,19.8,28,23.9
2016-05-17,20.3,29.8,25.05
2016-05-18,15,27,21
2016-05-20,25,,
2016-05-21,17.5,27,22.25
2016-05-23,19.6,28.2,23.9
2016-05-24,17.5,28.1,22.8
2016-05-25,18.4,25.8,22.1
2016-05-26,17,25.9,21.45
2016-05-27,16.9,27,21.95
2016-05-28,19,26.8,22.9
2016-05-30,26.3,,
2016-05-31,17.9,26.1,22
2016-06-01,18,26.8,22.4
2016-06-02,18,27.5,22.75
2016-06-03,20.4,28.5,24.45
2016-06-04,21,29.5,25.25
2016-06-05,20,28.5,24.25
2016-06-06,20,27.4,23.7
2016-06-08,20,27.3,23.65
2016-06-09,19.7,27.4,23.55
2016-06-10,28.2,,
2016-06-11,20.5,28.8,24.65
2016-06-12,27.7,,
2016-06-13,19.8,26.3,23.05
2016-06-14,21,26.9,23.95
2016-06-15,21,26.8,23.9
2016-06-18,21,29,25
2016-06-19,21,27.6,24.3
2016-06-20,20.6,27.8,24.2
2016-06-21,20.5,26,23.25
2016-06-22,20,27,23.5
2016-06-23,21,27,24
2016-06-24,25.6,,
2016-06-25,21,28.2,24.6
2016-06-26,21,28.7,24.85
2016-06-27,21.6,29,25.3
2016-06-28,22.1,29.5,25.8
2016-06-29,22.4,29.3,25.85
2016-06-30,21.3,26.6,23.95
2016-07-01,21,24.6,22.8
2016-07-02,21,29,25
2016-07-03,20.8,27.9,24.35
2016-07-05,21.2,25.5,23.35
2016-07-06,21.2,27.2,24.2
2016-07-07,21,27.8,24.4
2016-07-15,22,28,25
2016-07-16,21,29.6,25.3
2016-07-18,21,27.2,24.1
2016-07-21,21.2,27.1,24.15
2016-07-22,21.5,26.2,23.85
2016-07-23,20.6,25,22.8
2016-07-24,20.2,24.7,22.45
2016-07-25,20.2,25.4,22.8
2016-07-27,20.2,24.4,22.3
2016-07-28,20.5,25.2,22.85
2016-07-31,19.8,28.6,24.2
2016-08-01,20.8,30.4,25.6
2016-08-05,21,30.2,25.6
2016-08-06,29.5,,
2016-08-09,20.6,29.9,25.25
2016-08-11,21.2,28.3,24.75
2016-08-12,21,28.9,24.95
2016-08-13,29.9,,
2016-08-14,21.3,,
2016-08-15,21,29.8,25.4
2016-08-16,21.2,29.4,25.3
2016-08-17,20.4,29.6,25
2016-08-18,21.7,30.6,26.15
2016-08-19,20.7,28.6,24.65
2016-08-20,20.6,29.5,25.05
2016-08-21,21.2,31.4,26.3
2016-08-22,21,28.4,24.7
2016-08-23,21,27.6,24.3
2016-08-24,20.5,29.7,25.1
2016-08-25,21.5,30.4,25.95
2016-08-27,29.8,,
2016-08-28,21.8,29.3,25.55
2016-08-29,28.1,,
2016-08-30,28.3,,
2016-09-01,20.7,28.3,24.5
2016-09-04,28,,
2016-09-05,21.5,31.3,26.4
2016-09-06,21,29.5,25.25
2016-09-08,29,,
2016-09-09,19.8,28.2,24
2016-09-10,20.5,27.5,24
2016-09-11,20.5,,
2016-09-12,19.4,25.5,22.45
2016-09-13,19.6,26.4,23
2016-09-14,20,29,24.5
2016-09-15,20.4,,
2016-09-16,20,28.2,24.1
2016-09-17,20.2,25.6,22.9
2016-09-18,20,28.4,24.2
2016-09-19,20,27.6,23.8
2016-09-20,20.6,27,23.8
2016-09-21,19.6,25,22.3
2016-09-22,20,27.6,23.8
2016-09-23,19.4,26.6,23
2016-09-24,19,26.6,22.8
2016-09-25,20,,
2016-09-26,13,,
2016-09-27,19.5,26.5,23
2016-09-30,20,28.4,24.2
2016-10-01,20.2,28.4,24.3
2016-10-02,19.8,28.6,24.2
2016-10-03,30.4,,
2016-10-05,19.9,29,24.45
2016-10-06,19.4,29.3,24.35
2016-10-07,18.8,,
2016-10-08,19,26.7,22.85
2016-10-09,24,,
2016-10-10,18.8,28.4,23.6
2016-10-11,18.8,27.5,23.15
2016-10-12,19,24.4,21.7
2016-10-13,18.5,23,20.75
2016-10-14,18,24.3,21.15
2016-10-15,16,26.5,21.25
2016-10-16,16.8,28.4,22.6
2016-10-17,16.2,27,21.6
2016-10-18,14.8,29,21.9
2016-10-19,11,28.2,19.6
2016-10-20,13.5,27.4,20.45
2016-10-21,14,26,20
2016-10-22,14,,
2016-10-24,14.6,,
2016-10-25,14.4,27.6,21
2016-10-26,15,,
2016-10-27,14.8,,
2016-10-31,13.2,26.8,20
2016-11-01,13.5,26.6,20.05
2016-11-02,13.8,26.8,20.3
2016-11-03,14,27,20.5
2016-11-04,13.5,27.4,20.45
2016-11-05,12.8,24.8,18.8
2016-11-06,13.2,24.5,18.85
2016-11-07,13,25.1,19.05
2016-11-08,13,24,18.5
2016-11-09,13.5,25,19.25
2016-11-10,13.8,24.3,19.05
2016-11-12,24.8,,
2016-11-13,26.2,,
2016-11-14,12.8,23.8,18.3
2016-11-15,12.2,23.7,17.95
2016-11-16,11.4,24.3,17.85
2016-11-17,10.8,23.5,17.15
2016-11-24,11.4,21.5,16.45
2016-11-25,10.5,21,15.75
2016-11-26,11.6,22.5,17.05
2016-11-27,12,21.6,16.8
2016-11-28,12,22.6,17.3
2016-11-29,11.5,23,17.25
2016-11-30,11.8,22.2,17
2016-12-01,11.9,22.8,17.35
2016-12-03,11.8,21.7,16.75
2016-12-06,10.4,23,16.7
2016-12-07,10.1,23.6,16.85
2016-12-08,10.1,23.5,16.8
2016-12-09,10.3,21.8,16.05
2016-12-10,9.7,23.1,16.4
2016-12-11,10.3,22,16.15
2016-12-12,9.4,20.6,15
2016-12-13,9,21.3,15.15
2016-12-14,8.9,20,14.45
2016-12-15,8.4,21.2,14.8
2016-12-16,9.3,21.2,15.25
2016-12-17,9.7,20.8,15.25
2016-12-20,10.4,20.7,15.55
2016-12-21,21.3,,
2016-12-22,11.4,21.8,16.6
2016-12-23,13.4,23,18.2
2016-12-24,11.5,22.5,17
2016-12-25,10.4,21.4,15.9
2016-12-26,9.5,19.7,14.6
2016-12-28,8.2,19.2,13.7
2016-12-29,8.5,21.7,15.1
2016-12-30,8.5,22.8,15.65
2017-01-01,9,21.3,15.15
2017-01-02,8.5,19.8,14.15
2017-01-04,7.8,21.5,14.65
2017-01-05,8.6,21,14.8
2017-01-06,19.2,,
2017-01-07,7,19.8,13.4
2017-01-08,7.5,,
2017-01-11,6.2,16.8,11.5
2017-01-12,18.3,,
2017-01-13,5,18,11.5
2017-01-14,5.4,17.4,11.4
2017-01-15,5.6,18.8,12.2
2017-01-16,18.3,,
2017-01-17,6.4,18.3,12.35
2017-01-21,7.7,20.3,14
2017-01-22,8.5,22.3,15.4
2017-01-23,8.8,21.6,15.2
2017-01-24,9,22.8,15.9
2017-01-25,9.5,24,16.75
2017-01-26,10.2,24.3,17.25
2017-01-27,21.5,,
2017-01-28,8.8,21,14.9
2017-01-29,8.5,20.4,14.45
2017-01-31,9.4,21.7,15.55
2017-02-02,9.5,19.9,14.7
2017-02-03,9.3,21.7,15.5
2017-02-04,9.8,25.3,17.55
2017-02-05,11.6,23.5,17.55
2017-02-06,10.7,22.3,16.5
2017-02-07,10.5,22,16.25
2017-02-08,10.5,21,15.75
2017-02-09,10.6,21.5,16.05
2017-02-10,9.8,22,15.9
2017-02-11,9.2,21.4,15.3
2017-02-12,9.5,20.8,15.15
2017-02-13,8.8,21.7,15.25
2017-02-15,10.3,22.8,16.55
2017-02-16,10.8,23,16.9
2017-02-17,26,,
2017-02-18,12.7,,
2017-02-19,14.4,22.7,18.55
2017-02-20,14.3,23.3,18.8
2017-02-21,12.3,24,18.15
2017-02-22,13,23.5,18.25
2017-02-23,11.4,22.4,16.9
2017-02-24,9.8,21.7,15.75
2017-02-25,10,19.7,14.85
2017-02-26,10.4,21,15.7
2017-02-27,12.4,20.6,16.5
2017-02-28,11.8,22,16.9
2017-03-01,12.5,,
2017-03-02,12,23.5,17.75
2017-03-03,13.4,26.5,19.95
2017-03-04,12.4,25.2,18.8
2017-03-05,12.7,25.5,19.1
2017-03-06,11,23.6,17.3
2017-03-07,10.5,23.5,17
2017-03-08,11.5,23.8,17.65
2017-03-09,10.8,23.2,17
2017-03-11,10.2,17.5,13.85
2017-03-12,8.5,20,14.25
2017-03-13,7.6,20.5,14.05
2017-03-15,10,,
2017-03-16,11,23,17
2017-03-17,11,22.5,16.75
2017-03-18,8.8,23,15.9
2017-03-19,8.5,20.5,14.5
2017-03-20,11,19.7,15.35
2017-03-21,9.2,20.5,14.85
2017-03-22,11,22.3,16.65
2017-03-23,15,25,20
2017-03-24,15,25.3,20.15
2017-03-25,15,26.2,20.6
2017-03-26,15,23.5,19.25
2017-03-27,16.8,25,20.9
2017-03-28,16.4,27.2,21.8
2017-03-29,16.8,21.4,19.1
2017-03-30,16.6,22.5,19.55
2017-03-31,17.8,26.7,22.25
2017-04-01,24.8,,
2017-04-02,14.8,25.8,20.3
2017-04-03,27.5,,
2017-04-04,23.4,,
2017-04-05,24,,
2017-04-06,15.5,26.3,20.9
2017-04-07,17.7,26,21.85
2017-04-08,17,28.8,22.9
2017-04-09,16.3,28,22.15
2017-04-10,15.9,26.6,21.25
2017-04-11,26,,
2017-04-12,25.8,,
2017-04-13,27.5,,
2017-04-14,16.8,28.4,22.6
2017-04-15,24.8,,
2017-04-16,13,25,19
2017-04-17,15.3,,
2017-04-19,18.4,28,23.2
2017-04-20,16,23,19.5
2017-04-21,27.7,,
2017-04-22,18,28.2,23.1
2017-04-23,17,24.5,20.75
2017-04-24,17,27.7,22.35
2017-04-25,18.4,27.4,22.9
2017-04-26,17.5,29.5,23.5
2017-04-27,18,30,24
2017-04-28,16.5,29.8,23.15
2017-04-29,15.4,26.9,21.15
2017-04-30,15,,
2017-05-02,13.5,26.2,19.85
2017-05-03,27.5,,
2017-05-04,17.9,27,22.45
2017-05-05,16.6,28,22.3
2017-05-06,27.6,,
2017-05-08,19.2,29.4,24.3
2017-05-09,23.8,,
2017-05-10,16.9,27.4,22.15
2017-05-11,17.4,27.5,22.45
2017-05-12,18.5,,
2017-05-14,18.5,,
2017-05-15,18.5,26.4,22.45
2017-05-16,17.4,28,22.7
2017-05-17,18,27.4,22.7
2017-05-18,18.5,28.2,23.35
2017-05-19,19.4,27.8,23.6
2017-05-20,18.6,29.3,23.95
2017-05-21,28.2,,
2017-05-22,17.5,30,23.75
2017-05-23,29.4,,
2017-05-24,18.9,30.5,24.7
2017-05-26,19.2,26.8,23
2017-05-27,19,27.6,23.3
2017-05-28,18.5,29.6,24.05
2017-05-29,18,30.7,24.35
2017-05-30,20.4,25.5,22.95
2017-05-31,18.9,28,23.45
2017-06-02,28,,
2017-06-03,28,,
2017-06-04,20.2,31,25.6
2017-06-05,21.3,30.6,25.95
2017-06-06,21,,
2017-06-07,29.6,,
2017-06-08,20.2,24.8,22.5
2017-06-13,20.2,28.4,24.3
2017-06-14,20.5,31.2,25.85
2017-06-15,28.6,,
2017-06-18,20.6,,
2017-06-19,20,27.6,23.8
2017-06-20,20.6,25.3,22.95
2017-06-21,20,26.8,23.4
2017-06-22,20.5,28,24.25
2017-06-23,20.4,27.8,24.1
2017-06-24,20.8,,
2017-06-25,28.8,,
2017-06-26,21.6,28.6,25.1
2017-06-27,28.5,,
2017-06-29,21.3,27,24.15
2017-07-01,20.5,27.6,24.05
2017-07-02,28.5,,
2017-07-03,21.8,27.8,24.8
2017-07-04,20.8,27.4,24.1
2017-07-05,21,28.3,24.65
2017-07-06,21.5,26.9,24.2
2017-07-07,20.8,28.8,24.8
2017-07-08,21.5,28,24.75
2017-07-09,21.6,27,24.3
2017-07-10,20.7,28.1,24.4
2017-07-11,20.8,23.6,22.2
2017-07-12,20.4,27.5,23.95
2017-07-13,19.7,29.1,24.4
2017-07-14,28.4,,
2017-07-15,28.7,,
2017-07-16,21.5,28.8,25.15
2017-07-17,21.6,30.2,25.9
2017-07-20,31.4,,
2017-07-21,21,27.8,24.4
2017-07-22,21,29.4,25.2
2017-07-23,20.8,26.7,23.75
2017-07-24,27.6,,
2017-07-26,20.3,27.7,24
2017-07-27,21,29.3,25.15
2017-07-29,21.5,27.2,24.35
2017-07-30,20.5,28.5,24.5
2017-07-31,20.7,28.4,24.55
2017-08-01,20.9,27.2,24.05
2017-08-05,21.8,29.4,25.6
2017-08-06,22,28.6,25.3
2017-08-07,21.9,27.4,24.65
2017-08-16,20.5,27.7,24.1
2017-08-18,20.4,28.7,24.55
2017-08-19,21.3,28.7,25
2017-08-20,21.3,27.8,24.55
2017-08-22,21.1,26.4,23.75
2017-08-23,29.7,,
2017-08-24,21.4,29.4,25.4
2017-08-25,21.2,29,25.1
2017-08-26,21.2,29.5,25.35
2017-08-27,21,24.5,22.75
2017-08-28,20.9,29.8,25.35
2017-08-29,19.9,28.4,24.15
2017-08-30,28.3,,
2017-09-01,28.5,,
2017-09-02,19.6,26.6,23.1
2017-09-03,19.6,26.2,22.9
2017-09-04,27.5,,
2017-09-05,20.7,27.8,24.25
2017-09-06,19.4,28.4,23.9
2017-09-07,28.5,,
2017-09-09,20.8,28.4,24.6
2017-09-10,27.7,,
2017-09-11,19.5,27.2,23.35
2017-09-12,20.2,27.7,23.95
2017-09-13,28.3,,
2017-09-14,19.2,28,23.6
2017-09-15,20,28.5,24.25
2017-09-16,20.7,29.6,25.15
2017-09-17,21.3,31,26.15
2017-09-18,20,28.1,24.05
2017-09-19,20.2,,
2017-09-20,20.7,25.5,23.1
2017-09-21,19.6,28,23.8
2017-09-22,33.6,,
2017-09-23,19.5,28.7,24.1
2017-09-24,21.3,,
2017-09-25,28,,
2017-09-26,28.6,,
2017-09-27,17.9,29,23.45
2017-09-28,19.5,28.3,23.9
2017-09-29,20.4,28,24.2
2017-09-30,19.3,27.4,23.35
2017-10-01,20,27.1,23.55
2017-10-02,20,26.4,23.2
2017-10-03,19,27.9,23.45
2017-10-06,19.8,30.2,25
2017-10-07,19.5,,
2017-10-08,18.8,28,23.4
2017-10-09,29.5,,
2017-10-10,20.1,,
2017-10-11,18.7,24.5,21.6
2017-10-12,18.5,28.6,23.55
2017-10-13,18.4,,
2017-10-14,19.6,26.8,23.2
2017-10-16,17.4,26.5,21.95
2017-10-18,16.4,29.6,23
2017-10-19,16.4,,
2017-10-20,16.2,25.6,20.9
2017-10-23,17.5,24.8,21.15
2017-10-24,14.6,25.2,19.9
2017-10-25,14,24.7,19.35
2017-10-26,13.5,23.5,18.5
2017-10-27,14.3,,
2017-10-28,14.4,24.4,19.4
2017-10-29,26.5,,
2017-11-05,13.2,,
2017-11-07,13,25.2,19.1
2017-11-08,13.2,25.9,19.55
2017-11-09,12.4,25.2,18.8
2017-11-10,25,,
2017-11-11,12.5,24.3,18.4
2017-11-12,11.8,,
2017-11-13,12,24,18
2017-11-14,12,24.1,18.05
2017-11-15,12,24,18
2017-11-16,11.8,24.3,18.05
2017-11-17,11.9,24.3,18.1
2017-11-18,12.2,,
2017-11-19,12.7,23.9,18.3
2017-11-20,12.9,23.9,18.4
2017-11-21,12.7,22.5,17.6
2017-11-23,10.6,,
2017-11-24,10.6,21.9,16.25
2017-11-25,10.8,22.6,16.7
2017-11-26,11.3,22.7,17
2017-11-27,10.8,21.8,16.3
2017-11-28,10.5,20.8,15.65
2017-11-30,9.8,21,15.4
2017-12-01,9.5,22.4,15.95
2017-12-04,9.9,22,15.95
2017-12-05,10.4,22.8,16.6
2017-12-06,21.8,,
2017-12-07,10.2,22.4,16.3
2017-12-08,10.5,23.3,16.9
2017-12-09,11.4,24.5,17.95
2017-12-10,24.5,,
2017-12-11,24,,
2017-12-12,11.6,23.3,17.45
2017-12-13,10.7,22.7,16.7
2017-12-14,21.5,,
2017-12-15,9.5,21.3,15.4
2017-12-16,10.3,21.5,15.9
2017-12-17,9.6,20.8,15.2
2017-12-18,21.2,,
2017-12-19,10.2,21.2,15.7
2017-12-20,22.5,,
2017-12-21,10.7,21.7,16.2
2017-12-22,10.3,21.3,15.8
2017-12-23,20.7,,
2017-12-24,21.3,,
2017-12-25,9.6,22.6,16.1
2017-12-26,9.8,23.2,16.5
2017-12-27,9.3,,
2017-12-29,8.6,22.2,15.4
2017-12-30,8.5,21.6,15.05
2017-12-31,8.6,21.5,15.05
2018-01-01,8.8,21.4,15.1
2018-01-02,8.5,21.4,14.95
2018-01-03,7.8,20.1,13.95
2018-01-04,7.7,20,13.85
2018-01-05,19.1,,
2018-01-06,5.8,19.1,12.45
2018-01-07,17.5,,
2018-01-08,4,17,10.5
2018-01-09,18.5,,
2018-01-10,5.4,18.8,12.1
2018-01-11,5.9,18.5,12.2
2018-01-12,6.5,19.5,13
2018-01-13,8,20.4,14.2
2018-01-14,8,19.8,13.9
2018-01-15,8.4,20.5,14.45
2018-01-16,7.5,20.5,14
2018-01-17,21,,
2018-01-19,8,20.6,14.3
2018-01-20,3.6,20.4,12
2018-01-21,8.9,,
2018-01-22,9.3,21.5,15.4
2018-01-23,8.9,21.7,15.3
2018-01-24,9.1,19,14.05
2018-01-25,19.3,,
2018-01-26,7,18.5,12.75
2018-01-29,5.8,18,11.9
2018-01-30,7.2,17.6,12.4
2018-01-31,19.4,,
2018-02-01,8,20,14
2018-02-02,8.9,20,14.45
2018-02-03,9.4,19.5,14.45
2018-02-04,8.7,19.7,14.2
2018-02-05,9.4,20.2,14.8
2018-02-06,18.8,,
2018-02-07,10.2,21.5,15.85
2018-02-08,9.5,20.4,14.95
2018-02-10,8,19.6,13.8
2018-02-11,8.4,19.6,14
2018-02-12,9.3,,
2018-02-13,10.4,21.5,15.95
2018-02-14,22.5,,
2018-02-15,8.4,21,14.7
2018-02-16,8.8,,
2018-02-17,11,21.9,16.45
2018-02-18,10.1,21.4,15.75
2018-02-19,10.3,20.7,15.5
2018-02-20,21.1,,
2018-02-21,10.6,22,16.3
2018-02-22,10.8,22,16.4
2018-02-23,11.3,22.6,16.95
2018-02-24,11.9,22.7,17.3
2018-02-25,12.8,24.4,18.6
2018-02-26,13.3,23.1,18.2
2018-02-27,13.6,,
2018-02-28,23.6,,
2018-03-02,13.6,23.2,18.4
2018-03-03,11.8,25,18.4
2018-03-05,14.4,,
2018-03-06,15.6,24.9,20.25
2018-03-07,11.7,24.9,18.3
2018-03-08,12.5,24.8,18.65
2018-03-09,13,25.2,19.1
2018-03-10,12.8,,
2018-03-11,12.8,25,18.9
2018-03-12,23.3,,
2018-03-13,11.5,22,16.75
2018-03-14,13.8,24.3,19.05
2018-03-15,14,23.5,18.75
2018-03-16,14.2,26.6,20.4
2018-03-17,13.7,25.6,19.65
2018-03-18,11.6,24.2,17.9
2018-03-19,25.6,,
2018-03-20,14,25,19.5
2018-03-21,16,25.6,20.8
2018-03-22,15,27.1,21.05
2018-03-23,14.1,27.4,20.75
2018-03-24,13.4,27.2,20.3
2018-03-25,25.7,,
2018-03-26,15.3,26.6,20.95
2018-03-28,15.6,25.9,20.75
2018-03-29,15.2,,
2018-03-30,14.6,24,19.3
2018-03-31,13.8,24,18.9
2018-04-01,13,27,20
2018-04-02,29.4,,
2018-04-07,16,27,21.5
2018-04-08,27.6,,
2018-04-09,14.6,25,19.8
2018-04-10,15.8,26,20.9
2018-04-11,15,,
2018-04-12,17.6,,
2018-04-13,15.6,25.5,20.55
2018-04-15,27.4,,
2018-04-16,16.3,25.6,20.95
2018-04-18,15.7,25.4,20.55
2018-04-19,15.5,24.9,20.2
2018-04-20,16.4,24.9,20.65
2018-04-21,15.8,26.1,20.95
2018-04-22,17.2,26.4,21.8
2018-04-23,26.4,,
2018-04-24,16.4,26.4,21.4
2018-04-25,16.7,26.5,21.6
2018-04-26,17.4,26,21.7
2018-04-27,14.4,27.1,20.75
2018-04-28,15.9,25.2,20.55
2018-04-29,16.9,26.5,21.7
2018-04-30,15.8,22.8,19.3
2018-05-01,15,26,20.5
2018-05-02,16.4,26,21.2
2018-05-03,17.3,25.3,21.3
2018-05-04,24.7,,
2018-05-05,24,,
2018-05-06,18,24.6,21.3
2018-05-07,18.8,25.5,22.15
2018-05-08,18,27,22.5
2018-05-10,17.4,26.6,22
2018-05-11,26.2,,
2018-05-12,18.2,,
2018-05-13,18.5,25.7,22.1
2018-05-14,16,21.9,18.95
2018-05-15,15.3,25.6,20.45
2018-05-16,17,25.8,21.4
2018-05-17,26.2,,
2018-05-18,18,26,22
2018-05-19,18.4,26.6,22.5
2018-05-20,18.9,27.2,23.05
2018-05-21,19.5,27.7,23.6
2018-05-22,20.9,26.7,23.8
2018-05-24,20.4,27.4,23.9
2018-05-26,28.6,,
2018-05-27,29.1,,
2018-05-28,28,,
2018-05-31,18.2,28.4,23.3
2018-06-01,19.6,27.5,23.55
2018-06-02,19.5,,
2018-06-03,19.7,27,23.35
2018-06-04,14.3,,
2018-06-05,20.8,30.1,25.45
2018-06-07,21.1,28.5,24.8
2018-06-08,23.4,,
2018-06-09,20.3,29.6,24.95
2018-06-10,21,30.8,25.9
2018-06-11,21.5,29.8,25.65
2018-06-12,20.8,28.3,24.55
2018-06-13,21.4,28.3,24.85
2018-06-14,20.3,27.6,23.95
2018-06-15,21,27.9,24.45
2018-06-17,19.9,26.2,23.05
2018-06-18,26.6,,
2018-06-19,21,,
2018-06-20,22.2,28.4,25.3
2018-06-21,21.3,28.8,25.05
2018-06-22,29.5,,
2018-06-23,21.8,28.6,25.2
2018-06-24,28.8,,
2018-06-25,20.8,26.8,23.8
2018-06-26,21.5,29.2,25.35
2018-06-27,21.9,28.5,25.2
2018-06-28,20.5,28.2,24.35
2018-06-29,20.7,27.5,24.1
2018-06-30,20.7,28.2,24.45
2018-07-01,20.9,25.7,23.3
2018-07-02,20.5,23.8,22.15
2018-08-03,27.1,,
2018-08-05,21.4,30,25.7
2018-08-06,21.6,31.5,26.55
2018-08-09,29,,
2018-08-10,21,27.6,24.3
2018-08-14,21.1,29.4,25.25
2018-09-13,19.9,26.5,23.2
2018-11-07,11,23.4,17.2
2018-11-08,11.9,24.2,18.05
2018-11-11,11.5,23.8,17.65
2018-11-14,11.4,26.5,18.95
2018-11-15,22.4,,
2018-11-16,22,,
2018-11-18,9.8,,
2018-11-19,10,21.4,15.7
2018-11-21,11,22.2,16.6
2018-11-22,22.7,,
2018-11-23,11,23.4,17.2
2018-11-24,10.5,23.2,16.85
2018-11-25,10.6,24.4,17.5
2018-11-26,10.3,23.5,16.9
2018-11-27,10.6,23.6,17.1
2018-11-28,10.6,22.7,16.65
2018-11-29,10.6,22.8,16.7
2018-11-30,11.3,22.1,16.7
2018-12-02,10.3,22.6,16.45
2018-12-03,10.1,21.5,15.8
2018-12-04,9.7,22,15.85
2018-12-05,10.1,21.4,15.75
2018-12-06,9.2,,
2018-12-07,9.2,21.2,15.2
2018-12-08,8,20.6,14.3
2018-12-10,8.5,21.9,15.2
2018-12-11,8.1,22.2,15.15
2018-12-13,8.4,22.4,15.4
2018-12-14,22.6,,
2018-12-15,22.5,,
2018-12-16,8.1,23.3,15.7
2018-12-17,11,19.1,15.05
2018-12-18,10.6,,
2018-12-19,6.8,19.5,13.15
2018-12-20,7.4,19.2,13.3
2018-12-22,21.1,,
2018-12-23,22,,
2018-12-27,7.5,18,12.75
2018-12-28,6.4,17.8,12.1
2018-12-30,5.6,19.4,12.5
2018-12-31,6.6,19,12.8
2019-01-01,5.9,19.2,12.55
2019-01-02,20.3,,
2019-01-03,6,18.7,12.35
2019-01-04,5.3,17.6,11.45
2019-01-05,6.4,19.5,12.95
2019-01-06,21,,
2019-01-07,8.3,19.4,13.85
2019-01-10,6,18.8,12.4
2019-01-11,7,,
2019-01-12,7.5,,
2019-01-14,7.7,20,13.85
2019-01-15,7,18.9,12.95
2019-01-16,6.9,21.5,14.2
2019-01-17,7.7,20.6,14.15
2019-01-18,8.3,20.5,14.4
2019-01-19,19.7,,
2019-01-20,8.5,21.5,15
2019-01-22,8.7,22,15.35
2019-01-25,18.5,,
2019-01-26,10.4,20.4,15.4
2019-01-27,9,,
2019-01-28,8.5,22,15.25
2019-01-29,7.1,20.5,13.8
2019-01-30,5.6,19.9,12.75
2019-01-31,19.5,,
2019-02-01,10.3,22.4,16.35
2019-02-03,8.7,21,14.85
2019-02-04,8.5,21.2,14.85
2019-02-05,9.8,21.7,15.75
2019-02-06,10.2,22,16.1
2019-02-07,21,,
2019-02-08,11,17.5,14.25
2019-02-10,5.2,18.6,11.9
2019-02-11,7.9,20,13.95
2019-02-12,8.7,21.7,15.2
2019-02-13,9.4,23,16.2
2019-02-14,10.5,,
2019-02-15,12,22.2,17.1
2019-02-16,7.4,,
2019-02-17,7.4,18.8,13.1
2019-02-20,9.8,20.5,15.15
2019-02-21,12,21,16.5
2019-02-22,11.2,21.7,16.45
2019-02-23,22.7,,
2019-02-24,11.8,23,17.4
2019-02-25,11.2,20.7,15.95
2019-02-26,9.8,22,15.9
2019-02-27,10.5,16.8,13.65
2019-02-28,8.7,16.5,12.6
2019-03-02,7.6,19.7,13.65
2019-03-03,22,,
2019-03-04,9.8,22.1,15.95
2019-03-05,10.5,21.5,16
2019-03-06,10.1,21.4,15.75
2019-03-07,8.6,21.6,15.1
2019-03-09,9,22,15.5
2019-03-10,10.5,23.6,17.05
2019-03-11,12,23.4,17.7
2019-03-12,11.7,25.7,18.7
2019-03-14,14.1,26.1,20.1
2019-03-15,15,26.5,20.75
2019-03-16,14.6,26.9,20.75
2019-03-17,13.4,,
2019-03-18,15.1,25.3,20.2
2019-03-19,9.3,24.4,16.85
2019-03-20,12,24.8,18.4
2019-03-21,12.5,25.3,18.9
2019-03-22,13.5,27.1,20.3
2019-03-23,24.8,,
2019-03-24,25.4,,
2019-03-25,15.8,24.8,20.3
2019-03-26,12.2,21.2,16.7
2019-03-27,12,24.3,18.15
2019-03-28,13.5,26,19.75
2019-03-29,16,26,21
2019-03-30,17,26.6,21.8
2019-03-31,15,24.6,19.8
2019-04-01,24.8,,
2019-04-02,14.6,26,20.3
2019-04-03,15,24.1,19.55
2019-04-04,15.4,24.4,19.9
2019-04-07,23.2,,
2019-04-09,14.5,23.1,18.8
2019-04-10,14.8,26.6,20.7
2019-04-11,15.7,26.6,21.15
2019-04-12,16.2,27.4,21.8
2019-04-13,18.4,,
2019-04-14,27,,
2019-04-15,16.5,,
2019-04-16,17.7,26.4,22.05
2019-04-18,16,26.8,21.4
2019-04-19,15.3,27.7,21.5
2019-04-20,14.3,,
2019-04-21,16.7,27.6,22.15
2019-04-22,15.5,26,20.75
2019-04-23,12.7,27.2,19.95
2019-04-24,17,28.7,22.85
2019-04-25,18.2,28.7,23.45
2019-04-26,16.8,29.9,23.35
2019-04-27,20,28.6,24.3
2019-04-28,18.9,29.6,24.25
2019-04-29,28.4,,
2019-04-30,18.3,29.5,23.9
2019-05-01,18.7,31.5,25.1
2019-05-02,18.7,29.6,24.15
2019-05-03,19,25.5,22.25
2019-05-04,18,21,19.5
2019-05-06,16.5,28.8,22.65
2019-05-07,18,29.7,23.85
2019-05-08,18.5,28.2,23.35
2019-05-09,18.5,28.5,23.5
2019-05-10,19.7,29.5,24.6
2019-05-11,19.8,30,24.9
2019-05-12,30.4,,
2019-05-13,15.4,,
2019-05-14,18.4,27.5,22.95
2019-05-15,28.5,,
2019-05-16,17,27,22
2019-05-17,18.5,27.5,23
2019-05-19,18.5,29,23.75
2019-05-20,18.7,29.4,24.05
2019-05-21,15.6,28,21.8
2019-05-22,18.7,28.5,23.6
2019-05-23,27,,
2019-05-25,19,27,23
2019-05-27,19.3,29.2,24.25
2019-05-28,19,,
2019-05-29,19.5,28.7,24.1
2019-05-30,17.4,28,22.7
2019-05-31,17.7,,
2019-06-01,19.3,28.5,23.9
2019-06-02,19,29.5,24.25
2019-06-03,18.3,29.2,23.75
2019-06-04,18.5,28.6,23.55
2019-06-05,20.6,28.9,24.75
2019-06-06,21,27.4,24.2
2019-06-07,20.5,29.7,25.1
2019-06-08,20.5,28.2,24.35
2019-06-09,20.5,28.7,24.6
2019-06-10,20.4,30.6,25.5
2019-06-11,18.9,29.1,24
2019-06-12,20.4,30.4,25.4
2019-06-13,21.2,32.2,26.7
2019-06-14,31.2,,
2019-06-16,22.4,30.2,26.3
2019-06-18,20,29.5,24.75
2019-06-19,30.3,,
2019-06-20,29.8,,
2019-06-21,20.9,33.7,27.3
2019-06-22,21.5,31.6,26.55
2019-06-23,21.6,29.5,25.55
2019-06-24,22,31.9,26.95
2019-06-25,22.5,28.4,25.45
2019-06-26,23,27.1,25.05
2019-06-27,20.8,25.4,23.1
2019-06-28,30.8,,
2019-06-30,22,31.2,26.6
2019-07-01,20.4,32.6,26.5
2019-07-02,32.6,,
2019-07-03,22,28.7,25.35
2019-07-04,21.4,32.5,26.95
2019-07-06,21.6,31.4,26.5
2019-07-07,30.5,,
2019-07-08,21.4,28.2,24.8
2019-07-09,20.6,27.2,23.9
2019-07-10,21.6,25,23.3
2019-07-11,20.6,22.5,21.55
2019-07-12,19.8,24.5,22.15
2019-07-13,18.9,21.4,20.15
2019-07-14,19.5,23.3,21.4
2019-07-15,19.2,26.5,22.85
2019-07-16,19.6,28.4,24
2019-07-17,19.6,29.2,24.4
2019-07-18,21.4,,
2019-07-19,29.8,,
2019-07-21,21.5,26.4,23.95
2019-07-22,28.6,,
2019-07-23,25.6,,
2019-07-24,21.2,25.3,23.25
2019-07-25,26,,
2019-07-27,20.9,29.5,25.2
2019-07-28,21.6,31,26.3
2019-07-29,21.5,30,25.75
2019-07-30,20.8,29,24.9
2019-07-31,20.5,28.8,24.65
2019-08-01,20.4,29.5,24.95
2019-08-02,20,,
2019-08-03,20.9,29.8,25.35
2019-08-04,21.2,30,25.6
2019-08-05,21.8,30.8,26.3
2019-08-06,21.7,33.5,27.6
2019-08-07,30.4,,
2019-08-08,21.2,30,25.6
2019-08-09,20.8,29.2,25
2019-08-10,20.5,29.6,25.05
2019-08-12,21.3,33,27.15
2019-08-13,20.6,31.4,26
2019-08-14,22,31.5,26.75
2019-08-16,21.6,28.8,25.2
2019-08-17,21.5,28.6,25.05
2019-08-18,21.2,29.8,25.5
2019-08-19,21.4,29.3,25.35
2019-08-20,20.3,30.3,25.3
2019-08-21,20.2,30.4,25.3
2019-08-22,20.5,30.7,25.6
2019-08-23,21,,
2019-08-25,20.2,31.6,25.9
2019-08-26,21,31.5,26.25
2019-08-27,20.4,30.4,25.4
2019-08-28,31.7,,
2019-08-29,20.8,30.4,25.6
2019-08-30,21.8,30.2,26
2019-08-31,21,30.2,25.6
2019-09-01,21.4,31.3,26.35
2019-09-02,32,,
2019-09-05,21.2,28.9,25.05
2019-09-06,20.6,30,25.3
2019-09-07,20.6,30.7,25.65
2019-09-08,21.5,27.8,24.65
2019-09-09,20.6,29.5,25.05
2019-09-10,21,30,25.5
2019-09-11,30.6,,
2019-09-12,21.2,31.3,26.25
2019-09-13,20.4,26.1,23.25
2019-09-14,20.2,29.5,24.85
2019-09-15,19,29.2,24.1
2019-09-16,20.4,27.2,23.8
2019-09-17,19.4,25.4,22.4
2019-09-18,19.5,23.2,21.35
2019-09-19,18.7,29,23.85
2019-09-21,19,28.5,23.75
2019-09-22,19.1,,
2019-09-23,19.8,28.3,24.05
2019-09-24,19.4,27.4,23.4
2019-09-25,19.5,24,21.75
2019-09-26,18.7,26.7,22.7
2019-09-27,18.3,27.2,22.75
2019-09-28,21.2,,
2019-09-29,17.4,19.5,18.45
2019-09-30,17,24.7,20.85
2019-10-01,26.7,,
2019-10-02,18.6,25.4,22
2019-10-03,18.7,27.6,23.15
2019-10-05,18.4,27.5,22.95
2019-10-06,19.1,26.8,22.95
2019-10-08,17.9,27,22.45
2019-10-09,16.4,27.6,22
2019-10-10,16.9,26.6,21.75
2019-10-11,17,26.8,21.9
2019-10-12,16.6,26.4,21.5
2019-10-13,15.7,26.4,21.05
2019-10-14,26.8,,
2019-10-15,15,27.5,21.25
2019-10-16,27.4,,
2019-10-17,15.6,26.9,21.25
2019-10-18,15.9,27.6,21.75
2019-10-19,16.5,,
2019-10-20,17.2,22.8,20
2019-10-21,16.9,25.8,21.35
2019-10-22,15.9,26,20.95
2019-10-23,15.2,33.5,24.35
2019-10-24,16.4,,
2019-10-25,20.9,,
2019-10-26,25.5,,
2019-10-27,14.5,23.5,19
2019-10-29,14.3,25.5,19.9
2019-10-30,14,,
2019-10-31,25.7,,
2019-11-05,13,25.4,19.2
2019-11-06,13.5,24.6,19.05
2019-11-07,14.4,26,20.2
2019-11-08,14.5,27.7,21.1
2019-11-09,14.2,25,19.6
2019-11-11,15.6,23.7,19.65
2019-11-12,14.6,24.5,19.55
2019-11-13,14.8,25.8,20.3
2019-11-14,14.3,25.7,20
2019-11-15,14.8,26,20.4
2019-11-16,14.4,25.5,19.95
2019-11-17,14.8,,
2019-12-11,8.5,20,14.25
2019-12-12,9.3,18,13.65
2019-12-13,10.5,19.2,14.85
2019-12-14,9,18,13.5
2019-12-15,7.7,20,13.85
2019-12-17,7.5,19.4,13.45
2019-12-18,7.5,18,12.75
2019-12-19,7.2,19.9,13.55
2019-12-20,7.6,,
2019-12-21,7.5,19.7,13.6
2019-12-22,6.6,18.5,12.55
2019-12-23,6.5,19,12.75
2019-12-29,5.8,19.6,12.7
2019-12-30,5.5,20,12.75
2020-01-02,8,21.3,14.65
2020-01-06,16.5,,
2020-01-08,18.6,,
2020-01-09,7.4,19,13.2
2020-01-10,7,19.4,13.2
2020-01-11,6.5,,
2020-01-12,7,20.5,13.75
2020-01-13,7.2,20.6,13.9
2020-01-14,7.8,19.7,13.75
2020-01-15,7.4,,
2020-01-16,8.2,20,14.1
2020-01-17,10.2,13.2,11.7
2020-01-18,8.3,,
2020-01-19,7,20.1,13.55
2020-01-20,18.4,,
2020-01-21,18.6,,
2020-01-22,5.5,16.8,11.15
2020-01-23,4.8,15.7,10.25
2020-01-24,5.4,16,10.7
2020-01-25,5.6,17.5,11.55
2020-01-26,17.4,,
2020-01-27,6.9,18.5,12.7
2020-01-28,18,,
2020-01-29,7.5,19,13.25
2020-01-30,8,18.3,13.15
2020-01-31,8.1,18.6,13.35
2020-02-01,17,,
2020-02-02,6.5,18.1,12.3
2020-02-03,5.9,18,11.95
2020-02-06,6.7,18.8,12.75
2020-02-08,6.4,18.8,12.6
2020-02-11,7.5,20.5,14
2020-02-12,8,22.1,15.05
2020-02-13,8.5,22,15.25
2020-02-14,9.4,21.1,15.25
2020-02-15,10.3,20.6,15.45
2020-02-16,10.5,21.5,16
2020-02-17,21.3,,
2020-02-20,11.4,19.8,15.6
2020-02-21,11,21.1,16.05
2020-02-23,24,,
2020-02-24,11,24.1,17.55
2020-02-25,9.2,23,16.1
2020-02-26,9.2,15,12.1
2020-02-27,8,,
2020-02-28,10.2,21.5,15.85
2020-02-29,10.3,23,16.65
2020-03-01,10.8,23.4,17.1
2020-03-02,11.4,23.5,17.45
2020-03-03,10.3,22.8,16.55
2020-03-04,10.7,22.5,16.6
2020-03-05,10.6,23,16.8
2020-03-06,11.5,22.3,16.9
2020-03-07,11.4,24,17.7
2020-03-08,8.8,20.5,14.65
2020-03-09,11,,
2020-03-10,11.8,22.8,17.3
2020-03-11,11.9,23.6,17.75
2020-03-12,11.6,24.9,18.25
2020-03-15,10.6,24.6,17.6
2020-03-16,10.5,24.2,17.35
2020-03-18,11.5,23.6,17.55
2020-03-24,10.7,,
2020-03-25,25.4,,
2020-03-26,14.6,25.1,19.85
2020-03-27,15.8,25.1,20.45
2020-03-28,15.2,27,21.1
2020-03-29,14.6,27,20.8
2020-03-30,14.4,26,20.2
2020-03-31,15.8,26,20.9
2020-04-01,15.4,26.1,20.75
2020-04-02,12.2,26,19.1
2020-04-03,14,26,20
2020-04-04,13.9,26.8,20.35
2020-04-05,13.3,25.6,19.45
2020-04-06,27.1,,
2020-04-07,14.4,26.7,20.55
2020-04-08,15.2,28,21.6
2020-04-09,15.4,26.8,21.1
2020-04-10,13.4,27,20.2
2020-04-11,15.1,26.7,20.9
2020-04-12,15.1,24.5,19.8
2020-04-13,16.8,,
2020-04-14,16.7,27.5,22.1
2020-04-15,16.8,25.4,21.1
2020-04-16,15.5,,
2020-04-17,15.6,26,20.8
2020-04-18,15.6,25,20.3
2020-04-19,16.5,26.5,21.5
2020-04-20,15.8,27.3,21.55
2020-04-21,14.5,19.7,17.1
2020-04-22,13,23.5,18.25
2020-04-23,12.5,24.5,18.5
2020-04-24,14,24.3,19.15
2020-04-25,13.5,24.3,18.9
2020-04-27,15,26.4,20.7
2020-04-28,26,,
2020-04-29,15.2,25.5,20.35
2020-04-30,16,25.6,20.8
2020-05-01,16.7,26.4,21.55
2020-05-02,16.5,25.6,21.05
2020-05-03,16.5,28,22.25
2020-05-04,17.4,26.7,22.05
2020-05-05,16.6,25.5,21.05
2020-05-06,16.4,,
2020-05-07,13.3,25.9,19.6
2020-05-08,13.9,25.7,19.8
2020-05-09,15.3,27,21.15
2020-05-10,17.4,29,23.2
2020-05-11,17.4,24,20.7
2020-05-12,16.7,28.2,22.45
2020-05-13,17.4,27.7,22.55
2020-05-15,18.8,26,22.4
2020-05-16,19.9,25.6,22.75
2020-05-17,20,28.2,24.1
2020-05-19,17.5,28,22.75
2020-05-20,18.3,25.5,21.9
2020-05-21,18,25.3,21.65
2020-05-22,18.8,,
2020-05-24,19.6,27,23.3
2020-05-25,19.9,29.1,24.5
2020-05-26,18.7,31,24.85
2020-05-27,16.5,25.4,20.95
2021-01-20,10.2,19.6,14.9
2021-01-22,8.4,20.6,14.5
2021-01-23,8,20.5,14.25
2021-01-24,7.5,20,13.75
2021-01-25,7.5,19.6,13.55
2021-01-26,7.3,20.2,13.75
2021-01-27,6.4,20.5,13.45
2021-02-02,7,20.6,13.8
2021-02-03,6.8,22,14.4
2021-02-04,8,23,15.5
2021-02-06,9,20.5,14.75
2021-02-07,7.4,21.2,14.3
2021-02-08,8,23.1,15.55
2021-02-10,9.3,,
2021-02-15,10,23,16.5
2021-02-17,9.5,23,16.25
2021-02-19,9.5,,
2021-03-01,14,25.2,19.6
2021-03-02,12,25.2,18.6
2021-03-03,11.9,24.2,18.05
2021-03-04,11,23.4,17.2
2021-03-05,12.5,23.2,17.85
2021-03-06,11.8,23.8,17.8
2021-03-07,12,21.6,16.8
2021-03-08,13.8,24.5,19.15
2021-03-09,12,26.3,19.15
2021-03-10,13.5,25,19.25
2021-03-11,11.5,25.6,18.55
2021-03-12,12,26,19
2021-03-13,15,22.5,18.75
2021-03-14,12.4,24,18.2
2021-03-15,14,25,19.5
2021-03-16,13.6,25.6,19.6
2021-03-18,14.4,26.5,20.45
2021-03-19,15,26.2,20.6
2021-03-20,15,25.7,20.35
2021-03-21,14.5,28,21.25
2021-03-22,15.5,28,21.75
2021-03-23,27.7,,
2021-03-24,16.3,28.2,22.25
2021-03-25,15.2,28.4,21.8
2021-03-26,13.5,27.7,20.6
2021-03-27,14.5,26.1,20.3
2021-03-28,28.5,,
2021-03-29,15,26.7,20.85
2021-03-30,14.9,27.5,21.2
2021-03-31,12.5,24.9,18.7
2021-04-01,14.2,25.1,19.65
2021-04-02,13,27.5,20.25
2021-04-03,14,28.5,21.25
2021-04-05,14.5,28.4,21.45
2021-04-06,28,,
2021-04-07,16,29.9,22.95
2021-04-08,16.4,28.5,22.45
2021-04-09,15,29.1,22.05
2021-04-10,15.6,29.5,22.55
2021-04-11,16.4,30.5,23.45
2021-04-12,16.4,,
2021-04-13,16.5,29.8,23.15
2021-04-14,16.6,31,23.8
2021-04-15,18,,
2021-04-16,15,27.4,21.2
2021-04-17,14.5,25.6,20.05
2021-04-18,16,26.5,21.25
2021-04-19,14.5,28,21.25
2021-04-20,29.2,,
2021-04-21,28.5,,
2021-04-23,12,27.3,19.65
2021-04-24,15.5,29.1,22.3
2021-04-25,16.5,29.5,23
