YEAR,MONTH,DAY,TAVG
1976,11,8,16
1976,11,10,16
1976,11,11,16
1976,11,15,15.5
1976,11,16,15
1976,11,19,13
1976,12,13,13
1977,2,9,10
1977,2,10,12.5
1977,2,15,14.5
1977,2,25,14.5
1977,2,26,16
1977,3,7,17.5
1977,3,10,19
1977,3,19,20
1977,3,24,20.5
1977,3,28,20
1977,4,5,18.5
1977,4,8,19
1977,4,10,17.5
1977,4,27,20
1977,4,28,20.5
1977,5,7,15.5
1977,5,8,16.5
1977,5,10,19.5
1977,5,11,19
1977,5,31,24
1977,6,6,19.5
1977,6,10,21
1977,6,17,21.5
1977,7,1,22
1977,7,4,23
1977,7,7,21.5
1977,7,12,21
1977,7,16,21.5
1977,7,18,21.5
1977,8,2,21.5
1977,8,31,23.5
1977,9,2,21
1977,9,8,23
1977,9,14,20
1977,9,15,19.5
1977,9,21,19.5
1977,9,22,20
1977,9,23,20.5
1977,9,24,21
1977,10,3,18.5
1977,10,9,19.5
1977,10,11,20
1977,10,14,17
1977,10,17,17
1977,10,19,16.5
1977,10,24,17.5
1977,10,29,17.5
1977,10,31,18
1977,11,1,17.5
1977,11,2,18
1977,11,3,17
1977,11,5,16
1977,11,6,15
1977,11,7,15
1977,11,10,15.5
1977,11,11,15.5
1977,11,13,13.5
1977,11,15,14.5
1977,11,17,15.5
1977,11,19,15.5
1977,11,20,16
1977,11,22,14.5
1977,11,25,14.5
1977,11,28,15
1977,12,6,12.5
1977,12,10,13
1977,12,13,12.5
1977,12,16,12
1977,12,17,12.5
1977,12,28,8.5
1977,12,30,8.5
1978,1,5,9
1978,2,2,12
1978,2,4,11
1978,2,5,10.5
1978,2,7,12
1978,2,9,10.5
1978,2,12,10
1978,2,15,13
1978,2,18,12.5
1978,2,26,16.5
1978,2,27,17
1978,3,1,17
1978,3,17,16.5
1978,3,21,16.5
1978,3,22,16.5
1978,3,31,14
1978,4,1,16
1978,4,22,18.5
1978,4,23,19.5
1978,4,28,21.5
1978,5,1,20.5
1978,5,3,20
1978,5,7,20
1978,5,11,20.5
1978,6,3,21
1978,6,6,22.5
1978,6,7,21.5
1978,6,14,21
1978,6,17,22
1978,7,14,21
1978,7,25,22
1978,7,27,21
1978,7,29,22.5
1978,7,31,22
1978,8,1,20.5
1978,8,2,22.5
1978,8,11,23.5
1978,8,12,24
1978,8,17,22.5
1978,8,23,21
1978,8,25,22.5
1978,8,28,24.5
1978,8,30,22.5
1978,9,4,21
1978,9,7,22
1978,9,12,19
1978,9,15,21
1978,9,16,20.5
1978,9,18,20.5
1978,9,20,20.5
1978,9,24,21.5
1978,9,30,20
1978,10,16,19.5
1978,10,18,18.5
1978,11,10,16
1978,11,12,17
1978,11,16,15
1978,11,24,13.5
1978,12,1,13
1978,12,2,10
1978,12,5,14
1978,12,6,16
1978,12,7,15
1978,12,16,14
1978,12,17,12
1978,12,23,12
1978,12,28,12
1978,12,31,12
1979,1,13,12
1979,1,28,11.5
1979,2,8,6.5
1979,2,20,14
1979,3,3,15
1979,3,15,15.5
1979,3,18,17
1979,3,23,18.5
1979,3,30,19
1979,5,2,19
1979,5,14,22
1979,5,15,23
1979,5,27,24
1979,6,16,20.5
1979,6,20,22.5
1979,6,21,21.5
1979,6,22,21.5
1979,7,4,22
1979,8,5,24.5
1979,8,11,23
1979,8,12,22.5
1979,8,13,22
1979,8,18,21.5
1979,8,25,20.5
1979,8,27,19.5
1979,8,29,20
1979,9,1,21
1979,9,3,20
1979,9,15,18.5
1979,9,16,20
1979,9,19,20.5
1979,9,21,20.5
1979,9,24,20.5
1979,9,25,21
1979,9,29,20.5
1979,10,11,17.5
1979,10,24,17
1979,12,19,9
1979,12,27,11
1980,1,2,10
1980,1,16,10.5
1980,1,20,11
1980,1,25,10.5
1980,1,27,11
1980,2,6,11.5
1980,2,11,10.5
1980,2,12,11
1980,2,14,14
1980,2,17,13.5
1980,2,18,12
1980,2,19,12.5
1980,2,23,15.5
1980,2,27,15
1980,2,29,16
1980,3,12,17.5
1980,4,5,21
1980,4,10,21
1980,4,23,21.5
1980,4,26,24
1980,5,16,20
1980,5,23,21.5
1980,5,24,21
1980,5,25,21
1980,5,26,19.5
1980,6,2,21.5
1980,6,14,21
1980,6,15,21.5
1980,6,18,22
1980,6,30,24
1980,7,2,22
1980,7,11,22
1980,7,23,23
1980,7,27,22
1980,8,1,21
1980,8,23,22.5
1980,8,26,23
1980,8,29,21
1980,9,1,22.5
1980,9,6,22
1980,9,7,22
1980,9,13,20
1980,9,22,20
1980,10,12,18.5
1980,10,30,17
1980,11,1,18.5
1980,11,7,16.5
1980,11,9,18
1980,11,11,17
1980,11,14,17
1980,11,15,16.5
1980,11,17,16.5
1980,11,18,16.5
1980,11,19,16
1980,11,21,17
1980,11,25,13.5
1980,11,26,14.5
1980,11,29,14
1980,12,1,15.5
1980,12,2,15
1980,12,5,14
1980,12,13,13.5
1980,12,15,13.5
1980,12,19,13
1980,12,31,12.5
1981,1,1,12.5
1981,1,2,12.5
1981,1,14,11
1981,1,19,10
1981,1,20,11
1981,1,21,11.5
1981,1,22,11
1981,1,23,11
1981,2,12,9
1981,2,16,14
1981,2,20,15.5
1981,2,21,15.5
1981,2,26,17
1981,2,27,17
1981,3,21,19.5
1981,3,24,18.5
1981,3,25,18
1981,3,28,14.5
1981,3,29,15
1981,4,5,18.5
1981,4,9,19.5
1981,4,10,18
1981,4,11,20
1981,4,12,18.5
1981,4,13,19
1981,4,16,17
1981,4,19,17
1981,4,20,18
1981,4,23,20
1981,5,4,20
1981,5,23,21
1981,5,27,20
1981,5,30,20
1981,6,3,22
1981,6,9,21
1981,6,10,21.5
1981,6,26,21.5
1981,7,7,23
1981,7,12,22
1981,7,13,23
1981,7,17,21.5
1981,7,23,22.5
1981,8,6,23
1981,8,13,23
1981,8,19,21.5
1981,10,16,20
1981,10,17,19.5
1981,10,19,19.5
1981,10,20,19
1981,10,21,18.5
1981,11,1,17
1981,12,14,12.5
1981,12,23,11.5
1981,12,29,11.5
1982,1,9,14
1982,1,13,12.3
1982,2,15,11.9
1982,2,25,12.6
1982,3,7,11.2
1982,3,8,12.05
1982,3,15,16.15
1982,3,20,16.7
1982,3,21,17.35
1982,4,6,21.5
1982,4,8,21.4
1982,4,17,17.25
1982,4,26,18.1
1982,4,30,20.8
1982,5,1,21.7
1982,5,9,21.9
1982,5,12,22.25
1982,5,18,21.85
1982,5,24,23.4
1982,5,30,21.6
1982,7,7,20.35
1982,7,8,21.6
1982,7,13,21.75
1982,7,16,22.15
1982,7,17,23.1
1982,8,3,19.25
1982,8,4,19.55
1982,8,5,20.7
1982,8,9,21.45
1982,8,12,23.3
1982,8,13,23.6
1982,9,12,20.9
1982,11,13,13.8
1982,11,14,15
1982,11,16,15.3
1982,11,17,15.45
1982,11,19,16.2
1982,11,20,16.35
1982,11,23,14.5
1982,11,26,12
1982,12,22,12.95
1983,1,16,7.45
1983,2,9,11.6
1983,2,22,12.9
1983,2,23,11.65
1983,2,24,12
1983,2,25,12.9
1983,3,9,15.3
1983,3,11,17.8
1983,3,17,15.25
1983,4,6,20.95
1983,4,16,13.35
1983,4,17,15.95
1983,5,4,19.1
1983,6,21,22.35
1983,6,25,22.7
1983,6,27,22.5
1983,6,28,22.15
1983,7,6,20.8
1983,7,7,21.35
1983,7,8,22.3
1983,7,10,22.3
1983,7,12,21.85
1983,7,13,22.3
1983,7,16,19.45
1983,7,17,21.65
1983,7,18,23.05
1983,7,19,22.5
1983,7,20,22.3
1983,7,21,23.25
1983,7,22,22.85
1983,7,23,22.3
1983,7,24,21.05
1983,7,28,21.05
1983,7,31,21.55
1983,8,2,23
1983,8,3,21.3
1983,8,5,21.15
1983,8,7,23.3
1983,8,8,23.65
1983,8,10,21.3
1983,8,11,21.1
1983,8,12,22.2
1983,8,15,22.9
1983,8,16,22.4
1983,8,17,21.05
1983,8,18,23.75
1983,8,19,23.7
1983,8,30,21
1983,8,31,21.35
1983,9,4,21.55
1983,9,6,22
1983,9,7,22.6
1983,9,8,22.1
1983,9,10,21.45
1983,9,11,21.35
1983,9,14,20.2
1983,9,15,20.55
1983,9,16,21.7
1983,9,17,20.55
1983,9,18,19.05
1983,9,19,21.9
1983,9,22,20.25
1983,9,23,21.2
1983,9,24,21
1983,9,28,20.55
1983,10,9,20.35
1983,10,10,21.2
1983,10,14,19.55
1983,10,16,18.4
1983,10,20,21.05
1983,10,21,20.5
1983,10,22,19.2
1983,10,25,16.2
1983,10,26,17.1
1983,11,19,16.1
1983,11,20,14.75
1983,11,22,16.3
1983,11,28,14.75
1983,11,30,14.35
1983,12,2,14
1983,12,4,13.45
1983,12,5,13.15
1983,12,25,9.1
1983,12,26,7
1984,1,2,9.65
1984,1,3,13.05
1984,1,4,11.3
1984,1,5,10.35
1984,1,6,10.85
1984,1,19,5.4
1984,1,21,7.6
1984,1,23,8.75
1984,1,24,9.2
1984,1,25,8.9
1984,1,26,9.65
1984,1,28,9.2
1984,1,30,9.3
1984,2,2,11.45
1984,2,4,13.35
1984,2,5,12
1984,2,6,12.1
1984,2,7,11.9
1984,2,8,12.2
1984,2,13,11.65
1984,2,14,12.9
1984,2,16,13.9
1984,2,17,14.6
1984,2,19,14.15
1984,2,20,10.3
1984,2,21,13.9
1984,2,25,11.75
1984,2,26,12.1
1984,2,27,12.8
1984,2,28,13.35
1984,2,29,13.9
1984,3,2,14.05
1984,3,3,14.1
1984,3,5,14.7
1984,3,8,15.65
1984,3,9,15.9
1984,3,10,16.1
1984,3,14,18.6
1984,3,17,20.3
1984,3,21,16.7
1984,3,22,17.35
1984,3,24,19.7
1984,3,25,20.15
1984,4,3,21.65
1984,4,12,19.1
1984,4,13,20.6
1984,4,14,21.55
1984,4,15,22.25
1984,4,17,18.8
1984,4,19,21.05
1984,4,21,22
1984,4,25,20
1984,4,30,19
1984,5,1,19.8
1984,5,2,19.6
1984,5,8,18.45
1984,5,11,18.05
1984,5,12,18.25
1984,5,19,22.5
1984,5,23,22.85
1984,5,25,21.7
1984,5,29,19.2
1984,6,2,24.8
1984,6,3,24.6
1984,6,4,22.85
1984,6,8,19.65
1984,6,15,20.45
1984,6,16,19.1
1984,6,19,19.6
1984,6,20,20.5
1984,6,22,23.65
1984,6,25,21.1
1984,6,28,22.35
1984,6,29,20.4
1984,7,4,22
1984,7,6,20.9
1984,7,7,21.7
1984,7,8,20.1
1984,7,9,20.05
1984,7,10,21.3
1984,7,13,19.55
1984,7,14,20.5
1984,7,16,21.7
1984,7,17,20.65
1984,7,18,21.25
1984,7,19,20.65
1984,7,20,20.95
1984,7,22,20.95
1984,7,23,19.4
1984,7,25,20.05
1984,7,30,21.65
1984,8,5,21.9
1984,9,1,22.75
1984,9,4,20.75
1984,9,9,20.5
1984,9,11,20.65
1984,9,12,19.4
1984,9,14,19
1984,9,15,19.25
1984,9,18,18.4
1984,9,20,19.15
1984,9,22,20.15
1984,9,23,19.65
1984,9,24,19.55
1984,9,25,19.75
1984,9,26,19.45
1984,9,28,19.8
1984,9,29,20.15
1984,9,30,20.5
1984,10,1,20.65
1984,10,2,22.05
1984,10,4,19.9
1984,10,8,18.05
1984,10,10,18.5
1984,10,11,19.2
1984,10,12,20.4
1984,10,15,20.7
1984,10,16,19.95
1984,10,18,19.95
1984,10,19,19.6
1984,10,20,19.1
1984,10,22,18.05
1984,10,27,18
1984,10,28,17.9
1984,10,29,17.4
1984,10,30,17.25
1984,11,1,16.65
1984,11,2,18.25
1984,11,3,18.5
1984,11,6,16.95
1984,11,7,17.35
1984,11,8,17.5
1984,11,9,16.5
1984,11,10,14.65
1984,11,11,14.15
1984,11,12,13.8
1984,11,14,14.6
1984,11,15,15.2
1984,11,17,16.1
1984,11,20,14.4
1984,11,24,15.05
1984,11,26,12.95
1984,11,27,13.75
1984,11,29,14.6
1984,12,3,14.5
1984,12,7,14.2
1984,12,11,12.25
1984,12,24,13
1984,12,25,13.2
1984,12,26,12.85
1984,12,27,10.55
1984,12,31,11.65
1985,1,4,10.8
1985,1,6,9.7
1985,1,14,9.85
1985,1,15,9.2
1985,1,16,9.15
1985,1,17,11.85
1985,1,18,10.85
1985,1,23,11.7
1985,1,24,11.95
1985,1,26,13.2
1985,1,31,12.3
1985,2,1,12.35
1985,2,7,9.75
1985,2,9,9.3
1985,2,10,10.25
1985,2,12,11.3
1985,2,13,12.9
1985,2,14,13
1985,2,15,12.55
1985,2,17,10.35
1985,2,18,11.6
1985,2,19,11.65
1985,2,20,12.65
1985,2,21,13.2
1985,2,23,13.9
1985,2,24,14.6
1985,2,25,14.1
1985,2,26,14.1
1985,2,27,15
1985,2,28,14.25
1985,3,2,15.15
1985,3,3,15.8
1985,3,5,18.2
1985,3,6,17.45
1985,3,11,17.65
1985,3,12,18.45
1985,3,13,18.9
1985,3,14,18.6
1985,3,31,21
1985,4,1,21.45
1985,4,3,20.5
1985,4,4,21.05
1985,4,5,20.7
1985,4,6,26.25
1985,4,7,20.7
1985,4,8,17.6
1985,4,10,19.3
1985,4,13,22.25
1985,4,14,21.75
1985,4,16,21.4
1985,4,17,21.3
1985,4,19,19.55
1985,4,20,20.6
1985,4,21,21.8
1985,4,23,20.5
1985,4,28,20.4
1985,4,29,20
1985,4,30,20.05
1985,5,1,18.75
1985,5,5,18.65
1985,5,8,20.2
1985,5,9,21.6
1985,5,10,21.4
1985,5,12,18.5
1985,5,16,21.7
1985,5,17,22.55
1985,5,19,20.35
1985,5,21,19.05
1985,5,22,21.15
1985,5,24,21.9
1985,5,30,23.2
1985,5,31,22.6
1985,6,2,21.75
1985,6,3,21.65
1985,6,4,21.75
1985,6,5,21.3
1985,6,10,20.85
1985,6,14,22.05
1985,6,15,21.85
1985,6,16,21.4
1985,6,18,21.9
1985,6,20,22.5
1985,6,21,22.85
1985,6,22,22.15
1985,6,23,22.4
1985,6,25,23.55
1985,6,26,22.85
1985,6,27,22.5
1985,6,28,22.7
1985,7,1,22.05
1985,7,3,21.95
1985,7,6,21.95
1985,7,7,22.25
1985,7,8,21.7
1985,7,10,20.9
1985,7,11,21.25
1985,7,12,21.3
1985,7,13,21.3
1985,7,14,20.7
1985,7,15,21
1985,7,18,21.6
1985,7,19,20.85
1985,8,3,21.9
1985,8,5,22.6
1985,8,8,22.5
1985,8,11,22.35
1985,8,12,22.4
1985,8,13,23.15
1985,8,15,22.75
1985,8,16,22.6
1985,8,17,22.3
1985,8,18,21.95
1985,8,19,21.9
1985,8,20,23.05
1985,8,29,23.25
1985,9,1,21.25
1985,9,2,20.95
1985,9,3,20.7
1985,9,5,20.8
1985,9,11,21.3
1985,9,12,22.5
1985,9,14,21.05
1985,9,15,20.3
1985,9,23,19.95
1985,9,24,19.65
1985,9,25,19.15
1985,9,26,20.3
1985,9,30,19.9
1985,10,6,20.4
1985,10,8,19.6
1985,10,9,18.9
1985,10,13,20.2
1985,10,15,23.25
1985,10,19,17.3
1985,10,20,18.3
1985,10,22,19.7
1985,10,23,18.95
1985,10,24,17.75
1985,10,28,15.7
1985,10,30,16
1985,11,3,16.75
1985,11,5,14.4
1985,11,8,14.2
1985,11,10,11.9
1985,11,11,14
1985,11,13,15.9
1985,11,14,16.4
1985,11,16,17.6
1985,11,17,16.25
1985,11,18,15.6
1985,11,19,14.9
1985,11,20,13.85
1985,11,21,14.85
1985,11,24,13.65
1985,11,26,15.3
1985,11,27,14.7
1985,11,29,13.9
1985,11,30,14
1985,12,1,13.95
1985,12,2,13.5
1985,12,4,13.8
1985,12,5,14.55
1985,12,6,14.15
1985,12,8,14.1
1985,12,12,12.15
1985,12,13,11.95
1985,12,14,13.7
1985,12,15,13.95
1985,12,16,15
1985,12,18,13.9
1985,12,20,10.9
1985,12,24,9.2
1985,12,25,13.45
1985,12,26,11.9
1986,1,1,10.6
1986,1,2,11.2
1986,1,6,12.1
1986,1,7,12.45
1986,1,8,12.4
1986,1,10,12.35
1986,1,11,12.55
1986,1,12,11.6
1986,1,13,11.8
1986,1,15,11.6
1986,1,18,10.8
1986,1,20,12.25
1986,1,22,12.2
1986,1,26,12.45
1986,1,27,12.65
1986,1,30,12.9
1986,1,31,13.35
1986,2,2,11.2
1986,2,5,12.65
1986,2,6,12.65
1986,2,7,12.45
1986,2,8,13
1986,2,9,13.75
1986,2,14,13.35
1986,2,18,11.65
1986,3,6,13.95
1986,3,8,14.25
1986,3,12,18.1
1986,3,14,18.5
1986,3,15,19.7
1986,3,18,16.15
1986,3,19,17.95
1986,3,24,19.5
1986,3,25,19.35
1986,3,26,18.5
1986,3,27,19.2
1986,3,28,19.25
1986,4,1,20.7
1986,4,2,21.35
1986,4,3,20.95
1986,4,4,17.1
1986,4,7,16.7
1986,4,8,17.55
1986,4,10,17.15
1986,4,11,18.5
1986,4,14,19.6
1986,4,15,19
1986,4,16,20.3
1986,4,17,22.3
1986,4,20,20.85
1986,4,28,17.25
1986,4,30,17.05
1986,5,2,17.95
1986,5,3,19.75
1986,5,4,18.25
1986,5,9,20.45
1986,5,10,21.65
1986,5,13,18.7
1986,5,14,19.4
1986,5,20,20.15
1986,5,21,19.9
1986,5,23,20.85
1986,5,25,21.05
1986,5,29,20.85
1986,5,30,21.45
1986,5,31,20.45
1986,6,1,21.15
1986,6,2,21.15
1986,6,6,21.9
1986,6,10,22.65
1986,6,12,21.95
1986,6,14,22.2
1986,6,17,22.35
1986,6,18,21.9
1986,6,19,22.7
1986,6,20,22.6
1986,6,22,24.95
1986,6,24,23.15
1986,6,25,23.3
1986,7,8,20.4
1986,7,9,22.1
1986,7,17,20.9
1986,7,19,22.2
1986,7,21,22.1
1986,7,23,21.7
1986,7,24,21.45
1986,7,25,20.4
1986,8,1,20.2
1986,8,2,19.9
1986,8,9,23.55
1986,8,10,24.15
1986,8,11,24.2
1986,8,16,21.6
1986,8,17,23.9
1986,8,18,22.05
1986,8,20,22.4
1986,8,21,21.55
1986,8,29,21.95
1986,9,2,20.7
1986,9,16,20.15
1986,9,17,20.1
1986,9,18,20.35
1986,9,28,17.9
1986,9,29,18.75
1986,9,30,18.4
1986,10,6,17.55
1986,10,10,17.75
1986,10,11,17.7
1986,10,12,17.85
1986,10,13,17.5
1986,10,23,17.95
1986,10,24,17.75
1986,10,26,16.55
1986,11,13,14.3
1986,11,22,15.05
1986,11,24,14.1
1986,11,26,14.45
1986,11,29,14.05
1986,11,30,14.7
1986,12,10,13.4
1986,12,11,13.05
1986,12,12,12
1986,12,17,10.6
1986,12,19,11.35
1986,12,20,12.05
1986,12,26,12.15
1987,1,3,9.3
1987,1,4,11.1
1987,2,9,12.75
1987,2,10,12.55
1987,2,12,12.45
1987,2,13,14.2
1987,2,18,13.5
1987,2,19,14.15
1987,2,21,14.6
1987,3,1,12.5
1987,3,16,13.75
1987,3,17,14.4
1987,3,18,14.75
1987,3,23,17
1987,3,24,17.5
1987,3,26,19.4
1987,3,28,19.3
1987,3,29,20.3
1987,3,30,18.75
1987,4,1,18.25
1987,4,6,20.7
1987,4,9,19.3
1987,4,16,20.65
1987,4,27,13.8
1987,5,9,17.95
1987,5,10,19.55
1987,5,22,22.25
1987,6,3,21.35
1987,6,5,21.2
1987,6,6,21.4
1987,6,9,22.7
1987,6,12,22.3
1987,6,16,22.95
1987,6,18,23
1987,6,20,20.75
1987,7,8,22.05
1987,7,21,22.4
1987,7,22,23
1987,7,24,20.55
1987,8,8,25.95
1987,8,30,21.6
1987,9,3,21.95
1987,9,14,21.95
1987,9,15,20.95
1987,9,16,21.25
1987,9,20,20.55
1987,9,24,20.65
1987,10,2,19.4
1987,10,9,18.95
1987,10,10,18.55
1987,10,18,19.7
1987,10,29,17.05
1987,10,31,16.75
1987,11,1,16
1987,11,4,16.9
1987,11,5,17.2
1987,11,6,17.8
1987,11,9,17.85
1987,11,10,16.1
1987,11,14,16.25
1987,11,16,16.85
1987,11,18,15.65
1987,11,19,15.15
1987,11,29,14.65
1987,11,30,15.15
1987,12,6,13.9
1987,12,18,13.05
1987,12,27,12.55
1987,12,28,12.15
1987,12,29,12.35
1988,1,2,12.5
1988,1,3,12.75
1988,1,4,12.05
1988,1,7,12.1
1988,1,10,10.6
1988,1,14,12
1988,1,16,10.7
1988,1,18,11.4
1988,1,19,11.05
1988,2,12,14.7
1988,2,15,13.05
1988,2,17,12.85
1988,2,20,13.5
1988,3,8,16.15
1988,3,26,18.8
1988,4,5,21.7
1988,4,6,23.25
1988,4,8,22.35
1988,4,10,22.8
1988,4,21,18.2
1988,4,25,20.15
1988,4,28,21.25
1988,4,29,20.3
1988,5,31,21.25
1988,6,3,21.8
1988,6,5,20.8
1988,6,7,22.9
1988,6,18,21.25
1988,6,22,21.6
1988,8,17,22.25
1988,8,24,20.55
1988,10,2,20.6
1988,10,13,20.8
1988,10,24,18.05
1988,10,30,18.1
1988,10,31,16.75
1988,11,1,17.1
1988,11,24,16.05
1988,12,22,13.2
1988,12,27,11.05
1989,1,4,10.8
1989,1,14,9.55
1989,1,21,9.95
1989,2,5,13.4
1989,2,7,14
1989,3,4,14.85
1989,3,13,13.6
1989,4,4,18.4
1989,4,10,21.1
1989,4,14,20.7
1989,4,23,24
1989,5,7,25.3
1989,5,9,23.75
1989,5,10,23.7
1989,5,16,20.95
1989,5,23,20.95
1989,5,24,23.3
1989,6,1,20.95
1989,6,5,20.9
1989,6,26,21.6
1989,6,28,21.25
1989,7,14,19.45
1989,7,17,20.2
1989,8,4,22
1989,9,8,21.15
1989,9,11,21.4
1989,9,13,21.7
1989,9,15,21.45
1989,9,16,20.9
1989,9,23,20.3
1989,9,28,17.95
1989,10,7,20.25
1989,10,8,19.8
1989,10,10,19.4
1989,10,17,20
1989,10,18,18.5
1989,11,3,14.8
1989,11,5,14.9
1989,11,28,14.55
1989,12,3,15
1989,12,5,12.85
1989,12,17,12.8
1989,12,19,11.35
1989,12,20,11.4
1989,12,22,11.65
1989,12,24,10.95
1989,12,25,11.6
1990,1,5,11.5
1990,1,12,12.85
1990,2,18,11.7
1990,3,2,13.55
1990,3,6,13.3
1990,3,7,13
1990,3,8,12.45
1990,3,9,13.6
1990,3,16,16.9
1990,3,21,16.55
1990,5,7,20.4
1990,6,13,22.3
1990,6,15,22.6
1990,7,3,23.15
1990,7,4,21.8
1990,7,5,21.8
1990,7,8,21.6
1990,7,13,21.8
1990,7,16,21.6
1990,7,17,21.45
1990,7,18,21.3
1990,7,24,22.85
1990,9,25,18
1990,10,1,19.95
1990,10,2,20.05
1990,10,3,20.25
1990,10,19,19
1990,10,30,17.45
1990,10,31,17.65
1990,11,5,17.3
1990,11,12,18.45
1990,11,19,16.4
1990,11,27,15.05
1990,12,28,12.15
1991,1,1,9.35
1991,1,15,9.55
1991,1,21,7.05
1991,1,27,13.55
1991,1,28,14.8
1991,2,1,13.05
1991,2,4,11.35
1991,2,10,13.4
1991,2,11,13.45
1991,2,15,13.45
1991,2,18,14.1
1991,2,20,15.15
1991,7,12,21.95
1991,7,22,23.3
1991,7,25,23.4
1991,8,13,22.85
1991,8,16,22.1
1991,8,19,22.85
1991,8,30,22.7
1991,8,31,21.9
1991,9,2,21.45
1991,9,10,18.35
1991,9,18,21.1
1991,9,21,21.2
1991,9,22,21.75
1991,9,25,21.55
1991,9,26,20.35
1991,9,27,20.4
1991,10,4,21.5
1991,10,6,20.15
1991,10,13,20.35
1991,10,19,19.45
1991,10,23,19.55
1991,11,5,15.9
1991,11,11,17.4
1991,11,17,16.55
1991,11,19,15.5
1991,12,2,10.95
1991,12,5,13.05
1991,12,17,15.45
1991,12,18,15.9
1991,12,20,13.85
1991,12,24,10.45
1991,12,25,10.25
1991,12,29,8.75
1991,12,30,6.9
1992,1,2,8.25
1992,1,15,10.05
1992,1,16,11.3
1992,1,26,12.95
1992,1,27,13.8
1992,2,2,9.25
1992,2,21,12.2
1992,3,3,14.65
1992,3,13,17.1
1992,3,18,16.65
1992,3,19,17.3
1992,3,20,18.45
1992,3,27,19.75
1992,3,28,20.1
1992,4,3,19.3
1992,5,27,20
1992,6,4,23.8
1992,6,26,22.2
1992,7,3,22
1992,8,1,22.65
1992,8,6,21.65
1992,8,12,23.5
1992,8,13,24
1992,8,18,23.65
1992,8,28,22.15
1992,9,2,24.5
1992,9,8,22.65
1992,9,15,20.4
1992,9,16,21.35
1992,9,17,20.15
1992,9,20,21.45
1992,10,5,20.5
1992,10,18,19.25
1992,11,8,16.25
1992,11,12,16.7
1992,11,22,16.4
1992,11,25,13.85
1992,11,27,13.95
1992,12,1,14.75
1992,12,7,12.8
1992,12,17,12.7
1992,12,26,11.7
1992,12,29,11.25
1993,3,3,16
1993,3,8,16.65
1993,3,20,15.6
1993,3,23,16.25
1993,3,25,16.85
1993,3,28,14.6
1993,4,4,19.75
1993,4,5,20.4
1993,4,12,16.8
1993,4,23,19.55
1993,4,25,17
1993,4,27,19.85
1993,5,2,21.4
1993,5,8,20.65
1993,5,10,19.3
1993,5,11,19.6
1993,5,19,19.3
1993,5,22,21.4
1993,5,28,20
1993,5,31,21.2
1993,6,1,22.05
1993,6,3,21.4
1993,6,8,21.85
1993,6,9,21.9
1993,6,11,21.65
1993,6,16,23.4
1993,7,6,23.05
1993,7,11,23.5
1993,7,19,20.9
1993,7,22,21.05
1993,7,23,22.75
1993,7,25,23
1993,8,8,20.45
1993,8,11,23.5
1993,8,12,22.4
1993,8,14,23
1993,8,17,22.95
1993,8,22,21.45
1993,8,25,22.35
1993,8,26,22.65
1993,8,27,21.75
1993,8,30,22.2
1993,8,31,22.3
1993,9,2,20.65
1993,9,6,22.15
1993,9,12,22.05
1993,12,10,15.55
1994,1,5,14.05
1994,1,13,15.75
1994,1,19,11.1
1994,1,31,13.5
1994,2,4,13.1
1994,2,6,13.65
1994,2,7,13.75
1994,2,11,11.55
1994,3,4,16.3
1994,3,8,16.65
1994,3,9,16.55
1994,3,22,21.7
1994,3,24,19.1
1994,3,29,17.15
1994,4,7,21.15
1994,4,17,20.95
1994,5,24,23.35
1994,6,1,23.4
1994,7,10,24.85
1994,7,11,25.15
1994,7,13,25.85
1994,8,4,24.75
1994,8,20,24
1994,9,14,23.2
1994,11,18,16.35
1994,12,3,14.65
1994,12,5,15.3
1994,12,15,13.45
1994,12,22,13.95
1994,12,23,13.9
1994,12,25,13.25
1994,12,28,13.4
1995,1,1,10.6
1995,1,12,14.15
1995,2,27,13.6
1995,3,19,19.6
1995,3,26,21.75
1995,4,26,24.25
1995,5,11,23.6
1995,5,21,23.6
1995,5,30,25.95
1995,6,23,23.25
1995,9,3,24.75
1995,9,29,19.95
1995,10,12,19.15
1995,10,27,19.55
1995,10,28,19.9
1995,11,3,18.05
1995,11,9,18.75
1995,11,13,19.15
1995,11,14,18.4
1995,11,19,17.55
1995,11,20,16.4
1995,11,23,16
1995,11,28,14.85
1995,11,29,14.45
1995,11,30,14.6
1995,12,5,13.25
1995,12,8,14.85
1995,12,10,14.1
1995,12,13,14.15
1995,12,21,13.35
1995,12,28,13.05
1995,12,30,13.25
1996,1,10,13
1996,1,15,10.4
1996,2,8,13.75
1996,2,15,15.4
1996,3,27,17.05
1996,3,31,20.5
1996,4,14,22.75
1996,4,27,19.75
1996,5,1,21.9
1996,5,7,23.6
1996,5,16,21.95
1996,5,21,22.55
1996,5,25,25.35
1996,5,27,23.35
1996,6,3,22.05
1996,6,29,24.4
1996,6,30,23.35
1996,7,11,22.3
1996,7,25,25.65
1996,7,29,23.75
1996,8,8,24.2
1996,8,9,24.5
1996,8,10,24.15
1996,8,28,23.7
1996,8,31,21.65
1996,9,9,23.1
1996,9,13,24.75
1996,9,18,23.1
1996,9,27,23.85
1996,10,8,20.7
1996,10,17,19.4
1996,11,1,19.95
1996,11,8,18.65
1996,12,2,15.2
1997,2,12,11.55
1997,3,20,19
1998,6,1,25.1
1998,6,10,25.35
1998,6,12,25.6
1998,6,18,24.3
1998,6,20,23.95
1998,6,25,25
1998,7,7,22.65
1998,7,15,23.45
1998,7,22,22.85
1998,7,23,21.9
1998,7,28,24.6
1998,7,29,25.3
1998,7,30,24.35
1998,8,17,22.35
1998,8,19,23.45
1998,8,22,24.5
1998,8,28,23.7
1998,8,29,24
1998,9,14,23.25
1998,9,17,24.5
1998,9,24,23.25
1998,9,29,23.25
1998,10,6,22.5
1998,10,9,23.5
1998,10,10,23.6
1998,10,12,23.15
1998,10,25,20.75
1998,10,28,20.05
1998,11,13,17.85
1998,11,26,17.55
1998,12,3,16.6
1998,12,4,16.35
1998,12,5,15.9
1998,12,22,13.1
1999,2,6,15.9
1999,2,10,18.75
1999,2,14,18.15
1999,2,15,18.25
1999,2,17,18
1999,2,19,17.3
1999,3,2,16.75
1999,3,17,18.2
1999,3,27,17.35
1999,4,5,23.45
1999,5,7,23.1
1999,5,11,20.85
1999,5,18,22.6
1999,5,22,22.55
1999,5,25,22.8
1999,5,30,23
1999,6,3,22.85
1999,6,4,23
1999,6,6,24.35
1999,6,15,24.1
1999,6,18,24.45
1999,7,2,20.6
1999,7,8,24.1
1999,7,11,23.25
1999,7,12,23.15
1999,7,14,24
1999,7,15,24.9
1999,7,19,23.85
1999,7,20,24.25
1999,7,23,23.25
1999,7,24,24.15
1999,7,25,24.45
1999,7,26,25.2
1999,7,27,25.1
1999,7,30,24.65
1999,8,1,24.75
1999,8,2,24.5
1999,8,3,23.65
1999,8,5,24.45
1999,8,6,24.95
1999,8,8,25.15
1999,8,10,23.75
1999,8,11,23.4
1999,8,12,23.3
1999,8,13,22.5
1999,8,18,22.9
1999,8,19,23.7
1999,8,20,23.4
1999,8,21,23.85
1999,8,22,23.6
1999,8,23,23.05
1999,8,27,21.75
1999,8,28,23.1
1999,8,30,23.85
1999,8,31,23.55
1999,9,4,24.3
1999,9,6,22.65
1999,9,7,23.2
1999,9,10,23.5
1999,9,11,23.6
1999,9,12,23.6
1999,9,14,22.5
1999,9,15,23.2
1999,9,17,23.8
1999,9,19,23.95
1999,9,21,23.2
1999,9,22,23.1
1999,9,23,23.15
1999,9,24,23.35
1999,9,26,20.35
1999,9,27,22.8
1999,9,28,23.45
1999,9,29,23.45
1999,10,3,22.85
1999,10,5,22
1999,10,8,22.5
1999,10,9,20.3
1999,10,18,18.9
1999,10,20,20.55
1999,10,21,19.85
1999,10,28,21.45
1999,10,31,20.45
1999,11,3,20.3
1999,11,4,19.45
1999,11,5,18.75
1999,11,6,19.25
1999,11,11,17.35
1999,11,14,17.25
1999,11,15,17.1
1999,11,16,17
1999,11,17,16.75
1999,11,19,15.2
1999,11,27,15.6
1999,12,1,16.5
1999,12,3,16.7
1999,12,4,15.7
1999,12,6,15.05
1999,12,9,15.55
1999,12,10,14.95
1999,12,11,15.75
1999,12,12,15.4
1999,12,16,13.9
1999,12,17,15.05
1999,12,28,13
1999,12,30,12.85
1999,12,31,13.45
2000,1,20,12.75
2000,1,21,11.7
2000,1,22,11.65
2000,1,24,12.55
2000,1,27,12.7
2000,2,1,11.7
2000,3,16,15.65
2000,10,4,22.85
2000,10,20,20.95
2000,10,23,20.6
2000,10,24,20.75
2000,10,25,20.5
2000,10,28,19.15
2000,10,31,18.9
2000,11,3,18.75
2000,11,4,19.05
2000,11,5,18.75
2000,11,12,18.25
2000,11,14,17.4
2000,11,15,17.75
2000,11,18,17.2
2000,11,19,18.6
2000,11,20,17.55
2000,11,23,16.2
2000,11,24,16.6
2000,11,28,16.95
2000,11,30,14.55
2000,12,1,13.85
2000,12,5,13.4
2000,12,7,13.55
2000,12,9,13.3
2000,12,17,14.35
2000,12,20,13.8
2000,12,21,14.25
2000,12,25,14.85
2000,12,29,13.4
2001,1,1,14.5
2001,1,2,15.45
2001,1,4,12.85
2001,1,16,13.25
2001,1,23,13.25
2001,1,25,10.95
2001,1,28,12.25
2001,1,29,13.7
2001,2,2,14.5
2001,2,6,12.7
2001,2,8,13.95
2001,2,13,14.6
2001,2,14,16
2001,2,15,17
2001,2,17,17.35
2001,2,18,17.4
2001,2,19,16.7
2001,2,21,15.1
2001,3,15,18.75
2001,3,18,18
2001,3,19,19.1
2001,3,22,21.75
2001,3,27,20.2
2001,3,31,19.7
2001,4,3,19.45
2001,4,4,20.3
2001,4,6,22.75
2001,4,11,22.75
2001,4,12,22.15
2001,4,13,21.75
2001,4,15,19.1
2001,4,16,20.05
2001,4,18,17.15
2001,4,20,20.5
2001,4,21,19.9
2001,4,22,20.65
2001,4,24,22.95
2001,4,28,21.35
2001,4,30,21.9
2001,5,4,21.8
2002,11,16,17.8
2003,3,24,20.6
2003,5,12,21.95
2003,6,18,25
2003,7,16,24.35
2003,7,25,25.35
2003,8,26,25.2
2003,9,3,24.95
2003,9,15,22.95
2003,9,20,23.8
2004,10,3,22.1
2005,2,18,17
2005,2,22,18.3
2005,3,7,19.6
2005,3,22,20.75
2005,6,24,23.85
2005,12,13,13.85
2012,8,19,26.4
2012,9,25,23.35
2012,11,23,17.1
2013,1,18,15.85
2013,1,23,13.5
2013,1,26,13.45
2013,12,6,15.95
2013,12,7,16.2
2013,12,9,15.9
2013,12,10,15.5
2013,12,11,15.4
2013,12,12,14.5
2013,12,14,13
2013,12,16,14.25
2013,12,17,12.75
2013,12,19,12.85
2013,12,21,12.6
2013,12,22,12.45
2013,12,23,11.6
2013,12,28,12.8
2013,12,29,12.85
2014,1,2,13.1
2014,1,3,13.2
2014,1,4,13.6
2014,1,5,12.7
2014,1,8,11.35
2014,1,9,12.15
2014,1,10,12.45
2014,1,11,13.25
2014,1,12,12.4
2014,1,13,13.05
2014,1,14,13.6
2014,1,16,14.25
2014,1,17,14.9
2014,1,18,12.7
2014,1,19,14.9
2014,1,20,14.7
2014,1,21,14.8
2014,1,22,14.8
2014,1,24,10.9
2014,1,25,14.65
2014,1,26,15
2014,1,27,15.2
2014,1,29,16.25
2014,1,31,15.7
2014,2,2,15.35
2014,2,3,15.9
2014,2,5,14.15
2014,2,6,14.4
2014,2,10,14.45
2014,2,12,12.9
2014,2,15,13.75
2014,2,17,12.5
2014,2,19,14.3
2014,2,21,14.85
2014,2,22,13.75
2014,2,24,16.25
2014,2,25,16.5
2014,2,26,16
2014,2,27,15.65
2014,2,28,17.2
2014,3,2,16.3
2014,3,3,16.5
2014,3,7,16.9
2014,3,8,16.6
2014,3,22,17.1
2014,3,25,18.85
2014,3,26,18.85
2014,3,31,21.75
2014,4,2,20.4
2014,4,3,20.8
2014,4,5,19.4
2014,4,6,20.6
2014,4,8,21.7
2014,4,9,22.2
2014,4,10,21.4
2014,4,12,21.7
2014,4,13,21.4
2014,4,15,21.35
2014,4,16,23.25
2014,4,20,23.7
2014,4,22,23.7
2014,4,23,23.8
2014,4,28,20.75
2014,4,29,23.25
2014,4,30,23.35
2014,5,3,21.8
2014,5,4,21.75
2014,5,5,22.25
2014,5,6,22.5
2014,5,9,24
2014,5,10,25
2014,5,11,24.75
2014,5,13,24.5
2014,5,14,24.1
2014,5,15,24.95
2014,5,16,24.4
2014,5,19,25
2014,5,20,25.45
2014,5,30,22.8
2014,5,31,24.45
2014,6,1,23.7
2014,6,3,24.7
2014,6,4,25
2014,6,6,24.15
2014,6,7,24.65
2014,6,8,25
2014,6,9,24.7
2014,6,10,25.2
2014,6,11,24.7
2014,6,14,24.8
2014,6,16,25.6
2014,6,17,25.7
2014,6,18,25.25
2014,6,19,25.25
2014,6,21,23.55
2014,6,22,23.4
2014,6,23,23.75
2014,6,24,23.95
2014,6,26,24.9
2014,6,27,25.15
2014,6,28,24.95
2014,6,29,24.8
2014,6,30,24.55
2014,7,2,24.05
2014,7,4,24.85
2014,7,5,25.75
2014,7,7,24.2
2014,7,8,25.2
2014,7,10,25.3
2014,7,11,25.2
2014,7,15,24
2014,7,16,25.6
2014,7,17,25.4
2014,7,18,25.25
2014,7,19,25.65
2014,7,20,25.75
2014,7,21,25.95
2014,7,22,26.15
2014,7,23,25.2
2014,7,24,23.95
2014,7,25,24.85
2014,7,26,25.45
2014,7,27,25.25
2014,7,28,24.65
2014,7,30,25
2014,7,31,25.9
2014,8,1,25.1
2014,8,2,25.1
2014,8,3,25.5
2014,8,4,25.55
2014,8,5,25.95
2014,8,6,25.1
2014,8,7,24.85
2014,8,8,25.05
2014,8,12,24.65
2014,8,14,21.65
2014,8,16,23.7
2014,8,17,23.55
2014,8,21,24.1
2014,8,22,23.6
2014,8,24,23.25
2014,8,26,23.9
2014,8,27,23.95
2014,8,28,24.7
2014,8,29,25.2
2014,8,30,24.8
2014,8,31,24.45
2014,9,1,24.4
2014,9,2,25.3
2014,9,3,24.65
2014,9,4,24.65
2014,9,5,24.3
2014,9,6,25
2014,9,7,24.5
2014,9,8,24.95
2014,9,9,22.15
2014,9,10,22.8
2014,9,11,23.6
2014,9,13,24.1
2014,9,14,23.9
2014,9,16,23.9
2014,9,17,24.3
2014,9,18,25.1
2014,9,20,23.05
2014,9,21,22.15
2014,9,22,23.3
2014,9,25,22.9
2014,9,26,23.35
2014,9,27,22.65
2014,9,28,23
2014,9,29,21.8
2014,9,30,22
2014,10,1,22.2
2014,10,2,22.05
2014,10,3,21.6
2014,10,4,21.9
2014,10,5,23.4
2014,10,7,23.8
2014,10,8,23.25
2014,10,9,22.8
2014,10,12,21.85
2014,10,14,20.95
2014,10,19,19.4
2014,10,20,19.55
2014,10,21,20.1
2014,10,22,21
2014,10,27,18.5
2014,10,28,18.5
2014,10,31,19.2
2014,11,1,19.1
2014,11,3,20.15
2014,11,4,19.4
2014,11,9,19.45
2014,11,10,19.6
2014,11,27,15.7
2014,11,28,15.55
2014,11,29,15.2
2014,11,30,15.35
2014,12,1,15.85
2014,12,4,16.8
2014,12,7,16.55
2014,12,8,16.4
2014,12,9,15.8
2014,12,11,15.1
2014,12,13,15.1
2014,12,14,14.55
2014,12,16,14.85
2014,12,21,13.9
2014,12,23,14.25
2014,12,24,14.1
2014,12,25,13.9
2014,12,28,15
2014,12,29,14.6
2014,12,30,15.7
2014,12,31,15.6
2015,1,1,16.55
2015,1,2,16.3
2015,1,3,16.1
2015,1,4,16.75
2015,1,5,12.65
2015,1,6,14.3
2015,1,7,13.7
2015,1,8,13.1
2015,1,9,13.7
2015,1,11,13.9
2015,1,12,13.4
2015,1,13,13.9
2015,1,14,14.2
2015,1,15,15
2015,1,16,15.2
2015,1,18,14.25
2015,1,20,14
2015,1,21,14.45
2015,1,22,14.35
2015,1,25,14
2015,1,26,14.1
2015,1,27,15
2015,1,28,15
2015,1,29,13.1
2015,1,30,12.5
2015,2,1,11.75
2015,2,2,14.7
2015,2,3,15.5
2015,2,4,16.3
2015,2,5,14.95
2015,2,7,15.5
2015,2,8,14.9
2015,2,9,15.95
2015,2,10,15.35
2015,2,11,15.35
2015,2,12,15.45
2015,2,13,14.7
2015,2,17,16.25
2015,2,18,16.8
2015,2,19,15.4
2015,2,20,15.9
2015,2,21,16.7
2015,2,22,17.45
2015,2,25,19.3
2015,2,27,17.9
2015,2,28,19.65
2015,3,2,11.75
2015,3,3,16.15
2015,3,4,16.55
2015,3,6,11.4
2015,3,7,15.95
2015,3,9,17.85
2015,3,11,19.15
2015,3,12,19.1
2015,3,13,20.1
2015,3,14,20.3
2015,3,16,19.8
2015,3,18,20
2015,3,20,18.9
2015,3,24,21.95
2015,3,25,22.15
2015,3,27,20.1
2015,3,28,20.35
2015,3,30,19.9
2015,4,1,19.5
2015,4,2,19.85
2015,4,3,18.9
2015,4,4,20.5
2015,4,5,19
2015,4,7,21.4
2015,4,10,21.15
2015,4,11,22.25
2015,4,12,22.35
2015,4,13,18.85
2015,4,15,22.55
2015,4,17,22.6
2015,4,18,18.25
2015,4,19,19.9
2015,4,21,21.95
2015,4,23,20.4
2015,4,24,21.7
2015,4,28,20.65
2015,4,30,20.65
2015,5,1,21.25
2015,5,2,22.7
2015,5,7,24.1
2015,5,13,23.25
2015,5,14,23.45
2015,5,17,23.15
2015,5,19,23
2015,5,21,23.5
2015,5,22,24.3
2015,5,23,24.15
2015,5,26,27.4
2015,5,29,24.25
2015,5,30,24.5
2015,6,1,25.15
2015,6,3,25.15
2015,6,4,25.3
2015,6,5,25.4
2015,6,6,24.85
2015,6,8,25.55
2015,6,9,25.6
2015,6,10,25.1
2015,6,12,23.1
2015,6,13,23.8
2015,6,15,23.35
2015,6,16,23.8
2015,6,17,24.95
2015,6,18,23.9
2015,6,19,24.25
2015,6,21,26.25
2015,6,24,24.35
2015,6,25,24.8
2015,6,26,24.15
2015,6,29,24.45
2015,7,1,24.3
2015,7,3,24.5
2015,7,5,24.2
2015,7,6,24.9
2015,7,7,25.95
2015,7,8,25.4
2015,7,10,23.25
2015,7,12,24.4
2015,7,17,25.4
2015,7,21,24.9
2015,7,22,24.35
2015,7,23,24.6
2015,7,24,24.75
2015,7,30,25.25
2015,7,31,23
2015,8,1,23.45
2015,8,3,24
2015,8,4,24.2
2015,8,6,22.75
2015,8,8,24.9
2015,8,11,24
2015,8,12,24.6
2015,8,18,24
2015,8,19,24
2015,8,21,23.4
2015,8,25,24.8
2015,8,26,23.8
2015,8,29,24.4
2015,9,1,23.9
2015,9,3,24
2015,9,4,22.3
2015,9,10,24.85
2015,9,11,25.1
2015,9,12,24.2
2015,9,21,23.1
2015,9,22,23.55
2015,9,23,23.45
2015,9,25,22.3
2015,9,30,23.15
2015,10,1,23.45
2015,10,3,23.15
2015,10,4,22.2
2015,10,6,22.65
2015,10,7,22.65
2015,10,8,22
2015,10,10,21.6
2015,10,15,23.5
2015,10,20,21.3
2015,10,22,21
2015,10,23,20.5
2015,10,24,18.6
2015,10,25,18.2
2015,10,26,19.8
2015,10,28,20.15
2015,11,2,19.2
2015,11,3,19.45
2015,11,8,18.4
2015,11,9,18
2015,11,11,17.75
2015,11,16,17.6
2015,11,18,17.2
2015,11,19,18.1
2015,11,21,17.5
2015,12,2,16.4
2015,12,3,16.05
2015,12,6,15.8
2015,12,11,14.45
2015,12,13,13.35
2015,12,14,13.5
2015,12,16,11.05
2015,12,18,11.35
2015,12,21,11.2
2015,12,22,11.9
2015,12,23,11.1
2015,12,25,11.1
2015,12,26,12
2015,12,29,13.6
2015,12,30,13.75
2016,1,2,14.5
2016,1,3,14.05
2016,1,6,14.2
2016,1,12,13.15
2016,1,14,13.2
2016,1,16,12.25
2016,1,17,12.5
2016,1,18,12.65
2016,1,20,13
2016,1,22,12.25
2016,1,25,11.6
2016,1,26,12.2
2016,1,28,11.6
2016,2,1,13.75
2016,2,3,14.35
2016,2,4,13.5
2016,2,5,14.05
2016,2,6,15.7
2016,2,9,13.5
2016,2,10,15.15
2016,2,12,13.9
2016,2,13,14.5
2016,2,16,16.35
2016,2,17,16.9
2016,2,19,18.3
2016,2,20,18.95
2016,2,21,18.5
2016,2,22,17.55
2016,2,24,16.45
2016,2,25,16.65
2016,2,26,17
2016,3,1,18.4
2016,3,2,18.25
2016,3,3,18.9
2016,3,4,18.6
2016,3,5,19.8
2016,3,7,18.25
2016,3,9,19.7
2016,3,10,20.2
2016,3,11,19.85
2016,3,13,19.75
2016,3,14,18.95
2016,3,16,18.65
2016,3,17,18.5
2016,3,18,18.65
2016,3,20,20.3
2016,3,21,20.6
2016,3,22,19.25
2016,3,24,19.9
2016,3,25,21.7
2016,3,26,22.15
2016,3,28,20.75
2016,4,1,18.9
2016,4,6,22.85
2016,4,7,23.3
2016,4,8,24.2
2016,4,9,24
2016,4,13,22.65
2016,4,14,23.65
2016,4,15,22.6
2016,4,16,23.4
2016,4,20,23.45
2016,4,21,22.8
2016,4,22,22.8
2016,4,23,22.7
2016,4,27,21
2016,4,28,24.45
2016,4,29,23.95
2016,4,30,24.1
2016,5,1,22.45
2016,5,2,22.8
2016,5,3,23.05
2016,5,6,27.3
2016,5,7,19.75
2016,5,8,22
2016,5,10,24.7
2016,5,15,23.95
2016,5,16,23.9
2016,5,17,25.05
2016,5,18,21
2016,5,21,22.25
2016,5,23,23.9
2016,5,24,22.8
2016,5,25,22.1
2016,5,26,21.45
2016,5,27,21.95
2016,5,28,22.9
2016,5,31,22
2016,6,1,22.4
2016,6,2,22.75
2016,6,3,24.45
2016,6,4,25.25
2016,6,5,24.25
2016,6,6,23.7
2016,6,8,23.65
2016,6,9,23.55
2016,6,11,24.65
2016,6,13,23.05
2016,6,14,23.95
2016,6,15,23.9
2016,6,18,25
2016,6,19,24.3
2016,6,20,24.2
2016,6,21,23.25
2016,6,22,23.5
2016,6,23,24
2016,6,25,24.6
2016,6,26,24.85
2016,6,27,25.3
2016,6,28,25.8
2016,6,29,25.85
2016,6,30,23.95
2016,7,1,22.8
2016,7,2,25
2016,7,3,24.35
2016,7,5,23.35
2016,7,6,24.2
2016,7,7,24.4
2016,7,15,25
2016,7,16,25.3
2016,7,18,24.1
2016,7,21,24.15
2016,7,22,23.85
2016,7,23,22.8
2016,7,24,22.45
2016,7,25,22.8
2016,7,27,22.3
2016,7,28,22.85
2016,7,31,24.2
2016,8,1,25.6
2016,8,5,25.6
2016,8,9,25.25
2016,8,11,24.75
2016,8,12,24.95
2016,8,15,25.4
2016,8,16,25.3
2016,8,17,25
2016,8,18,26.15
2016,8,19,24.65
2016,8,20,25.05
2016,8,21,26.3
2016,8,22,24.7
2016,8,23,24.3
2016,8,24,25.1
2016,8,25,25.95
2016,8,28,25.55
2016,9,1,24.5
2016,9,5,26.4
2016,9,6,25.25
2016,9,9,24
2016,9,10,24
2016,9,12,22.45
2016,9,13,23
2016,9,14,24.5
2016,9,16,24.1
2016,9,17,22.9
2016,9,18,24.2
2016,9,19,23.8
2016,9,20,23.8
2016,9,21,22.3
2016,9,22,23.8
2016,9,23,23
2016,9,24,22.8
2016,9,27,23
2016,9,30,24.2
2016,10,1,24.3
2016,10,2,24.2
2016,10,5,24.45
2016,10,6,24.35
2016,10,8,22.85
2016,10,10,23.6
2016,10,11,23.15
2016,10,12,21.7
2016,10,13,20.75
2016,10,14,21.15
2016,10,15,21.25
2016,10,16,22.6
2016,10,17,21.6
2016,10,18,21.9
2016,10,19,19.6
2016,10,20,20.45
2016,10,21,20
2016,10,25,21
2016,10,31,20
2016,11,1,20.05
2016,11,2,20.3
2016,11,3,20.5
2016,11,4,20.45
2016,11,5,18.8
2016,11,6,18.85
2016,11,7,19.05
2016,11,8,18.5
2016,11,9,19.25
2016,11,10,19.05
2016,11,14,18.3
2016,11,15,17.95
2016,11,16,17.85
2016,11,17,17.15
2016,11,24,16.45
2016,11,25,15.75
2016,11,26,17.05
2016,11,27,16.8
2016,11,28,17.3
2016,11,29,17.25
2016,11,30,17
2016,12,1,17.35
2016,12,3,16.75
2016,12,6,16.7
2016,12,7,16.85
2016,12,8,16.8
2016,12,9,16.05
2016,12,10,16.4
2016,12,11,16.15
2016,12,12,15
2016,12,13,15.15
2016,12,14,14.45
2016,12,15,14.8
2016,12,16,15.25
2016,12,17,15.25
2016,12,20,15.55
2016,12,22,16.6
2016,12,23,18.2
2016,12,24,17
2016,12,25,15.9
2016,12,26,14.6
2016,12,28,13.7
2016,12,29,15.1
2016,12,30,15.65
2017,1,1,15.15
2017,1,2,14.15
2017,1,4,14.65
2017,1,5,14.8
2017,1,7,13.4
2017,1,11,11.5
2017,1,13,11.5
2017,1,14,11.4
2017,1,15,12.2
2017,1,17,12.35
2017,1,21,14
2017,1,22,15.4
2017,1,23,15.2
2017,1,24,15.9
2017,1,25,16.75
2017,1,26,17.25
2017,1,28,14.9
2017,1,29,14.45
2017,1,31,15.55
2017,2,2,14.7
2017,2,3,15.5
2017,2,4,17.55
2017,2,5,17.55
2017,2,6,16.5
2017,2,7,16.25
2017,2,8,15.75
2017,2,9,16.05
2017,2,10,15.9
2017,2,11,15.3
2017,2,12,15.15
2017,2,13,15.25
2017,2,15,16.55
2017,2,16,16.9
2017,2,19,18.55
2017,2,20,18.8
2017,2,21,18.15
2017,2,22,18.25
2017,2,23,16.9
2017,2,24,15.75
2017,2,25,14.85
2017,2,26,15.7
2017,2,27,16.5
2017,2,28,16.9
2017,3,2,17.75
2017,3,3,19.95
2017,3,4,18.8
2017,3,5,19.1
2017,3,6,17.3
2017,3,7,17
2017,3,8,17.65
2017,3,9,17
2017,3,11,13.85
2017,3,12,14.25
2017,3,13,14.05
2017,3,16,17
2017,3,17,16.75
2017,3,18,15.9
2017,3,19,14.5
2017,3,20,15.35
2017,3,21,14.85
2017,3,22,16.65
2017,3,23,20
2017,3,24,20.15
2017,3,25,20.6
2017,3,26,19.25
2017,3,27,20.9
2017,3,28,21.8
2017,3,29,19.1
2017,3,30,19.55
2017,3,31,22.25
2017,4,2,20.3
2017,4,6,20.9
2017,4,7,21.85
2017,4,8,22.9
2017,4,9,22.15
2017,4,10,21.25
2017,4,14,22.6
2017,4,16,19
2017,4,19,23.2
2017,4,20,19.5
2017,4,22,23.1
2017,4,23,20.75
2017,4,24,22.35
2017,4,25,22.9
2017,4,26,23.5
2017,4,27,24
2017,4,28,23.15
2017,4,29,21.15
2017,5,2,19.85
2017,5,4,22.45
2017,5,5,22.3
2017,5,8,24.3
2017,5,10,22.15
2017,5,11,22.45
2017,5,15,22.45
2017,5,16,22.7
2017,5,17,22.7
2017,5,18,23.35
2017,5,19,23.6
2017,5,20,23.95
2017,5,22,23.75
2017,5,24,24.7
2017,5,26,23
2017,5,27,23.3
2017,5,28,24.05
2017,5,29,24.35
2017,5,30,22.95
2017,5,31,23.45
2017,6,4,25.6
2017,6,5,25.95
2017,6,8,22.5
2017,6,13,24.3
2017,6,14,25.85
2017,6,19,23.8
2017,6,20,22.95
2017,6,21,23.4
2017,6,22,24.25
2017,6,23,24.1
2017,6,26,25.1
2017,6,29,24.15
2017,7,1,24.05
2017,7,3,24.8
2017,7,4,24.1
2017,7,5,24.65
2017,7,6,24.2
2017,7,7,24.8
2017,7,8,24.75
2017,7,9,24.3
2017,7,10,24.4
2017,7,11,22.2
2017,7,12,23.95
2017,7,13,24.4
2017,7,16,25.15
2017,7,17,25.9
2017,7,21,24.4
2017,7,22,25.2
2017,7,23,23.75
2017,7,26,24
2017,7,27,25.15
2017,7,29,24.35
2017,7,30,24.5
2017,7,31,24.55
2017,8,1,24.05
2017,8,5,25.6
2017,8,6,25.3
2017,8,7,24.65
2017,8,16,24.1
2017,8,18,24.55
2017,8,19,25
2017,8,20,24.55
2017,8,22,23.75
2017,8,24,25.4
2017,8,25,25.1
2017,8,26,25.35
2017,8,27,22.75
2017,8,28,25.35
2017,8,29,24.15
2017,9,2,23.1
2017,9,3,22.9
2017,9,5,24.25
2017,9,6,23.9
2017,9,9,24.6
2017,9,11,23.35
2017,9,12,23.95
2017,9,14,23.6
2017,9,15,24.25
2017,9,16,25.15
2017,9,17,26.15
2017,9,18,24.05
2017,9,20,23.1
2017,9,21,23.8
2017,9,23,24.1
2017,9,27,23.45
2017,9,28,23.9
2017,9,29,24.2
2017,9,30,23.35
2017,10,1,23.55
2017,10,2,23.2
2017,10,3,23.45
2017,10,6,25
2017,10,8,23.4
2017,10,11,21.6
2017,10,12,23.55
2017,10,14,23.2
2017,10,16,21.95
2017,10,18,23
2017,10,20,20.9
2017,10,23,21.15
2017,10,24,19.9
2017,10,25,19.35
2017,10,26,18.5
2017,10,28,19.4
2017,11,7,19.1
2017,11,8,19.55
2017,11,9,18.8
2017,11,11,18.4
2017,11,13,18
2017,11,14,18.05
2017,11,15,18
2017,11,16,18.05
2017,11,17,18.1
2017,11,19,18.3
2017,11,20,18.4
2017,11,21,17.6
2017,11,24,16.25
2017,11,25,16.7
2017,11,26,17
2017,11,27,16.3
2017,11,28,15.65
2017,11,30,15.4
2017,12,1,15.95
2017,12,4,15.95
2017,12,5,16.6
2017,12,7,16.3
2017,12,8,16.9
2017,12,9,17.95
2017,12,12,17.45
2017,12,13,16.7
2017,12,15,15.4
2017,12,16,15.9
2017,12,17,15.2
2017,12,19,15.7
2017,12,21,16.2
2017,12,22,15.8
2017,12,25,16.1
2017,12,26,16.5
2017,12,29,15.4
2017,12,30,15.05
2017,12,31,15.05
2018,1,1,15.1
2018,1,2,14.95
2018,1,3,13.95
2018,1,4,13.85
2018,1,6,12.45
2018,1,8,10.5
2018,1,10,12.1
2018,1,11,12.2
2018,1,12,13
2018,1,13,14.2
2018,1,14,13.9
2018,1,15,14.45
2018,1,16,14
2018,1,19,14.3
2018,1,20,12
2018,1,22,15.4
2018,1,23,15.3
2018,1,24,14.05
2018,1,26,12.75
2018,1,29,11.9
2018,1,30,12.4
2018,2,1,14
2018,2,2,14.45
2018,2,3,14.45
2018,2,4,14.2
2018,2,5,14.8
2018,2,7,15.85
2018,2,8,14.95
2018,2,10,13.8
2018,2,11,14
2018,2,13,15.95
2018,2,15,14.7
2018,2,17,16.45
2018,2,18,15.75
2018,2,19,15.5
2018,2,21,16.3
2018,2,22,16.4
2018,2,23,16.95
2018,2,24,17.3
2018,2,25,18.6
2018,2,26,18.2
2018,3,2,18.4
2018,3,3,18.4
2018,3,6,20.25
2018,3,7,18.3
2018,3,8,18.65
2018,3,9,19.1
2018,3,11,18.9
2018,3,13,16.75
2018,3,14,19.05
2018,3,15,18.75
2018,3,16,20.4
2018,3,17,19.65
2018,3,18,17.9
2018,3,20,19.5
2018,3,21,20.8
2018,3,22,21.05
2018,3,23,20.75
2018,3,24,20.3
2018,3,26,20.95
2018,3,28,20.75
2018,3,30,19.3
2018,3,31,18.9
2018,4,1,20
2018,4,7,21.5
2018,4,9,19.8
2018,4,10,20.9
2018,4,13,20.55
2018,4,16,20.95
2018,4,18,20.55
2018,4,19,20.2
2018,4,20,20.65
2018,4,21,20.95
2018,4,22,21.8
2018,4,24,21.4
2018,4,25,21.6
2018,4,26,21.7
2018,4,27,20.75
2018,4,28,20.55
2018,4,29,21.7
2018,4,30,19.3
2018,5,1,20.5
2018,5,2,21.2
2018,5,3,21.3
2018,5,6,21.3
2018,5,7,22.15
2018,5,8,22.5
2018,5,10,22
2018,5,13,22.1
2018,5,14,18.95
2018,5,15,20.45
2018,5,16,21.4
2018,5,18,22
2018,5,19,22.5
2018,5,20,23.05
2018,5,21,23.6
2018,5,22,23.8
2018,5,24,23.9
2018,5,31,23.3
2018,6,1,23.55
2018,6,3,23.35
2018,6,5,25.45
2018,6,7,24.8
2018,6,9,24.95
2018,6,10,25.9
2018,6,11,25.65
2018,6,12,24.55
2018,6,13,24.85
2018,6,14,23.95
2018,6,15,24.45
2018,6,17,23.05
2018,6,20,25.3
2018,6,21,25.05
2018,6,23,25.2
2018,6,25,23.8
2018,6,26,25.35
2018,6,27,25.2
2018,6,28,24.35
2018,6,29,24.1
2018,6,30,24.45
2018,7,1,23.3
2018,7,2,22.15
2018,8,5,25.7
2018,8,6,26.55
2018,8,10,24.3
2018,8,14,25.25
2018,9,13,23.2
2018,11,7,17.2
2018,11,8,18.05
2018,11,11,17.65
2018,11,14,18.95
2018,11,19,15.7
2018,11,21,16.6
2018,11,23,17.2
2018,11,24,16.85
2018,11,25,17.5
2018,11,26,16.9
2018,11,27,17.1
2018,11,28,16.65
2018,11,29,16.7
2018,11,30,16.7
2018,12,2,16.45
2018,12,3,15.8
2018,12,4,15.85
2018,12,5,15.75
2018,12,7,15.2
2018,12,8,14.3
2018,12,10,15.2
2018,12,11,15.15
2018,12,13,15.4
2018,12,16,15.7
2018,12,17,15.05
2018,12,19,13.15
2018,12,20,13.3
2018,12,27,12.75
2018,12,28,12.1
2018,12,30,12.5
2018,12,31,12.8
2019,1,1,12.55
2019,1,3,12.35
2019,1,4,11.45
2019,1,5,12.95
2019,1,7,13.85
2019,1,10,12.4
2019,1,14,13.85
2019,1,15,12.95
2019,1,16,14.2
2019,1,17,14.15
2019,1,18,14.4
2019,1,20,15
2019,1,22,15.35
2019,1,26,15.4
2019,1,28,15.25
2019,1,29,13.8
2019,1,30,12.75
2019,2,1,16.35
2019,2,3,14.85
2019,2,4,14.85
2019,2,5,15.75
2019,2,6,16.1
2019,2,8,14.25
2019,2,10,11.9
2019,2,11,13.95
2019,2,12,15.2
2019,2,13,16.2
2019,2,15,17.1
2019,2,17,13.1
2019,2,20,15.15
2019,2,21,16.5
2019,2,22,16.45
2019,2,24,17.4
2019,2,25,15.95
2019,2,26,15.9
2019,2,27,13.65
2019,2,28,12.6
2019,3,2,13.65
2019,3,4,15.95
2019,3,5,16
2019,3,6,15.75
2019,3,7,15.1
2019,3,9,15.5
2019,3,10,17.05
2019,3,11,17.7
2019,3,12,18.7
2019,3,14,20.1
2019,3,15,20.75
2019,3,16,20.75
2019,3,18,20.2
2019,3,19,16.85
2019,3,20,18.4
2019,3,21,18.9
2019,3,22,20.3
2019,3,25,20.3
2019,3,26,16.7
2019,3,27,18.15
2019,3,28,19.75
2019,3,29,21
2019,3,30,21.8
2019,3,31,19.8
2019,4,2,20.3
2019,4,3,19.55
2019,4,4,19.9
2019,4,9,18.8
2019,4,10,20.7
2019,4,11,21.15
2019,4,12,21.8
2019,4,16,22.05
2019,4,18,21.4
2019,4,19,21.5
2019,4,21,22.15
2019,4,22,20.75
2019,4,23,19.95
2019,4,24,22.85
2019,4,25,23.45
2019,4,26,23.35
2019,4,27,24.3
2019,4,28,24.25
2019,4,30,23.9
2019,5,1,25.1
2019,5,2,24.15
2019,5,3,22.25
2019,5,4,19.5
2019,5,6,22.65
2019,5,7,23.85
2019,5,8,23.35
2019,5,9,23.5
2019,5,10,24.6
2019,5,11,24.9
2019,5,14,22.95
2019,5,16,22
2019,5,17,23
2019,5,19,23.75
2019,5,20,24.05
2019,5,21,21.8
2019,5,22,23.6
2019,5,25,23
2019,5,27,24.25
2019,5,29,24.1
2019,5,30,22.7
2019,6,1,23.9
2019,6,2,24.25
2019,6,3,23.75
2019,6,4,23.55
2019,6,5,24.75
2019,6,6,24.2
2019,6,7,25.1
2019,6,8,24.35
2019,6,9,24.6
2019,6,10,25.5
2019,6,11,24
2019,6,12,25.4
2019,6,13,26.7
2019,6,16,26.3
2019,6,18,24.75
2019,6,21,27.3
2019,6,22,26.55
2019,6,23,25.55
2019,6,24,26.95
2019,6,25,25.45
2019,6,26,25.05
2019,6,27,23.1
2019,6,30,26.6
2019,7,1,26.5
2019,7,3,25.35
2019,7,4,26.95
2019,7,6,26.5
2019,7,8,24.8
2019,7,9,23.9
2019,7,10,23.3
2019,7,11,21.55
2019,7,12,22.15
2019,7,13,20.15
2019,7,14,21.4
2019,7,15,22.85
2019,7,16,24
2019,7,17,24.4
2019,7,21,23.95
2019,7,24,23.25
2019,7,27,25.2
2019,7,28,26.3
2019,7,29,25.75
2019,7,30,24.9
2019,7,31,24.65
2019,8,1,24.95
2019,8,3,25.35
2019,8,4,25.6
2019,8,5,26.3
2019,8,6,27.6
2019,8,8,25.6
2019,8,9,25
2019,8,10,25.05
2019,8,12,27.15
2019,8,13,26
2019,8,14,26.75
2019,8,16,25.2
2019,8,17,25.05
2019,8,18,25.5
2019,8,19,25.35
2019,8,20,25.3
2019,8,21,25.3
2019,8,22,25.6
2019,8,25,25.9
2019,8,26,26.25
2019,8,27,25.4
2019,8,29,25.6
2019,8,30,26
2019,8,31,25.6
2019,9,1,26.35
2019,9,5,25.05
2019,9,6,25.3
2019,9,7,25.65
2019,9,8,24.65
2019,9,9,25.05
2019,9,10,25.5
2019,9,12,26.25
2019,9,13,23.25
2019,9,14,24.85
2019,9,15,24.1
2019,9,16,23.8
2019,9,17,22.4
2019,9,18,21.35
2019,9,19,23.85
2019,9,21,23.75
2019,9,23,24.05
2019,9,24,23.4
2019,9,25,21.75
2019,9,26,22.7
2019,9,27,22.75
2019,9,29,18.45
2019,9,30,20.85
2019,10,2,22
2019,10,3,23.15
2019,10,5,22.95
2019,10,6,22.95
2019,10,8,22.45
2019,10,9,22
2019,10,10,21.75
2019,10,11,21.9
2019,10,12,21.5
2019,10,13,21.05
2019,10,15,21.25
2019,10,17,21.25
2019,10,18,21.75
2019,10,20,20
2019,10,21,21.35
2019,10,22,20.95
2019,10,23,24.35
2019,10,27,19
2019,10,29,19.9
2019,11,5,19.2
2019,11,6,19.05
2019,11,7,20.2
2019,11,8,21.1
2019,11,9,19.6
2019,11,11,19.65
2019,11,12,19.55
2019,11,13,20.3
2019,11,14,20
2019,11,15,20.4
2019,11,16,19.95
2019,12,11,14.25
2019,12,12,13.65
2019,12,13,14.85
2019,12,14,13.5
2019,12,15,13.85
2019,12,17,13.45
2019,12,18,12.75
2019,12,19,13.55
2019,12,21,13.6
2019,12,22,12.55
2019,12,23,12.75
2019,12,29,12.7
2019,12,30,12.75
2020,1,2,14.65
2020,1,9,13.2
2020,1,10,13.2
2020,1,12,13.75
2020,1,13,13.9
2020,1,14,13.75
2020,1,16,14.1
2020,1,17,11.7
2020,1,19,13.55
2020,1,22,11.15
2020,1,23,10.25
2020,1,24,10.7
2020,1,25,11.55
2020,1,27,12.7
2020,1,29,13.25
2020,1,30,13.15
2020,1,31,13.35
2020,2,2,12.3
2020,2,3,11.95
2020,2,6,12.75
2020,2,8,12.6
2020,2,11,14
2020,2,12,15.05
2020,2,13,15.25
2020,2,14,15.25
2020,2,15,15.45
2020,2,16,16
2020,2,20,15.6
2020,2,21,16.05
2020,2,24,17.55
2020,2,25,16.1
2020,2,26,12.1
2020,2,28,15.85
2020,2,29,16.65
2020,3,1,17.1
2020,3,2,17.45
2020,3,3,16.55
2020,3,4,16.6
2020,3,5,16.8
2020,3,6,16.9
2020,3,7,17.7
2020,3,8,14.65
2020,3,10,17.3
2020,3,11,17.75
2020,3,12,18.25
2020,3,15,17.6
2020,3,16,17.35
2020,3,18,17.55
2020,3,26,19.85
2020,3,27,20.45
2020,3,28,21.1
2020,3,29,20.8
2020,3,30,20.2
2020,3,31,20.9
2020,4,1,20.75
2020,4,2,19.1
2020,4,3,20
2020,4,4,20.35
2020,4,5,19.45
2020,4,7,20.55
2020,4,8,21.6
2020,4,9,21.1
2020,4,10,20.2
2020,4,11,20.9
2020,4,12,19.8
2020,4,14,22.1
2020,4,15,21.1
2020,4,17,20.8
2020,4,18,20.3
2020,4,19,21.5
2020,4,20,21.55
2020,4,21,17.1
2020,4,22,18.25
2020,4,23,18.5
2020,4,24,19.15
2020,4,25,18.9
2020,4,27,20.7
2020,4,29,20.35
2020,4,30,20.8
2020,5,1,21.55
2020,5,2,21.05
2020,5,3,22.25
2020,5,4,22.05
2020,5,5,21.05
2020,5,7,19.6
2020,5,8,19.8
2020,5,9,21.15
2020,5,10,23.2
2020,5,11,20.7
2020,5,12,22.45
2020,5,13,22.55
2020,5,15,22.4
2020,5,16,22.75
2020,5,17,24.1
2020,5,19,22.75
2020,5,20,21.9
2020,5,21,21.65
2020,5,24,23.3
2020,5,25,24.5
2020,5,26,24.85
2020,5,27,20.95
2021,1,20,14.9
2021,1,22,14.5
2021,1,23,14.25
2021,1,24,13.75
2021,1,25,13.55
2021,1,26,13.75
2021,1,27,13.45
2021,2,2,13.8
2021,2,3,14.4
2021,2,4,15.5
2021,2,6,14.75
2021,2,7,14.3
2021,2,8,15.55
2021,2,15,16.5
2021,2,17,16.25
2021,3,1,19.6
2021,3,2,18.6
2021,3,3,18.05
2021,3,4,17.2
2021,3,5,17.85
2021,3,6,17.8
2021,3,7,16.8
2021,3,8,19.15
2021,3,9,19.15
2021,3,10,19.25
2021,3,11,18.55
2021,3,12,19
2021,3,13,18.75
2021,3,14,18.2
2021,3,15,19.5
2021,3,16,19.6
2021,3,18,20.45
2021,3,19,20.6
2021,3,20,20.35
2021,3,21,21.25
2021,3,22,21.75
2021,3,24,22.25
2021,3,25,21.8
2021,3,26,20.6
2021,3,27,20.3
2021,3,29,20.85
2021,3,30,21.2
2021,3,31,18.7
2021,4,1,19.65
2021,4,2,20.25
2021,4,3,21.25
2021,4,5,21.45
2021,4,7,22.95
2021,4,8,22.45
2021,4,9,22.05
2021,4,10,22.55
2021,4,11,23.45
2021,4,13,23.15
2021,4,14,23.8
2021,4,16,21.2
2021,4,17,20.05
2021,4,18,21.25
2021,4,19,21.25
2021,4,23,19.65
2021,4,24,22.3
2021,4,25,23
