YEAR,MONTH,DAY,TMAX
1976,11,5,21
1976,11,8,19
1976,11,10,19
1976,11,11,18
1976,11,15,18
1976,11,16,18
1976,11,19,15
1976,12,13,17
1976,12,15,15
1976,12,22,18
1977,1,29,12
1977,2,9,14
1977,2,10,17
1977,2,15,18
1977,2,21,21
1977,2,25,18
1977,2,26,20
1977,3,7,22
1977,3,10,23
1977,3,19,24
1977,3,24,25
1977,3,28,24
1977,4,5,22
1977,4,7,25
1977,4,8,23
1977,4,10,22
1977,4,25,22
1977,4,27,23
1977,4,28,25
1977,5,2,21
1977,5,7,19
1977,5,8,21
1977,5,10,23
1977,5,11,24
1977,5,15,26
1977,5,31,27
1977,6,3,24
1977,6,6,23
1977,6,10,24
1977,6,13,24
1977,6,17,25
1977,7,1,25
1977,7,4,26
1977,7,7,24
1977,7,12,23
1977,7,16,25
1977,7,18,25
1977,7,26,27
1977,8,1,26
1977,8,2,24
1977,8,14,23
1977,8,31,27
1977,9,2,25
1977,9,8,26
1977,9,14,23
1977,9,15,21
1977,9,21,21
1977,9,22,23
1977,9,23,24
1977,9,24,24
1977,9,27,24
1977,10,3,21
1977,10,9,23
1977,10,10,24
1977,10,11,23
1977,10,14,20
1977,10,17,20
1977,10,19,21
1977,10,23,20
1977,10,24,20
1977,10,26,16
1977,10,27,20
1977,10,28,20
1977,10,29,21
1977,10,31,22
1977,11,1,20
1977,11,2,21
1977,11,3,19
1977,11,5,19
1977,11,6,17
1977,11,7,17
1977,11,10,19
1977,11,11,19
1977,11,12,17
1977,11,13,16
1977,11,15,18
1977,11,17,19
1977,11,19,19
1977,11,20,20
1977,11,22,18
1977,11,25,18
1977,11,28,18
1977,12,6,15
1977,12,10,16
1977,12,13,16
1977,12,16,15
1977,12,17,16
1977,12,19,18
1977,12,28,13
1977,12,30,11
1978,1,3,10
1978,1,5,14
1978,1,7,13
1978,1,11,17
1978,1,13,9
1978,2,2,15
1978,2,4,15
1978,2,5,13
1978,2,7,16
1978,2,9,14
1978,2,12,13
1978,2,15,16
1978,2,18,16
1978,2,21,13
1978,2,25,20
1978,2,26,21
1978,2,27,22
1978,3,1,21
1978,3,9,19
1978,3,17,21
1978,3,21,21
1978,3,22,21
1978,3,31,19
1978,4,1,21
1978,4,22,23
1978,4,23,23
1978,4,27,25
1978,4,28,25
1978,5,1,24
1978,5,3,24
1978,5,7,23
1978,5,11,24
1978,5,13,25
1978,5,29,24
1978,6,3,25
1978,6,6,25
1978,6,7,24
1978,6,14,24
1978,6,16,25
1978,6,17,25
1978,6,28,25
1978,7,14,24
1978,7,19,21
1978,7,25,25
1978,7,27,23
1978,7,29,26
1978,7,31,25
1978,8,1,23
1978,8,2,26
1978,8,10,25
1978,8,11,27
1978,8,12,28
1978,8,13,27
1978,8,17,26
1978,8,23,24
1978,8,25,27
1978,8,28,29
1978,8,30,25
1978,9,4,24
1978,9,7,26
1978,9,12,21
1978,9,15,25
1978,9,16,24
1978,9,18,24
1978,9,20,24
1978,9,24,25
1978,9,30,23
1978,10,9,23
1978,10,16,23
1978,10,18,23
1978,11,10,19
1978,11,12,21
1978,11,16,19
1978,11,24,17
1978,12,1,18
1978,12,2,11
1978,12,5,20
1978,12,6,20
1978,12,7,19
1978,12,10,18
1978,12,12,20
1978,12,16,18
1978,12,17,16
1978,12,23,16
1978,12,28,17
1978,12,29,18
1978,12,31,16
1979,1,1,16
1979,1,13,16
1979,1,28,16
1979,2,1,12
1979,2,7,16
1979,2,8,9
1979,2,17,19
1979,2,20,18
1979,3,3,20
1979,3,6,21
1979,3,15,20
1979,3,16,19
1979,3,18,22
1979,3,21,22
1979,3,23,24
1979,3,24,23
1979,3,30,23
1979,4,21,24
1979,4,30,24
1979,5,1,22
1979,5,2,21
1979,5,9,28
1979,5,10,25
1979,5,14,26
1979,5,15,27
1979,5,27,28
1979,6,16,24
1979,6,19,26
1979,6,20,26
1979,6,21,24
1979,6,22,25
1979,7,4,25
1979,8,3,28
1979,8,5,29
1979,8,7,29
1979,8,11,27
1979,8,12,26
1979,8,13,25
1979,8,18,24
1979,8,25,23
1979,8,27,22
1979,8,28,23
1979,8,29,23
1979,9,1,24
1979,9,3,23
1979,9,8,23
1979,9,9,25
1979,9,15,22
1979,9,16,24
1979,9,17,24
1979,9,18,24
1979,9,19,24
1979,9,21,24
1979,9,24,24
1979,9,25,25
1979,9,29,24
1979,10,8,21
1979,10,11,21
1979,10,24,21
1979,10,26,20
1979,11,19,18
1979,11,27,19
1979,12,19,13
1979,12,21,13
1979,12,27,14
1980,1,2,13
1980,1,6,15
1980,1,10,14
1980,1,16,14
1980,1,20,15
1980,1,22,14
1980,1,23,15
1980,1,25,14
1980,1,27,14
1980,2,6,15
1980,2,8,12
1980,2,11,14
1980,2,12,15
1980,2,13,15
1980,2,14,19
1980,2,15,19
1980,2,16,19
1980,2,17,18
1980,2,18,15
1980,2,19,16
1980,2,20,16
1980,2,23,19
1980,2,27,18
1980,2,29,20
1980,3,1,17
1980,3,5,15
1980,3,12,21
1980,4,4,24
1980,4,5,25
1980,4,8,26
1980,4,9,26
1980,4,10,25
1980,4,20,27
1980,4,23,25
1980,4,26,28
1980,4,27,26
1980,5,3,25
1980,5,16,24
1980,5,18,25
1980,5,23,25
1980,5,24,25
1980,5,25,26
1980,5,26,23
1980,5,30,23
1980,6,2,25
1980,6,10,24
1980,6,14,23
1980,6,15,25
1980,6,18,26
1980,6,19,23
1980,6,30,28
1980,7,2,25
1980,7,10,25
1980,7,11,25
1980,7,21,25
1980,7,22,27
1980,7,23,27
1980,7,27,26
1980,7,29,24
1980,7,31,24
1980,8,1,24
1980,8,4,25
1980,8,23,27
1980,8,26,27
1980,8,29,24
1980,9,1,27
1980,9,6,26
1980,9,7,26
1980,9,13,23
1980,9,16,22
1980,9,22,23
1980,10,12,23
1980,10,30,22
1980,10,31,22
1980,11,1,22
1980,11,6,20
1980,11,7,20
1980,11,9,22
1980,11,10,22
1980,11,11,21
1980,11,14,20
1980,11,15,20
1980,11,17,20
1980,11,18,20
1980,11,19,19
1980,11,21,21
1980,11,25,17
1980,11,26,18
1980,11,29,17
1980,12,1,20
1980,12,2,19
1980,12,3,19
1980,12,5,17
1980,12,12,18
1980,12,13,17
1980,12,15,17
1980,12,19,16
1980,12,29,19
1980,12,31,16
1981,1,1,16
1981,1,2,16
1981,1,3,17
1981,1,7,10
1981,1,9,13
1981,1,14,15
1981,1,19,12
1981,1,20,15
1981,1,21,15
1981,1,22,14
1981,1,23,15
1981,1,27,16
1981,1,28,18
1981,2,2,14
1981,2,11,13
1981,2,12,10
1981,2,13,15
1981,2,16,17
1981,2,17,18
1981,2,18,17
1981,2,20,19
1981,2,21,19
1981,2,22,18
1981,2,25,21
1981,2,26,20
1981,2,27,20
1981,3,2,21
1981,3,3,20
1981,3,21,24
1981,3,22,24
1981,3,24,22
1981,3,25,22
1981,3,27,18
1981,3,28,19
1981,3,29,18
1981,3,30,18
1981,4,1,18
1981,4,3,19
1981,4,5,23
1981,4,8,24
1981,4,9,23
1981,4,10,22
1981,4,11,24
1981,4,12,24
1981,4,13,23
1981,4,14,24
1981,4,15,24
1981,4,16,19
1981,4,19,21
1981,4,20,20
1981,4,21,20
1981,4,22,21
1981,4,23,24
1981,4,27,22
1981,5,4,24
1981,5,21,26
1981,5,22,24
1981,5,23,25
1981,5,27,23
1981,5,30,23
1981,6,3,25
1981,6,9,24
1981,6,10,24
1981,6,26,24
1981,7,7,26
1981,7,10,25
1981,7,12,24
1981,7,13,26
1981,7,17,24
1981,7,23,25
1981,7,29,25
1981,8,6,26
1981,8,8,27
1981,8,12,24
1981,8,13,26
1981,8,18,24
1981,8,19,24
1981,10,15,24
1981,10,16,24
1981,10,17,23
1981,10,19,24
1981,10,20,22
1981,10,21,21
1981,10,27,20
1981,11,1,20
1981,11,30,19
1981,12,14,18
1981,12,19,16
1981,12,23,15
1981,12,24,16
1981,12,29,15
1982,1,9,17.6
1982,1,11,16.2
1982,1,13,16
1982,1,16,15.4
1982,1,22,16.5
1982,2,15,15
1982,2,25,16.3
1982,2,28,19.9
1982,3,7,15.1
1982,3,8,16.1
1982,3,11,21.1
1982,3,15,20.1
1982,3,20,21.4
1982,3,21,21.5
1982,4,3,23
1982,4,6,26.2
1982,4,8,26.4
1982,4,15,22.9
1982,4,17,21.5
1982,4,26,23.8
1982,4,30,24.2
1982,5,1,25.6
1982,5,6,25
1982,5,9,24.6
1982,5,12,25.5
1982,5,18,25.3
1982,5,24,27.8
1982,5,30,25.9
1982,6,4,25.8
1982,7,4,21.7
1982,7,7,22.4
1982,7,8,24.4
1982,7,13,25
1982,7,16,25.1
1982,7,17,26.3
1982,7,21,24.5
1982,8,3,20.1
1982,8,4,21.8
1982,8,5,23.2
1982,8,9,23.9
1982,8,12,26.4
1982,8,13,27.2
1982,9,12,23.8
1982,9,13,21
1982,11,4,20.5
1982,11,10,15.1
1982,11,12,14.8
1982,11,13,16.8
1982,11,14,18.4
1982,11,16,18.4
1982,11,17,18.9
1982,11,19,19.5
1982,11,20,19.7
1982,11,22,18.2
1982,11,23,17.6
1982,11,26,15.8
1982,12,1,15.9
1982,12,22,16.7
1982,12,24,14.9
1983,1,10,11.3
1983,1,11,11.9
1983,1,14,13.5
1983,1,16,14.4
1983,2,9,16.4
1983,2,18,18.5
1983,2,22,16.8
1983,2,23,15.3
1983,2,24,14.7
1983,2,25,16.8
1983,3,9,18.6
1983,3,11,21.8
1983,3,17,18.5
1983,4,6,24.3
1983,4,16,14.3
1983,4,17,19.3
1983,5,4,22.2
1983,6,21,24.5
1983,6,25,26.4
1983,6,27,26.8
1983,6,28,25.7
1983,7,6,22.8
1983,7,7,23.5
1983,7,8,25.2
1983,7,10,25
1983,7,12,24.3
1983,7,13,25
1983,7,14,23.1
1983,7,16,21.1
1983,7,17,24.7
1983,7,18,26.6
1983,7,19,25.4
1983,7,20,24.6
1983,7,21,26.1
1983,7,22,26.1
1983,7,23,25
1983,7,24,24.7
1983,7,28,23.7
1983,7,30,26.4
1983,7,31,23.4
1983,8,2,25.8
1983,8,3,24
1983,8,5,24.3
1983,8,6,26.4
1983,8,7,26.4
1983,8,8,27.1
1983,8,10,23.4
1983,8,11,23.2
1983,8,12,25.2
1983,8,14,26.4
1983,8,15,26.2
1983,8,16,25.3
1983,8,17,26.3
1983,8,18,27.2
1983,8,19,27.4
1983,8,23,21.8
1983,8,24,22.2
1983,8,27,26.5
1983,8,28,23.3
1983,8,30,22.8
1983,8,31,23.7
1983,9,1,24.2
1983,9,3,25.5
1983,9,4,24.5
1983,9,5,24
1983,9,6,25.4
1983,9,7,26.4
1983,9,8,25.4
1983,9,10,24.3
1983,9,11,23.7
1983,9,14,22.9
1983,9,15,23.5
1983,9,16,25.6
1983,9,17,23.3
1983,9,18,22.9
1983,9,19,25.6
1983,9,22,22.3
1983,9,23,24.4
1983,9,24,23.8
1983,9,28,23.3
1983,10,2,26.4
1983,10,9,22.1
1983,10,10,24.8
1983,10,13,22.2
1983,10,14,22.5
1983,10,15,23.1
1983,10,16,20.6
1983,10,17,20.5
1983,10,20,27.1
1983,10,21,24.5
1983,10,22,23.2
1983,10,25,19
1983,10,26,20.8
1983,11,19,20.2
1983,11,20,17.7
1983,11,22,21.4
1983,11,26,21.2
1983,11,28,18.5
1983,11,30,18
1983,12,2,18.9
1983,12,3,17.8
1983,12,4,17.3
1983,12,5,17.5
1983,12,25,11.2
1983,12,26,8
1984,1,2,12.5
1984,1,3,18.9
1984,1,4,15
1984,1,5,14.1
1984,1,6,15.3
1984,1,13,16.8
1984,1,15,13.8
1984,1,19,7.6
1984,1,21,10.4
1984,1,23,12.5
1984,1,24,12.8
1984,1,25,12.3
1984,1,26,14.1
1984,1,27,15.4
1984,1,28,13
1984,1,30,13.6
1984,2,2,15.1
1984,2,4,17.3
1984,2,5,15
1984,2,6,15.8
1984,2,7,15.8
1984,2,8,15.4
1984,2,13,15.3
1984,2,14,16.4
1984,2,16,18
1984,2,17,18.6
1984,2,19,16.7
1984,2,20,12.4
1984,2,21,18.3
1984,2,25,14.9
1984,2,26,15.6
1984,2,27,16.2
1984,2,28,16.7
1984,2,29,17.4
1984,3,2,17.1
1984,3,3,16.8
1984,3,5,17.8
1984,3,8,19.3
1984,3,9,19
1984,3,10,19.1
1984,3,12,20.2
1984,3,14,21.8
1984,3,15,22
1984,3,16,21.6
1984,3,17,23.7
1984,3,20,22.7
1984,3,21,20
1984,3,22,21.1
1984,3,24,23
1984,3,25,23.1
1984,4,3,25.4
1984,4,6,24.6
1984,4,12,22.8
1984,4,13,24
1984,4,14,24.9
1984,4,15,25.3
1984,4,16,26.2
1984,4,17,23.6
1984,4,19,24.6
1984,4,20,26.2
1984,4,21,26.4
1984,4,24,24.8
1984,4,25,22.8
1984,4,28,20.6
1984,4,30,23.8
1984,5,1,23.6
1984,5,2,24.2
1984,5,6,23.2
1984,5,8,21.5
1984,5,11,21.3
1984,5,12,20.5
1984,5,16,22.4
1984,5,19,25.8
1984,5,23,26.5
1984,5,25,24.9
1984,5,27,25.5
1984,5,29,20.4
1984,6,2,27.4
1984,6,3,27.8
1984,6,4,25.9
1984,6,7,19.6
1984,6,8,22.2
1984,6,11,22.8
1984,6,15,22.2
1984,6,16,19.8
1984,6,17,22.4
1984,6,19,22.2
1984,6,20,23.2
1984,6,22,26.9
1984,6,25,23.4
1984,6,28,25
1984,6,29,22.6
1984,6,30,24.3
1984,7,4,24.6
1984,7,6,22.8
1984,7,7,24.6
1984,7,8,21.6
1984,7,9,21.5
1984,7,10,24.2
1984,7,11,20.7
1984,7,13,22.3
1984,7,14,22.9
1984,7,16,24.6
1984,7,17,23.8
1984,7,18,24.5
1984,7,19,23.1
1984,7,20,23.7
1984,7,22,22.7
1984,7,23,21.8
1984,7,25,22.2
1984,7,26,21.3
1984,7,30,24.5
1984,7,31,24.6
1984,8,4,22.7
1984,8,5,23.6
1984,8,7,26.3
1984,9,1,26.1
1984,9,2,26
1984,9,3,25.2
1984,9,4,24.1
1984,9,9,23.2
1984,9,11,23.5
1984,9,12,21.3
1984,9,14,20.8
1984,9,15,20.7
1984,9,18,20.6
1984,9,20,21.9
1984,9,21,21.7
1984,9,22,22.9
1984,9,23,21.8
1984,9,24,22.4
1984,9,25,22.4
1984,9,26,22
1984,9,27,22.8
1984,9,28,22.6
1984,9,29,22.9
1984,9,30,23.1
1984,10,1,24.1
1984,10,2,26.7
1984,10,3,25.7
1984,10,4,23
1984,10,7,22.9
1984,10,8,20.7
1984,10,10,21
1984,10,11,22.2
1984,10,12,24.4
1984,10,15,24.8
1984,10,16,22.6
1984,10,18,22.7
1984,10,19,22
1984,10,20,21.2
1984,10,22,20.8
1984,10,25,20.6
1984,10,27,20.6
1984,10,28,21
1984,10,29,20
1984,10,30,20.5
1984,11,1,19.6
1984,11,2,22.9
1984,11,3,22.7
1984,11,6,20.5
1984,11,7,21.3
1984,11,8,21.4
1984,11,9,19.6
1984,11,10,18
1984,11,11,17.3
1984,11,12,16.6
1984,11,14,18.2
1984,11,15,18.4
1984,11,17,19.8
1984,11,19,19.3
1984,11,20,17.3
1984,11,24,19.3
1984,11,25,18.1
1984,11,26,15.9
1984,11,27,17.7
1984,11,29,19.2
1984,12,3,18.4
1984,12,7,18.4
1984,12,11,15.5
1984,12,24,17
1984,12,25,17.4
1984,12,26,16.9
1984,12,27,13.7
1984,12,31,15.3
1985,1,2,15.1
1985,1,4,14.3
1985,1,5,9.6
1985,1,6,14
1985,1,13,13.3
1985,1,14,12.7
1985,1,15,11.9
1985,1,16,12.1
1985,1,17,17.2
1985,1,18,14.2
1985,1,23,16.1
1985,1,24,15.4
1985,1,26,16.8
1985,1,27,15.9
1985,1,30,14.9
1985,1,31,16.1
1985,2,1,16.1
1985,2,2,14.3
1985,2,5,14.8
1985,2,7,12
1985,2,9,11.6
1985,2,10,13.3
1985,2,12,14.4
1985,2,13,17.2
1985,2,14,17.2
1985,2,15,16.4
1985,2,17,14.1
1985,2,18,14.6
1985,2,19,14.8
1985,2,20,15.1
1985,2,21,16.2
1985,2,23,16.8
1985,2,24,18
1985,2,25,16.4
1985,2,26,17.2
1985,2,27,19.4
1985,2,28,17
1985,3,1,16.6
1985,3,2,17.8
1985,3,3,18.8
1985,3,5,21.4
1985,3,6,20.8
1985,3,8,23
1985,3,11,20.8
1985,3,12,21.9
1985,3,13,21.6
1985,3,14,21.4
1985,3,31,24.4
1985,4,1,24.9
1985,4,3,24
1985,4,4,25
1985,4,5,25.1
1985,4,6,35.2
1985,4,7,23.4
1985,4,8,22.7
1985,4,9,22
1985,4,10,23.1
1985,4,11,23.9
1985,4,12,25.8
1985,4,13,26
1985,4,14,25.6
1985,4,16,25.8
1985,4,17,26
1985,4,19,23.8
1985,4,20,24.2
1985,4,21,25.6
1985,4,22,23.4
1985,4,23,23.5
1985,4,28,23.8
1985,4,29,24.6
1985,4,30,24.8
1985,5,1,22.1
1985,5,5,22.8
1985,5,7,22.6
1985,5,8,24.2
1985,5,9,24.9
1985,5,10,25.3
1985,5,12,22.5
1985,5,14,24
1985,5,16,25.9
1985,5,17,26.6
1985,5,19,25.2
1985,5,20,26
1985,5,21,23.3
1985,5,22,25.1
1985,5,23,24.3
1985,5,24,25
1985,5,27,26.1
1985,5,30,26.9
1985,5,31,25.8
1985,6,2,24.9
1985,6,3,24.8
1985,6,4,25.3
1985,6,5,24.6
1985,6,10,23.7
1985,6,14,25.3
1985,6,15,23.8
1985,6,16,23.4
1985,6,18,24.1
1985,6,19,25.5
1985,6,20,25.2
1985,6,21,26
1985,6,22,25.7
1985,6,23,24.8
1985,6,24,24.7
1985,6,25,27.1
1985,6,26,25.9
1985,6,27,25.4
1985,6,28,25.7
1985,7,1,24.9
1985,7,2,23.6
1985,7,3,24.4
1985,7,6,24.9
1985,7,7,25.5
1985,7,8,24.6
1985,7,10,23.5
1985,7,11,24
1985,7,12,24.4
1985,7,13,24.2
1985,7,14,23.2
1985,7,15,24.2
1985,7,18,25.2
1985,7,19,23.5
1985,8,3,24.6
1985,8,5,25.2
1985,8,8,26.2
1985,8,9,24.4
1985,8,10,23.7
1985,8,11,24.7
1985,8,12,25
1985,8,13,25.8
1985,8,15,24.8
1985,8,16,25.6
1985,8,17,24.6
1985,8,18,23.9
1985,8,19,23.8
1985,8,20,26.5
1985,8,23,25.8
1985,8,29,26
1985,8,30,25.1
1985,9,1,23.6
1985,9,2,23.2
1985,9,3,22.4
1985,9,4,24.1
1985,9,5,22.5
1985,9,11,24.8
1985,9,12,25.6
1985,9,14,24.1
1985,9,15,22.5
1985,9,23,22.8
1985,9,24,22.4
1985,9,25,21.6
1985,9,26,23.6
1985,9,30,22.9
1985,10,5,23.7
1985,10,6,23.3
1985,10,8,22.3
1985,10,9,21.6
1985,10,13,22.5
1985,10,15,28.1
1985,10,19,20.2
1985,10,20,22
1985,10,22,24
1985,10,23,22.9
1985,10,24,20.7
1985,10,28,19.4
1985,10,30,19.4
1985,10,31,20.8
1985,11,1,18.9
1985,11,3,20
1985,11,5,16.8
1985,11,6,17.2
1985,11,8,17
1985,11,10,16.1
1985,11,11,17
1985,11,12,18.3
1985,11,13,19.8
1985,11,14,19.6
1985,11,16,21.7
1985,11,17,18.9
1985,11,18,18.9
1985,11,19,18.3
1985,11,20,17.4
1985,11,21,18.9
1985,11,24,17
1985,11,26,19.1
1985,11,27,18.1
1985,11,29,17.2
1985,11,30,17.2
1985,12,1,16.6
1985,12,2,16.2
1985,12,4,16.9
1985,12,5,17.9
1985,12,6,17.3
1985,12,8,16.9
1985,12,12,15.3
1985,12,13,14.6
1985,12,14,17
1985,12,15,17.1
1985,12,16,18.4
1985,12,18,16.6
1985,12,20,13.6
1985,12,23,18.4
1985,12,24,17.4
1985,12,25,17.5
1985,12,26,14.3
1985,12,30,12
1986,1,1,13.2
1986,1,2,14.4
1986,1,6,16.8
1986,1,7,15.4
1986,1,8,15.5
1986,1,10,16.1
1986,1,11,16.1
1986,1,12,14.9
1986,1,13,15.6
1986,1,15,14.2
1986,1,18,16
1986,1,20,16.5
1986,1,22,14.9
1986,1,26,15.3
1986,1,27,16.6
1986,1,30,16.2
1986,1,31,16.3
1986,2,2,13.9
1986,2,5,16.5
1986,2,6,16.1
1986,2,7,14.9
1986,2,8,17
1986,2,9,17.5
1986,2,10,19.7
1986,2,11,17.8
1986,2,13,17
1986,2,14,17
1986,2,18,14.7
1986,3,6,18.3
1986,3,8,17.5
1986,3,11,20.5
1986,3,12,22.2
1986,3,14,22.4
1986,3,15,23.8
1986,3,18,20.3
1986,3,19,21.5
1986,3,24,23.3
1986,3,25,22.9
1986,3,26,22
1986,3,27,23
1986,3,28,23.2
1986,4,1,25.4
1986,4,2,25.4
1986,4,3,24.2
1986,4,4,20.7
1986,4,6,19.6
1986,4,7,20.4
1986,4,8,21.1
1986,4,10,19.7
1986,4,11,22
1986,4,14,23.2
1986,4,15,21.6
1986,4,16,23.4
1986,4,17,26.3
1986,4,19,26.3
1986,4,20,24.6
1986,4,21,24.6
1986,4,28,20.2
1986,4,30,20.7
1986,5,1,20.5
1986,5,2,20.1
1986,5,3,22.8
1986,5,4,22.2
1986,5,8,22.3
1986,5,9,23.4
1986,5,10,25.6
1986,5,11,23.6
1986,5,12,22.4
1986,5,13,22.4
1986,5,14,22.8
1986,5,16,21.4
1986,5,19,23.8
1986,5,20,24.1
1986,5,21,23.8
1986,5,22,24.3
1986,5,23,24.1
1986,5,24,24
1986,5,25,24.7
1986,5,26,25.2
1986,5,29,24
1986,5,30,25.1
1986,5,31,24.9
1986,6,1,24.7
1986,6,2,24
1986,6,4,25.7
1986,6,5,25.8
1986,6,6,24.2
1986,6,7,25.4
1986,6,10,25.7
1986,6,12,24.4
1986,6,13,24.5
1986,6,14,25.5
1986,6,15,25
1986,6,16,23.7
1986,6,17,25.3
1986,6,18,24.3
1986,6,19,25.9
1986,6,20,25.7
1986,6,22,29.6
1986,6,24,25.6
1986,6,25,26.6
1986,6,27,24.9
1986,7,5,22.7
1986,7,6,26.3
1986,7,7,24.4
1986,7,8,22.2
1986,7,9,25.4
1986,7,10,25.9
1986,7,14,25.7
1986,7,16,22.7
1986,7,17,22.2
1986,7,19,24.8
1986,7,21,25.8
1986,7,23,24.4
1986,7,24,23.8
1986,7,25,22.8
1986,7,26,24.1
1986,8,1,22
1986,8,2,22
1986,8,4,24.8
1986,8,8,25.1
1986,8,9,26.5
1986,8,10,27.3
1986,8,11,26.4
1986,8,16,23.5
1986,8,17,29.1
1986,8,18,25
1986,8,20,26.6
1986,8,21,24.1
1986,8,29,24.7
1986,9,2,22.9
1986,9,3,24.1
1986,9,16,22.7
1986,9,17,22.6
1986,9,18,22.9
1986,9,27,20.4
1986,9,28,21
1986,9,29,21.5
1986,9,30,20.8
1986,10,6,19.1
1986,10,7,17.8
1986,10,10,20.1
1986,10,11,20.1
1986,10,12,20.9
1986,10,13,20
1986,10,23,21.3
1986,10,24,21.5
1986,10,25,21.9
1986,10,26,20.6
1986,10,27,19.3
1986,11,13,18.4
1986,11,22,18.1
1986,11,24,17.2
1986,11,26,17.3
1986,11,29,17.7
1986,11,30,18.4
1986,12,8,17
1986,12,10,17.3
1986,12,11,16.8
1986,12,12,15.2
1986,12,14,13.5
1986,12,17,13.9
1986,12,19,15.4
1986,12,20,15.8
1986,12,26,16
1987,1,3,13.6
1987,1,4,15.6
1987,1,8,19.7
1987,2,9,16.9
1987,2,10,16.6
1987,2,12,14.4
1987,2,13,17.8
1987,2,17,17
1987,2,18,16.4
1987,2,19,17.9
1987,2,21,18.6
1987,2,24,19.8
1987,3,1,15.5
1987,3,3,17.6
1987,3,4,17.8
1987,3,13,13.2
1987,3,16,15.9
1987,3,17,17
1987,3,18,17.9
1987,3,22,20.5
1987,3,23,20.2
1987,3,24,21
1987,3,26,22.3
1987,3,28,23
1987,3,29,23.2
1987,3,30,21.2
1987,3,31,22.3
1987,4,1,22.2
1987,4,6,23.4
1987,4,7,23.8
1987,4,8,23.6
1987,4,9,23.5
1987,4,16,24.3
1987,4,21,23.5
1987,4,27,17.1
1987,5,9,20.8
1987,5,10,22.4
1987,5,20,26.7
1987,5,21,25.8
1987,5,22,24.9
1987,6,3,24.2
1987,6,5,22.8
1987,6,6,23.8
1987,6,9,26
1987,6,12,25.3
1987,6,16,25.9
1987,6,18,25.5
1987,6,20,22
1987,7,8,25.1
1987,7,13,25.4
1987,7,14,24.6
1987,7,19,25
1987,7,21,25
1987,7,22,26.2
1987,7,24,21.6
1987,8,1,20.2
1987,8,8,33.5
1987,8,16,23.6
1987,8,30,24.2
1987,9,3,24.7
1987,9,5,24.8
1987,9,14,25.6
1987,9,15,23.4
1987,9,16,23.8
1987,9,20,23.2
1987,9,24,22.9
1987,10,1,21.2
1987,10,2,22.6
1987,10,9,21.8
1987,10,10,21.5
1987,10,12,20.7
1987,10,13,21.4
1987,10,18,23.8
1987,10,29,19.6
1987,10,31,19.5
1987,11,1,18.6
1987,11,4,20.3
1987,11,5,21
1987,11,6,21
1987,11,9,21.2
1987,11,10,19.2
1987,11,13,21.8
1987,11,14,20
1987,11,16,22.5
1987,11,18,19.3
1987,11,19,18.5
1987,11,29,18
1987,11,30,18.3
1987,12,2,18.3
1987,12,6,17.2
1987,12,18,16.7
1987,12,27,16.3
1987,12,28,14.9
1987,12,29,16.3
1988,1,2,15.7
1988,1,3,15.9
1988,1,4,15.3
1988,1,7,15.6
1988,1,8,18.4
1988,1,10,13.4
1988,1,14,15.6
1988,1,16,13.5
1988,1,18,13.6
1988,1,19,14.3
1988,2,5,18.2
1988,2,8,17.8
1988,2,12,17.2
1988,2,15,17.6
1988,2,17,16.2
1988,2,20,16.5
1988,3,8,19.5
1988,3,26,22.5
1988,4,5,25.6
1988,4,6,26.7
1988,4,8,25.8
1988,4,10,26.6
1988,4,19,21.4
1988,4,21,21.8
1988,4,25,23.6
1988,4,28,25.3
1988,4,29,23.4
1988,5,1,24.4
1988,5,31,23.8
1988,6,3,25.8
1988,6,5,25.4
1988,6,7,25.8
1988,6,12,26.5
1988,6,18,24.6
1988,6,22,24.5
1988,6,23,25.3
1988,6,30,25.2
1988,8,2,28
1988,8,17,25.9
1988,8,24,22.4
1988,8,25,21.3
1988,10,2,24
1988,10,13,24.1
1988,10,24,21.7
1988,10,30,21.9
1988,10,31,20.5
1988,11,1,20.8
1988,11,14,21
1988,11,22,20.4
1988,11,24,20.6
1988,11,29,19.2
1988,12,20,16.8
1988,12,22,17.3
1988,12,27,16.3
1988,12,29,15.8
1989,1,2,17.8
1989,1,4,15.4
1989,1,14,13.4
1989,1,21,13.9
1989,2,5,16.8
1989,2,7,17.8
1989,2,17,14.9
1989,3,4,18.5
1989,3,13,17
1989,4,4,22
1989,4,10,24.8
1989,4,14,24.4
1989,4,20,28.2
1989,4,23,27.7
1989,5,7,29.2
1989,5,9,27.3
1989,5,10,28.3
1989,5,11,28.3
1989,5,16,24.8
1989,5,21,26.3
1989,5,23,23.5
1989,5,24,27
1989,5,27,20.5
1989,6,1,24.2
1989,6,5,24.3
1989,6,25,24.8
1989,6,26,24.7
1989,6,28,23.5
1989,7,11,22.4
1989,7,14,21.4
1989,7,17,22.1
1989,8,4,24.8
1989,8,23,25.4
1989,9,4,21
1989,9,8,24
1989,9,11,24.3
1989,9,13,24.8
1989,9,14,20.5
1989,9,15,24.1
1989,9,16,23.8
1989,9,22,23
1989,9,23,22.2
1989,9,28,18.6
1989,10,7,22.7
1989,10,8,22.6
1989,10,10,22.9
1989,10,13,23.5
1989,10,17,22.9
1989,10,18,21.5
1989,11,2,20.1
1989,11,3,18.3
1989,11,5,17.5
1989,11,28,18.4
1989,12,3,19.1
1989,12,5,16.5
1989,12,17,16.5
1989,12,19,14.6
1989,12,20,15
1989,12,22,15.1
1989,12,24,13.4
1989,12,25,15.8
1990,1,1,14.1
1990,1,5,15.4
1990,1,12,16.9
1990,1,15,16.3
1990,1,28,17.6
1990,1,31,17.4
1990,2,18,15
1990,2,20,18
1990,3,2,17.1
1990,3,4,16
1990,3,5,16.3
1990,3,6,17.1
1990,3,7,17
1990,3,8,16.4
1990,3,9,17.9
1990,3,16,21.5
1990,3,17,21.6
1990,3,21,21.6
1990,3,22,21.6
1990,5,4,21.1
1990,5,7,24.6
1990,5,13,24.6
1990,6,13,25.6
1990,6,15,25.9
1990,7,3,26.1
1990,7,4,24.6
1990,7,5,24.4
1990,7,8,23.9
1990,7,13,24.4
1990,7,16,24.2
1990,7,17,23.8
1990,7,18,23.4
1990,7,24,25.9
1990,9,5,26.3
1990,9,25,19.3
1990,9,29,23.1
1990,10,1,23.4
1990,10,2,23.1
1990,10,3,23.5
1990,10,19,22.5
1990,10,30,21.3
1990,10,31,21.4
1990,11,5,21.6
1990,11,6,21.1
1990,11,12,22.7
1990,11,13,24.4
1990,11,18,22.2
1990,11,19,21.4
1990,11,27,18.9
1990,12,21,19.4
1990,12,28,15.2
1991,1,1,11.4
1991,1,2,11
1991,1,15,14.1
1991,1,21,10.1
1991,1,27,18.4
1991,1,28,19.8
1991,2,1,17.5
1991,2,2,16.6
1991,2,3,16.4
1991,2,4,15.3
1991,2,10,17
1991,2,11,16.1
1991,2,15,18
1991,2,17,17.8
1991,2,18,18.2
1991,2,20,18.7
1991,3,17,23.9
1991,3,20,25
1991,4,25,25
1991,7,12,25.5
1991,7,22,27.1
1991,7,25,26.8
1991,8,6,26.3
1991,8,13,25.5
1991,8,16,25.2
1991,8,19,26.7
1991,8,24,26.5
1991,8,27,25.3
1991,8,30,26.7
1991,8,31,24.6
1991,9,2,24.3
1991,9,10,19.2
1991,9,17,25.2
1991,9,18,24.2
1991,9,21,24.4
1991,9,22,25.2
1991,9,25,25.3
1991,9,26,23.7
1991,9,27,23.3
1991,10,4,24.5
1991,10,5,23.8
1991,10,6,22.9
1991,10,13,24.7
1991,10,19,22.3
1991,10,20,22.2
1991,10,23,23.7
1991,11,5,19.8
1991,11,11,22.5
1991,11,17,21.5
1991,11,19,20
1991,12,2,14.7
1991,12,5,16.9
1991,12,7,20.1
1991,12,12,18.5
1991,12,17,20.3
1991,12,18,20.8
1991,12,20,18.2
1991,12,24,13.1
1991,12,25,12.7
1991,12,29,13.1
1991,12,30,10.9
1992,1,2,12.7
1992,1,13,13.8
1992,1,15,12.7
1992,1,16,15
1992,1,26,16.9
1992,1,27,18
1992,2,2,11.5
1992,2,5,14.2
1992,2,7,10
1992,2,21,16.5
1992,3,1,16.8
1992,3,3,18.7
1992,3,13,21.8
1992,3,16,21.3
1992,3,18,20.9
1992,3,19,21.6
1992,3,20,22.5
1992,3,27,23.2
1992,3,28,25.1
1992,3,31,25.2
1992,4,3,23.8
1992,5,27,24.2
1992,6,4,27.6
1992,6,23,23.2
1992,6,26,26
1992,7,3,25.2
1992,7,21,26.1
1992,8,1,26.1
1992,8,6,24.7
1992,8,11,25.7
1992,8,12,26.5
1992,8,13,27.7
1992,8,14,26.6
1992,8,18,27.8
1992,8,28,24.8
1992,9,2,27.6
1992,9,8,26.1
1992,9,11,25.5
1992,9,15,23.3
1992,9,16,24.7
1992,9,17,22.7
1992,9,20,25.3
1992,10,5,25
1992,10,18,23
1992,11,6,20.7
1992,11,8,20.6
1992,11,12,20.8
1992,11,22,20.4
1992,11,25,17.8
1992,11,27,18.4
1992,12,1,19.6
1992,12,2,18
1992,12,7,17.3
1992,12,9,18
1992,12,10,16.5
1992,12,17,17.3
1992,12,26,15.7
1992,12,28,14.6
1992,12,29,15.3
1993,1,13,12.7
1993,2,11,18.7
1993,2,20,19.7
1993,3,3,20.8
1993,3,6,20
1993,3,8,21.8
1993,3,9,23.2
1993,3,11,24.2
1993,3,19,20.6
1993,3,20,20
1993,3,21,17.7
1993,3,23,20.5
1993,3,24,21.3
1993,3,25,21.7
1993,3,28,19.1
1993,3,29,20.1
1993,4,4,24.5
1993,4,5,25.7
1993,4,12,20.6
1993,4,15,21.6
1993,4,16,23.1
1993,4,23,24.7
1993,4,25,24
1993,4,26,23
1993,4,27,24.3
1993,4,28,25.4
1993,5,2,25.7
1993,5,4,24.7
1993,5,6,24.9
1993,5,8,24.6
1993,5,10,23.8
1993,5,11,23.4
1993,5,17,24.6
1993,5,19,23.1
1993,5,22,26.5
1993,5,27,26.7
1993,5,28,24.8
1993,5,31,25
1993,6,1,26.6
1993,6,3,25.3
1993,6,8,25.2
1993,6,9,25.6
1993,6,11,25.3
1993,6,16,27.2
1993,6,26,26
1993,7,5,25.6
1993,7,6,26.1
1993,7,11,26.9
1993,7,13,27.1
1993,7,19,22.3
1993,7,22,24.4
1993,7,23,26.5
1993,7,25,26.1
1993,8,8,21.4
1993,8,9,21.8
1993,8,10,24.6
1993,8,11,27
1993,8,12,25.8
1993,8,14,25.7
1993,8,15,26.4
1993,8,17,26.4
1993,8,22,23.4
1993,8,23,25.7
1993,8,24,25.2
1993,8,25,25.4
1993,8,26,25.9
1993,8,27,24.7
1993,8,30,25.9
1993,8,31,25.6
1993,9,2,23.5
1993,9,6,26.3
1993,9,7,23.1
1993,9,12,25.1
1993,9,14,23.5
1993,9,16,25.4
1993,9,17,24.9
1993,9,21,26.2
1993,9,23,25.3
1993,10,1,23.7
1993,10,3,24.2
1993,10,7,24.9
1993,10,10,23.9
1993,11,4,22.3
1993,11,5,20.2
1993,11,10,20.2
1993,11,21,19.5
1993,11,23,22.1
1993,12,6,21.6
1993,12,10,20.2
1993,12,12,18.2
1993,12,15,16.2
1993,12,20,17.8
1993,12,27,21.2
1993,12,28,21.4
1993,12,31,18
1994,1,5,19.7
1994,1,7,19.2
1994,1,12,20.9
1994,1,13,21
1994,1,19,17.2
1994,1,23,18.5
1994,1,27,20.2
1994,1,30,19.8
1994,1,31,18.4
1994,2,4,17.3
1994,2,6,18.9
1994,2,7,19.3
1994,2,8,19.6
1994,2,10,16.3
1994,2,11,15.9
1994,2,13,16
1994,2,15,17.2
1994,2,20,18.1
1994,2,23,18.2
1994,2,25,17.5
1994,2,27,18.1
1994,2,28,19
1994,3,4,20.9
1994,3,6,21.2
1994,3,8,21.7
1994,3,9,22.3
1994,3,11,22.2
1994,3,13,20.7
1994,3,14,23.1
1994,3,15,22.6
1994,3,21,27.2
1994,3,22,27.1
1994,3,24,24.2
1994,3,25,24.7
1994,3,29,20.2
1994,3,31,22.9
1994,4,6,24.6
1994,4,7,25.5
1994,4,15,28.9
1994,4,16,28.4
1994,4,17,26.9
1994,4,18,25.3
1994,4,19,27.2
1994,4,20,25.1
1994,4,29,28.7
1994,5,1,28.8
1994,5,2,28.5
1994,5,4,30.3
1994,5,5,30.6
1994,5,7,28.7
1994,5,24,27.5
1994,6,1,26.7
1994,6,4,29.4
1994,6,7,28.8
1994,7,10,27.9
1994,7,11,28.2
1994,7,13,29.4
1994,8,1,28.7
1994,8,2,30.5
1994,8,4,27.9
1994,8,11,27.9
1994,8,13,25.5
1994,8,14,23.8
1994,8,20,27.5
1994,8,22,27.2
1994,8,23,25.4
1994,8,27,28.2
1994,9,11,27.8
1994,9,12,27.1
1994,9,14,27.9
1994,9,15,28.4
1994,9,18,27.5
1994,9,20,25.2
1994,9,23,28.1
1994,10,10,24.8
1994,11,17,23.7
1994,11,18,23.2
1994,11,25,20.8
1994,11,27,21.7
1994,12,2,20.4
1994,12,3,20.5
1994,12,4,21.2
1994,12,5,21.8
1994,12,7,21.6
1994,12,15,19.6
1994,12,22,21.3
1994,12,23,20.7
1994,12,25,19.5
1994,12,26,19.6
1994,12,28,18.4
1995,1,1,17.1
1995,1,5,18.1
1995,1,7,19.4
1995,1,12,19.4
1995,2,27,18.7
1995,3,3,21.6
1995,3,4,20.8
1995,3,12,21.3
1995,3,16,22.2
1995,3,19,25.2
1995,3,20,24.7
1995,3,22,26.2
1995,3,26,28.5
1995,3,30,23.5
1995,4,2,26
1995,4,3,26.3
1995,4,6,26
1995,4,7,26.3
1995,4,16,26.9
1995,4,22,28.3
1995,4,26,29.3
1995,5,3,29.7
1995,5,4,30
1995,5,11,28.8
1995,5,12,29.4
1995,5,14,28
1995,5,20,28.5
1995,5,21,27
1995,5,29,29.8
1995,5,30,30.2
1995,6,3,27.4
1995,6,4,27.6
1995,6,8,28.4
1995,6,12,27.9
1995,6,13,26.4
1995,6,14,28.2
1995,6,23,26.8
1995,7,7,24.6
1995,7,16,26.9
1995,7,21,27.6
1995,7,23,27.5
1995,7,28,27.6
1995,8,16,28.3
1995,8,24,29.3
1995,8,31,28.7
1995,9,3,28
1995,9,8,27.8
1995,9,19,26.5
1995,9,21,25.2
1995,9,27,24
1995,9,28,22.2
1995,9,29,23
1995,10,8,26.3
1995,10,11,26
1995,10,12,25.1
1995,10,16,27.6
1995,10,23,25.2
1995,10,27,25.4
1995,10,28,26.3
1995,10,29,26.5
1995,11,3,24
1995,11,5,25.4
1995,11,6,26.5
1995,11,7,33.5
1995,11,8,27.8
1995,11,9,22.2
1995,11,10,15.5
1995,11,13,24.4
1995,11,14,24
1995,11,17,24
1995,11,19,22.4
1995,11,20,21.5
1995,11,21,20.9
1995,11,22,22
1995,11,23,22
1995,11,28,19.5
1995,11,29,19.8
1995,11,30,20
1995,12,2,18.8
1995,12,5,18.1
1995,12,8,20.2
1995,12,10,19
1995,12,12,18.3
1995,12,13,18.7
1995,12,21,17.6
1995,12,26,16.1
1995,12,28,18.8
1995,12,30,19.7
1996,1,1,18.7
1996,1,5,17.6
1996,1,9,19.5
1996,1,10,18.7
1996,1,15,13.8
1996,1,17,14.5
1996,1,18,14.9
1996,2,6,18.8
1996,2,8,19.7
1996,2,15,20.6
1996,3,2,23.8
1996,3,11,21
1996,3,12,19.4
1996,3,27,22.8
1996,3,31,27.2
1996,4,14,29
1996,4,19,28.8
1996,4,21,28.6
1996,4,22,29.4
1996,4,27,25
1996,4,28,25.7
1996,5,1,26.3
1996,5,5,26.5
1996,5,7,28.4
1996,5,12,23.5
1996,5,14,26.1
1996,5,15,26.2
1996,5,16,26.1
1996,5,21,28.2
1996,5,23,27.8
1996,5,25,29.5
1996,5,27,27.7
1996,6,3,25.8
1996,6,6,23.6
1996,6,10,27.4
1996,6,12,27.6
1996,6,23,28.2
1996,6,29,28.2
1996,6,30,26.4
1996,7,1,26.8
1996,7,2,25.1
1996,7,4,26.3
1996,7,9,26
1996,7,11,24
1996,7,24,29.5
1996,7,25,30.1
1996,7,29,27.2
1996,8,2,28.6
1996,8,8,27.8
1996,8,9,27.5
1996,8,10,27.6
1996,8,24,28.2
1996,8,25,28.4
1996,8,27,28.4
1996,8,28,27.2
1996,8,31,23.3
1996,9,3,25.4
1996,9,5,27.1
1996,9,9,26.9
1996,9,10,27
1996,9,11,27.1
1996,9,12,27.2
1996,9,13,29
1996,9,18,27.3
1996,9,27,28
1996,9,29,26.3
1996,10,8,24.2
1996,10,16,24.4
1996,10,17,24.7
1996,10,24,25.5
1996,11,1,24.4
1996,11,8,24.6
1996,12,2,21.8
1997,2,12,14.9
1997,2,23,18.3
1997,3,19,22.2
1997,3,20,24.2
1997,3,25,23.3
1997,3,26,23.1
1997,3,30,18
1997,9,16,27.1
1998,3,22,22
1998,5,29,26.7
1998,6,1,28
1998,6,3,28.7
1998,6,4,27.5
1998,6,8,29.6
1998,6,10,29
1998,6,12,28.7
1998,6,17,28
1998,6,18,26.8
1998,6,19,28.5
1998,6,20,27.2
1998,6,21,27.4
1998,6,25,28.5
1998,6,30,27.3
1998,7,7,23.5
1998,7,8,28
1998,7,9,27.8
1998,7,14,26.6
1998,7,15,26.1
1998,7,19,25.8
1998,7,20,24.2
1998,7,21,25.2
1998,7,22,24.1
1998,7,23,22.8
1998,7,24,26.4
1998,7,28,28.6
1998,7,29,29.3
1998,7,30,27.6
1998,7,31,27.7
1998,8,2,25.8
1998,8,7,29.5
1998,8,9,26.5
1998,8,11,27.7
1998,8,12,26.6
1998,8,13,29.2
1998,8,17,23.8
1998,8,19,26.6
1998,8,21,25.8
1998,8,22,28.1
1998,8,24,27
1998,8,27,27
1998,8,28,26.8
1998,8,29,26.8
1998,8,30,26
1998,9,1,27.4
1998,9,2,22.7
1998,9,7,29.4
1998,9,8,28.4
1998,9,14,27.7
1998,9,15,27
1998,9,17,28
1998,9,23,26.9
1998,9,24,27.2
1998,9,29,27.5
1998,10,2,25.8
1998,10,5,27.6
1998,10,6,27.5
1998,10,9,27.6
1998,10,10,27.2
1998,10,12,26.8
1998,10,25,26.2
1998,10,28,25.1
1998,11,8,23.2
1998,11,10,20.6
1998,11,13,24.2
1998,11,16,23.8
1998,11,17,20.3
1998,11,19,24.4
1998,11,26,22.9
1998,12,3,22.6
1998,12,4,21.7
1998,12,5,21.4
1998,12,22,19.4
1998,12,23,20.3
1999,1,9,18.5
1999,1,20,20.4
1999,2,6,21.8
1999,2,8,23.5
1999,2,9,24.3
1999,2,10,24.2
1999,2,14,24.2
1999,2,15,23.7
1999,2,16,24.5
1999,2,17,23.8
1999,2,19,22.4
1999,2,26,25.1
1999,2,28,23.8
1999,3,1,23.8
1999,3,2,23.4
1999,3,10,28.6
1999,3,11,27.1
1999,3,13,26.7
1999,3,16,23.5
1999,3,17,23.7
1999,3,27,23.3
1999,4,5,29.3
1999,4,23,28.4
1999,5,7,27.4
1999,5,8,28
1999,5,11,25.4
1999,5,18,26.2
1999,5,22,25.4
1999,5,25,25.6
1999,5,30,26
1999,6,3,27.9
1999,6,4,27.2
1999,6,6,28.7
1999,6,8,29.7
1999,6,11,25.8
1999,6,15,28
1999,6,16,27.7
1999,6,18,27.5
1999,6,19,27.7
1999,6,30,26.7
1999,7,2,21.7
1999,7,8,26.8
1999,7,9,24.3
1999,7,11,25.8
1999,7,12,26.5
1999,7,14,28
1999,7,15,27.7
1999,7,19,27.3
1999,7,20,28.2
1999,7,23,26.2
1999,7,24,27.9
1999,7,25,28
1999,7,26,29
1999,7,27,28.4
1999,7,30,28.8
1999,8,1,28.9
1999,8,2,28.4
1999,8,3,28.2
1999,8,5,28
1999,8,6,29.1
1999,8,8,29.3
1999,8,10,27
1999,8,11,27.1
1999,8,12,26.3
1999,8,13,24.8
1999,8,15,28
1999,8,16,26.9
1999,8,18,25.4
1999,8,19,27.2
1999,8,20,26.7
1999,8,21,27.3
1999,8,22,27.2
1999,8,23,25.6
1999,8,25,25.7
1999,8,27,24.8
1999,8,28,26.6
1999,8,30,27.4
1999,8,31,27.3
1999,9,4,28.9
1999,9,6,25.5
1999,9,7,26.4
1999,9,10,27.3
1999,9,11,27.5
1999,9,12,28
1999,9,14,28.2
1999,9,15,27.7
1999,9,16,27.2
1999,9,17,27.6
1999,9,19,27.7
1999,9,20,26.8
1999,9,21,27.7
1999,9,22,27.5
1999,9,23,27.6
1999,9,24,27.2
1999,9,26,24
1999,9,27,27.7
1999,9,28,27.7
1999,9,29,27.2
1999,10,3,27.4
1999,10,5,26.3
1999,10,8,26.9
1999,10,9,25.8
1999,10,18,21.4
1999,10,19,17.6
1999,10,20,25.4
1999,10,21,25
1999,10,28,28.3
1999,10,30,25.2
1999,10,31,25.2
1999,11,3,25.3
1999,11,4,23.5
1999,11,5,23.5
1999,11,6,24.7
1999,11,11,23.3
1999,11,14,23.2
1999,11,15,22.4
1999,11,16,22.4
1999,11,17,21.8
1999,11,19,20.4
1999,11,27,20.5
1999,11,29,22
1999,12,1,22
1999,12,3,22.7
1999,12,4,21.6
1999,12,6,21.6
1999,12,8,21.8
1999,12,9,21.8
1999,12,10,21.9
1999,12,11,21.3
1999,12,12,21.5
1999,12,14,20.4
1999,12,15,20
1999,12,16,20
1999,12,17,21.6
1999,12,28,18.7
1999,12,30,17.4
1999,12,31,20.6
2000,1,19,19.2
2000,1,20,17.9
2000,1,21,16.4
2000,1,22,16.5
2000,1,24,17.7
2000,1,27,18.8
2000,2,1,16.9
2000,3,15,20.5
2000,3,16,20.9
2000,10,4,27.4
2000,10,20,26.4
2000,10,23,25.9
2000,10,24,25.6
2000,10,25,25.2
2000,10,28,23.8
2000,10,31,25.4
2000,11,3,25.2
2000,11,4,25.7
2000,11,5,24.2
2000,11,12,22.2
2000,11,14,22
2000,11,15,22.2
2000,11,18,23.4
2000,11,19,23.4
2000,11,20,21.8
2000,11,22,21.9
2000,11,23,21.8
2000,11,24,21.7
2000,11,26,23
2000,11,28,23.5
2000,11,30,20.8
2000,12,1,20
2000,12,5,20.6
2000,12,7,20.5
2000,12,9,19.8
2000,12,17,21.2
2000,12,19,19.5
2000,12,20,19.9
2000,12,21,20.7
2000,12,25,20.4
2000,12,26,20.3
2000,12,29,19.1
2001,1,1,19.3
2001,1,2,21.5
2001,1,4,18.7
2001,1,5,16.7
2001,1,9,16.5
2001,1,16,20.1
2001,1,23,17.8
2001,1,24,18
2001,1,25,15.7
2001,1,28,18.3
2001,1,29,19.8
2001,1,30,20.5
2001,2,2,19.8
2001,2,6,18.7
2001,2,8,20.4
2001,2,13,20.2
2001,2,14,22.6
2001,2,15,24.4
2001,2,17,24.3
2001,2,18,23.8
2001,2,19,23.6
2001,2,21,21.4
2001,3,5,21
2001,3,13,24.2
2001,3,15,25.5
2001,3,17,24.8
2001,3,18,24.7
2001,3,19,25.4
2001,3,22,27.5
2001,3,27,25
2001,3,31,26.5
2001,4,3,26.2
2001,4,4,26.8
2001,4,6,29.5
2001,4,7,29.8
2001,4,11,28.5
2001,4,12,29.1
2001,4,13,28
2001,4,15,24.5
2001,4,16,25.5
2001,4,18,21.7
2001,4,20,25.6
2001,4,21,25.5
2001,4,22,26.3
2001,4,24,28.7
2001,4,26,27.5
2001,4,28,28
2001,4,30,27
2001,5,4,27
2001,8,29,26.9
2001,9,10,24.7
2001,9,12,27.5
2001,9,25,28.2
2001,9,27,28.1
2002,11,16,23.8
2003,1,6,19.4
2003,3,24,26.4
2003,5,12,27.5
2003,6,18,29.5
2003,6,19,28.4
2003,7,16,28.7
2003,7,25,30.8
2003,7,28,29.4
2003,8,21,28.6
2003,8,26,30.3
2003,9,3,29.4
2003,9,15,25.3
2003,9,20,27.6
2004,10,3,26.6
2005,2,18,23.8
2005,2,22,22.1
2005,3,7,25.8
2005,3,22,27.5
2005,6,24,27.2
2005,12,13,20.4
2007,7,17,28.5
2008,7,19,30.2
2012,8,19,30.8
2012,8,27,31.1
2012,9,12,30.4
2012,9,25,28.2
2012,10,2,28.5
2012,11,23,24.2
2013,1,18,24.2
2013,1,23,20.8
2013,1,26,21.9
2013,12,6,22.4
2013,12,7,22.4
2013,12,8,21.4
2013,12,9,22
2013,12,10,21
2013,12,11,20.8
2013,12,12,20
2013,12,14,18
2013,12,16,21
2013,12,17,19
2013,12,19,16.2
2013,12,21,18.4
2013,12,22,18.4
2013,12,23,17
2013,12,25,19.2
2013,12,28,18.6
2013,12,29,18.2
2014,1,1,20.2
2014,1,2,19
2014,1,3,19.6
2014,1,4,19.2
2014,1,5,17.9
2014,1,8,17
2014,1,9,18.6
2014,1,10,18.7
2014,1,11,18.7
2014,1,12,19.4
2014,1,13,19.6
2014,1,14,19.6
2014,1,16,20.5
2014,1,17,21.6
2014,1,18,16.4
2014,1,19,22
2014,1,20,21.4
2014,1,21,21.6
2014,1,22,20.4
2014,1,24,20.8
2014,1,25,20.3
2014,1,26,21.5
2014,1,27,21.6
2014,1,29,22.5
2014,1,31,22.4
2014,2,1,22.6
2014,2,2,22.2
2014,2,3,22.8
2014,2,5,20.8
2014,2,6,20.6
2014,2,9,21.3
2014,2,10,20.9
2014,2,11,20
2014,2,12,19.4
2014,2,15,20
2014,2,17,18
2014,2,18,19
2014,2,19,21.4
2014,2,21,21.2
2014,2,22,19.5
2014,2,24,23.5
2014,2,25,22.5
2014,2,26,21
2014,2,27,20.5
2014,2,28,22.6
2014,3,2,22.4
2014,3,3,23
2014,3,7,23.6
2014,3,8,23.2
2014,3,22,23.4
2014,3,25,22.9
2014,3,26,24.1
2014,3,31,28.5
2014,4,2,26.8
2014,4,3,27.1
2014,4,5,22.8
2014,4,6,26
2014,4,8,27.4
2014,4,9,28.4
2014,4,10,27.8
2014,4,11,28
2014,4,12,28.4
2014,4,13,28.6
2014,4,15,28.2
2014,4,16,29.7
2014,4,17,29.3
2014,4,18,29.1
2014,4,19,29.2
2014,4,20,29.8
2014,4,21,30.3
2014,4,22,29.8
2014,4,23,30.2
2014,4,28,27.5
2014,4,29,28.9
2014,4,30,28.9
2014,5,1,29
2014,5,3,26.6
2014,5,4,27
2014,5,5,27
2014,5,6,27.2
2014,5,9,28
2014,5,10,29.8
2014,5,11,29.1
2014,5,13,29.2
2014,5,14,29.2
2014,5,15,30.3
2014,5,16,29.4
2014,5,18,29.8
2014,5,19,28.8
2014,5,20,29.9
2014,5,21,30.6
2014,5,24,29.4
2014,5,26,23.8
2014,5,28,23.8
2014,5,30,28.1
2014,5,31,28.9
2014,6,1,28.4
2014,6,2,28.6
2014,6,3,28.2
2014,6,4,28.5
2014,6,5,29.3
2014,6,6,27.1
2014,6,7,27.8
2014,6,8,28.8
2014,6,9,28.2
2014,6,10,29.2
2014,6,11,29
2014,6,14,29
2014,6,15,29.6
2014,6,16,29.6
2014,6,17,29.8
2014,6,18,28.7
2014,6,19,29.5
2014,6,21,25.1
2014,6,22,26.2
2014,6,23,26.9
2014,6,24,26.7
2014,6,25,28.7
2014,6,26,29.3
2014,6,27,28.7
2014,6,28,28.4
2014,6,29,28.2
2014,6,30,27.8
2014,7,1,24.5
2014,7,2,26.9
2014,7,3,28.8
2014,7,4,28.5
2014,7,5,30
2014,7,6,28
2014,7,7,27.8
2014,7,8,28.4
2014,7,10,29.4
2014,7,11,28.8
2014,7,15,27
2014,7,16,29.2
2014,7,17,29
2014,7,18,29
2014,7,19,29.9
2014,7,20,29.9
2014,7,21,29.9
2014,7,22,30.7
2014,7,23,28.9
2014,7,24,27.4
2014,7,25,28.7
2014,7,26,29.4
2014,7,27,29.5
2014,7,28,29.8
2014,7,29,29.2
2014,7,30,29
2014,7,31,30.8
2014,8,1,30
2014,8,2,29.2
2014,8,3,29.5
2014,8,4,29.6
2014,8,5,29.4
2014,8,6,29.6
2014,8,7,29.1
2014,8,8,29.8
2014,8,9,28.3
2014,8,12,28.5
2014,8,14,22.8
2014,8,15,24.8
2014,8,16,27.2
2014,8,17,27.1
2014,8,21,27.8
2014,8,22,27
2014,8,24,26.1
2014,8,25,24.8
2014,8,26,27.2
2014,8,27,27.9
2014,8,28,29.6
2014,8,29,30.2
2014,8,30,29.6
2014,8,31,28.1
2014,9,1,28.8
2014,9,2,29.6
2014,9,3,29.3
2014,9,4,28.9
2014,9,5,28.6
2014,9,6,29.2
2014,9,7,28.8
2014,9,8,29.5
2014,9,9,24.3
2014,9,10,25.6
2014,9,11,27.2
2014,9,13,28.2
2014,9,14,28.2
2014,9,16,28.4
2014,9,17,29.4
2014,9,18,30.2
2014,9,20,26.5
2014,9,21,25.5
2014,9,22,27.4
2014,9,25,26.6
2014,9,26,27.2
2014,9,27,26.2
2014,9,28,27
2014,9,29,26.7
2014,9,30,26.8
2014,10,1,28.2
2014,10,2,27.5
2014,10,3,27
2014,10,4,27.8
2014,10,5,28.8
2014,10,6,29.5
2014,10,7,29.6
2014,10,8,29
2014,10,9,28.6
2014,10,12,27.7
2014,10,14,24.4
2014,10,19,25.6
2014,10,20,25.6
2014,10,21,26
2014,10,22,27
2014,10,27,24.8
2014,10,28,24
2014,10,31,25.2
2014,11,1,25.2
2014,11,2,26
2014,11,3,26.6
2014,11,4,25.6
2014,11,9,25.4
2014,11,10,25.2
2014,11,27,21
2014,11,28,20.9
2014,11,29,20.2
2014,11,30,21.2
2014,12,1,21.5
2014,12,4,22.8
2014,12,7,22.9
2014,12,8,22.2
2014,12,9,21.6
2014,12,11,21.2
2014,12,13,21.2
2014,12,14,17.5
2014,12,16,19.2
2014,12,21,19.8
2014,12,23,21
2014,12,24,20.8
2014,12,25,20.8
2014,12,28,22
2014,12,29,21.2
2014,12,30,23
2014,12,31,23
2015,1,1,23.1
2015,1,2,20.8
2015,1,3,20.2
2015,1,4,21.5
2015,1,5,16.8
2015,1,6,19.6
2015,1,7,19.6
2015,1,8,19.4
2015,1,9,21.2
2015,1,11,21
2015,1,12,20
2015,1,13,21
2015,1,14,21.2
2015,1,15,22.2
2015,1,16,22.6
2015,1,18,21.5
2015,1,19,22.8
2015,1,20,21
2015,1,21,21.4
2015,1,22,21.2
2015,1,23,20.5
2015,1,25,20
2015,1,26,19.6
2015,1,27,20.8
2015,1,28,21.8
2015,1,29,17.6
2015,1,30,19
2015,1,31,17.5
2015,2,1,18.5
2015,2,2,22.4
2015,2,3,23
2015,2,4,23.6
2015,2,5,20.4
2015,2,6,21.4
2015,2,7,21
2015,2,8,20.8
2015,2,9,21.9
2015,2,10,21.2
2015,2,11,21.2
2015,2,12,21.2
2015,2,13,20.8
2015,2,14,19.8
2015,2,16,22.4
2015,2,17,22.5
2015,2,18,23
2015,2,19,21.8
2015,2,20,20.8
2015,2,21,21.4
2015,2,22,23.5
2015,2,24,24.9
2015,2,25,23.7
2015,2,27,24.3
2015,2,28,26.8
2015,3,1,24
2015,3,2,12.7
2015,3,3,22.5
2015,3,4,23.2
2015,3,5,21.4
2015,3,6,21.8
2015,3,7,22.4
2015,3,8,23.2
2015,3,9,23.7
2015,3,11,25.9
2015,3,12,25.2
2015,3,13,26.7
2015,3,14,26.2
2015,3,15,26
2015,3,16,23.4
2015,3,18,25
2015,3,20,25.8
2015,3,23,27.2
2015,3,24,28.4
2015,3,25,28.8
2015,3,27,23.2
2015,3,28,26.7
2015,3,29,27.2
2015,3,30,23
2015,4,1,25.2
2015,4,2,24.7
2015,4,3,23.8
2015,4,4,27.4
2015,4,5,26
2015,4,6,25.6
2015,4,7,26.8
2015,4,8,25
2015,4,9,27.3
2015,4,10,27.8
2015,4,11,28
2015,4,12,28.2
2015,4,13,23.5
2015,4,15,28.5
2015,4,16,29.8
2015,4,17,28.2
2015,4,18,22
2015,4,19,25.8
2015,4,21,25.4
2015,4,23,26.8
2015,4,24,26.2
2015,4,28,25.3
2015,4,29,25.3
2015,4,30,25.8
2015,5,1,25
2015,5,2,28.4
2015,5,4,28.9
2015,5,7,30.6
2015,5,8,29
2015,5,10,29.5
2015,5,11,28.8
2015,5,13,28.3
2015,5,14,27
2015,5,16,27.5
2015,5,17,28.5
2015,5,18,27.2
2015,5,19,27
2015,5,21,28
2015,5,22,29.4
2015,5,23,29.8
2015,5,26,37.3
2015,5,29,28
2015,5,30,28
2015,5,31,28.7
2015,6,1,28.8
2015,6,3,29.7
2015,6,4,29.5
2015,6,5,29.6
2015,6,6,29.2
2015,6,7,29.4
2015,6,8,29.5
2015,6,9,30
2015,6,10,28.6
2015,6,12,26.2
2015,6,13,27.2
2015,6,14,27
2015,6,15,27.7
2015,6,16,28.6
2015,6,17,29.1
2015,6,18,28.2
2015,6,19,28
2015,6,21,31
2015,6,22,30.3
2015,6,23,28.4
2015,6,24,27.2
2015,6,25,28
2015,6,26,26.8
2015,6,27,27.2
2015,6,28,24.4
2015,6,29,28.4
2015,6,30,28.3
2015,7,1,28.8
2015,7,2,28.3
2015,7,3,27.5
2015,7,5,27.4
2015,7,6,27.8
2015,7,7,30.4
2015,7,8,29.8
2015,7,10,25
2015,7,11,29.4
2015,7,12,28.8
2015,7,13,28.9
2015,7,16,28
2015,7,17,30
2015,7,19,28.5
2015,7,21,29
2015,7,22,28.2
2015,7,23,28.4
2015,7,24,29
2015,7,26,30
2015,7,27,29.5
2015,7,30,29.5
2015,7,31,26
2015,8,1,26.7
2015,8,2,28.3
2015,8,3,26.5
2015,8,4,27.4
2015,8,5,27
2015,8,6,25
2015,8,7,26.8
2015,8,8,28.4
2015,8,10,28.8
2015,8,11,28.8
2015,8,12,28.2
2015,8,13,28.2
2015,8,14,28
2015,8,16,29
2015,8,18,27
2015,8,19,26.8
2015,8,21,26
2015,8,22,27
2015,8,25,28.8
2015,8,26,27
2015,8,29,28.8
2015,9,1,27.4
2015,9,3,27.2
2015,9,4,24.2
2015,9,5,27.3
2015,9,8,28
2015,9,10,28.7
2015,9,11,29.2
2015,9,12,28.4
2015,9,15,28.4
2015,9,16,27.9
2015,9,17,28.8
2015,9,20,27.4
2015,9,21,26.2
2015,9,22,27.2
2015,9,23,26.5
2015,9,24,21.8
2015,9,25,24.6
2015,9,26,22.8
2015,9,28,27.9
2015,9,29,28
2015,9,30,28.3
2015,10,1,28.3
2015,10,3,27.3
2015,10,4,27.4
2015,10,5,28.7
2015,10,6,28.9
2015,10,7,28.3
2015,10,8,27.8
2015,10,10,26.7
2015,10,15,31.6
2015,10,17,25
2015,10,19,26.3
2015,10,20,26.1
2015,10,22,25
2015,10,23,25
2015,10,24,24.7
2015,10,25,25
2015,10,26,24.8
2015,10,27,24.8
2015,10,28,25.3
2015,10,29,24
2015,10,30,22.8
2015,11,2,24.2
2015,11,3,23.5
2015,11,4,23.7
2015,11,6,23
2015,11,7,22.7
2015,11,8,24
2015,11,9,23.5
2015,11,11,24
2015,11,14,23.6
2015,11,15,21.8
2015,11,16,22.2
2015,11,18,22.4
2015,11,19,24.2
2015,11,21,23.2
2015,11,23,23.2
2015,11,25,22.5
2015,11,30,22
2015,12,2,21.2
2015,12,3,20.5
2015,12,6,21.5
2015,12,10,19.8
2015,12,11,20
2015,12,12,20.3
2015,12,13,18
2015,12,14,17.9
2015,12,16,15.5
2015,12,18,16.4
2015,12,20,17.2
2015,12,21,16.2
2015,12,22,17.8
2015,12,23,16.4
2015,12,25,17.4
2015,12,26,19
2015,12,29,20.2
2015,12,30,20
2016,1,2,21
2016,1,3,19.5
2016,1,6,18.8
2016,1,7,19.4
2016,1,8,18.3
2016,1,10,18.3
2016,1,12,18.5
2016,1,14,18.6
2016,1,16,17
2016,1,17,18
2016,1,18,17.8
2016,1,20,17
2016,1,22,18
2016,1,25,17.8
2016,1,26,17.4
2016,1,27,14.2
2016,1,28,15.8
2016,1,31,18.4
2016,2,1,17.5
2016,2,3,18.9
2016,2,4,19
2016,2,5,19.5
2016,2,6,21.9
2016,2,8,16.5
2016,2,9,20.5
2016,2,10,20.3
2016,2,12,20.3
2016,2,13,20.7
2016,2,14,20.6
2016,2,15,21.7
2016,2,16,22.4
2016,2,17,23.5
2016,2,19,23.4
2016,2,20,23.3
2016,2,21,25.5
2016,2,22,23.4
2016,2,24,22.4
2016,2,25,23.2
2016,2,26,22.4
2016,2,27,24.6
2016,2,28,24.8
2016,3,1,25.3
2016,3,2,24
2016,3,3,24
2016,3,4,23.4
2016,3,5,24.8
2016,3,6,24.7
2016,3,7,25.6
2016,3,8,26.6
2016,3,9,25.8
2016,3,10,26.4
2016,3,11,25.7
2016,3,12,25.6
2016,3,13,23.5
2016,3,14,24.9
2016,3,16,24.5
2016,3,17,24.5
2016,3,18,23.8
2016,3,20,25.8
2016,3,21,26.4
2016,3,22,25
2016,3,24,25.8
2016,3,25,28.4
2016,3,26,27.8
2016,3,27,28
2016,3,28,24.9
2016,3,29,24.7
2016,3,30,25.5
2016,4,1,23
2016,4,6,27.7
2016,4,7,28.8
2016,4,8,29.8
2016,4,9,30
2016,4,13,28.7
2016,4,14,28.9
2016,4,15,29.8
2016,4,16,29
2016,4,19,27.4
2016,4,20,27.5
2016,4,21,27
2016,4,22,27.8
2016,4,23,27.8
2016,4,24,29.5
2016,4,27,28.6
2016,4,28,30.2
2016,4,29,30.4
2016,4,30,29.7
2016,5,1,30.1
2016,5,2,27.4
2016,5,3,28.6
2016,5,6,37.2
2016,5,7,24.5
2016,5,8,27
2016,5,10,29
2016,5,11,29
2016,5,14,26.5
2016,5,15,28.3
2016,5,16,28
2016,5,17,29.8
2016,5,18,27
2016,5,20,25
2016,5,21,27
2016,5,23,28.2
2016,5,24,28.1
2016,5,25,25.8
2016,5,26,25.9
2016,5,27,27
2016,5,28,26.8
2016,5,30,26.3
2016,5,31,26.1
2016,6,1,26.8
2016,6,2,27.5
2016,6,3,28.5
2016,6,4,29.5
2016,6,5,28.5
2016,6,6,27.4
2016,6,8,27.3
2016,6,9,27.4
2016,6,10,28.2
2016,6,11,28.8
2016,6,12,27.7
2016,6,13,26.3
2016,6,14,26.9
2016,6,15,26.8
2016,6,18,29
2016,6,19,27.6
2016,6,20,27.8
2016,6,21,26
2016,6,22,27
2016,6,23,27
2016,6,24,25.6
2016,6,25,28.2
2016,6,26,28.7
2016,6,27,29
2016,6,28,29.5
2016,6,29,29.3
2016,6,30,26.6
2016,7,1,24.6
2016,7,2,29
2016,7,3,27.9
2016,7,5,25.5
2016,7,6,27.2
2016,7,7,27.8
2016,7,15,28
2016,7,16,29.6
2016,7,18,27.2
2016,7,21,27.1
2016,7,22,26.2
2016,7,23,25
2016,7,24,24.7
2016,7,25,25.4
2016,7,27,24.4
2016,7,28,25.2
2016,7,31,28.6
2016,8,1,30.4
2016,8,5,30.2
2016,8,6,29.5
2016,8,9,29.9
2016,8,11,28.3
2016,8,12,28.9
2016,8,13,29.9
2016,8,15,29.8
2016,8,16,29.4
2016,8,17,29.6
2016,8,18,30.6
2016,8,19,28.6
2016,8,20,29.5
2016,8,21,31.4
2016,8,22,28.4
2016,8,23,27.6
2016,8,24,29.7
2016,8,25,30.4
2016,8,27,29.8
2016,8,28,29.3
2016,8,29,28.1
2016,8,30,28.3
2016,9,1,28.3
2016,9,4,28
2016,9,5,31.3
2016,9,6,29.5
2016,9,8,29
2016,9,9,28.2
2016,9,10,27.5
2016,9,12,25.5
2016,9,13,26.4
2016,9,14,29
2016,9,16,28.2
2016,9,17,25.6
2016,9,18,28.4
2016,9,19,27.6
2016,9,20,27
2016,9,21,25
2016,9,22,27.6
2016,9,23,26.6
2016,9,24,26.6
2016,9,25,20
2016,9,27,26.5
2016,9,30,28.4
2016,10,1,28.4
2016,10,2,28.6
2016,10,3,30.4
2016,10,5,29
2016,10,6,29.3
2016,10,8,26.7
2016,10,9,24
2016,10,10,28.4
2016,10,11,27.5
2016,10,12,24.4
2016,10,13,23
2016,10,14,24.3
2016,10,15,26.5
2016,10,16,28.4
2016,10,17,27
2016,10,18,29
2016,10,19,28.2
2016,10,20,27.4
2016,10,21,26
2016,10,25,27.6
2016,10,31,26.8
2016,11,1,26.6
2016,11,2,26.8
2016,11,3,27
2016,11,4,27.4
2016,11,5,24.8
2016,11,6,24.5
2016,11,7,25.1
2016,11,8,24
2016,11,9,25
2016,11,10,24.3
2016,11,12,24.8
2016,11,13,26.2
2016,11,14,23.8
2016,11,15,23.7
2016,11,16,24.3
2016,11,17,23.5
2016,11,24,21.5
2016,11,25,21
2016,11,26,22.5
2016,11,27,21.6
2016,11,28,22.6
2016,11,29,23
2016,11,30,22.2
2016,12,1,22.8
2016,12,3,21.7
2016,12,6,23
2016,12,7,23.6
2016,12,8,23.5
2016,12,9,21.8
2016,12,10,23.1
2016,12,11,22
2016,12,12,20.6
2016,12,13,21.3
2016,12,14,20
2016,12,15,21.2
2016,12,16,21.2
2016,12,17,20.8
2016,12,20,20.7
2016,12,21,21.3
2016,12,22,21.8
2016,12,23,23
2016,12,24,22.5
2016,12,25,21.4
2016,12,26,19.7
2016,12,28,19.2
2016,12,29,21.7
2016,12,30,22.8
2017,1,1,21.3
2017,1,2,19.8
2017,1,4,21.5
2017,1,5,21
2017,1,6,19.2
2017,1,7,19.8
2017,1,11,16.8
2017,1,12,18.3
2017,1,13,18
2017,1,14,17.4
2017,1,15,18.8
2017,1,16,18.3
2017,1,17,18.3
2017,1,21,20.3
2017,1,22,22.3
2017,1,23,21.6
2017,1,24,22.8
2017,1,25,24
2017,1,26,24.3
2017,1,27,21.5
2017,1,28,21
2017,1,29,20.4
2017,1,31,21.7
2017,2,2,19.9
2017,2,3,21.7
2017,2,4,25.3
2017,2,5,23.5
2017,2,6,22.3
2017,2,7,22
2017,2,8,21
2017,2,9,21.5
2017,2,10,22
2017,2,11,21.4
2017,2,12,20.8
2017,2,13,21.7
2017,2,15,22.8
2017,2,16,23
2017,2,17,26
2017,2,19,22.7
2017,2,20,23.3
2017,2,21,24
2017,2,22,23.5
2017,2,23,22.4
2017,2,24,21.7
2017,2,25,19.7
2017,2,26,21
2017,2,27,20.6
2017,2,28,22
2017,3,2,23.5
2017,3,3,26.5
2017,3,4,25.2
2017,3,5,25.5
2017,3,6,23.6
2017,3,7,23.5
2017,3,8,23.8
2017,3,9,23.2
2017,3,11,17.5
2017,3,12,20
2017,3,13,20.5
2017,3,16,23
2017,3,17,22.5
2017,3,18,23
2017,3,19,20.5
2017,3,20,19.7
2017,3,21,20.5
2017,3,22,22.3
2017,3,23,25
2017,3,24,25.3
2017,3,25,26.2
2017,3,26,23.5
2017,3,27,25
2017,3,28,27.2
2017,3,29,21.4
2017,3,30,22.5
2017,3,31,26.7
2017,4,1,24.8
2017,4,2,25.8
2017,4,3,27.5
2017,4,4,23.4
2017,4,5,24
2017,4,6,26.3
2017,4,7,26
2017,4,8,28.8
2017,4,9,28
2017,4,10,26.6
2017,4,11,26
2017,4,12,25.8
2017,4,13,27.5
2017,4,14,28.4
2017,4,15,24.8
2017,4,16,25
2017,4,19,28
2017,4,20,23
2017,4,21,27.7
2017,4,22,28.2
2017,4,23,24.5
2017,4,24,27.7
2017,4,25,27.4
2017,4,26,29.5
2017,4,27,30
2017,4,28,29.8
2017,4,29,26.9
2017,5,2,26.2
2017,5,3,27.5
2017,5,4,27
2017,5,5,28
2017,5,6,27.6
2017,5,8,29.4
2017,5,9,23.8
2017,5,10,27.4
2017,5,11,27.5
2017,5,15,26.4
2017,5,16,28
2017,5,17,27.4
2017,5,18,28.2
2017,5,19,27.8
2017,5,20,29.3
2017,5,21,28.2
2017,5,22,30
2017,5,23,29.4
2017,5,24,30.5
2017,5,26,26.8
2017,5,27,27.6
2017,5,28,29.6
2017,5,29,30.7
2017,5,30,25.5
2017,5,31,28
2017,6,2,28
2017,6,3,28
2017,6,4,31
2017,6,5,30.6
2017,6,7,29.6
2017,6,8,24.8
2017,6,13,28.4
2017,6,14,31.2
2017,6,15,28.6
2017,6,19,27.6
2017,6,20,25.3
2017,6,21,26.8
2017,6,22,28
2017,6,23,27.8
2017,6,25,28.8
2017,6,26,28.6
2017,6,27,28.5
2017,6,29,27
2017,7,1,27.6
2017,7,2,28.5
2017,7,3,27.8
2017,7,4,27.4
2017,7,5,28.3
2017,7,6,26.9
2017,7,7,28.8
2017,7,8,28
2017,7,9,27
2017,7,10,28.1
2017,7,11,23.6
2017,7,12,27.5
2017,7,13,29.1
2017,7,14,28.4
2017,7,15,28.7
2017,7,16,28.8
2017,7,17,30.2
2017,7,20,31.4
2017,7,21,27.8
2017,7,22,29.4
2017,7,23,26.7
2017,7,24,27.6
2017,7,26,27.7
2017,7,27,29.3
2017,7,29,27.2
2017,7,30,28.5
2017,7,31,28.4
2017,8,1,27.2
2017,8,5,29.4
2017,8,6,28.6
2017,8,7,27.4
2017,8,16,27.7
2017,8,18,28.7
2017,8,19,28.7
2017,8,20,27.8
2017,8,22,26.4
2017,8,23,29.7
2017,8,24,29.4
2017,8,25,29
2017,8,26,29.5
2017,8,27,24.5
2017,8,28,29.8
2017,8,29,28.4
2017,8,30,28.3
2017,9,1,28.5
2017,9,2,26.6
2017,9,3,26.2
2017,9,4,27.5
2017,9,5,27.8
2017,9,6,28.4
2017,9,7,28.5
2017,9,9,28.4
2017,9,10,27.7
2017,9,11,27.2
2017,9,12,27.7
2017,9,13,28.3
2017,9,14,28
2017,9,15,28.5
2017,9,16,29.6
2017,9,17,31
2017,9,18,28.1
2017,9,20,25.5
2017,9,21,28
2017,9,22,33.6
2017,9,23,28.7
2017,9,25,28
2017,9,26,28.6
2017,9,27,29
2017,9,28,28.3
2017,9,29,28
2017,9,30,27.4
2017,10,1,27.1
2017,10,2,26.4
2017,10,3,27.9
2017,10,6,30.2
2017,10,8,28
2017,10,9,29.5
2017,10,11,24.5
2017,10,12,28.6
2017,10,14,26.8
2017,10,16,26.5
2017,10,18,29.6
2017,10,20,25.6
2017,10,23,24.8
2017,10,24,25.2
2017,10,25,24.7
2017,10,26,23.5
2017,10,28,24.4
2017,10,29,26.5
2017,11,7,25.2
2017,11,8,25.9
2017,11,9,25.2
2017,11,10,25
2017,11,11,24.3
2017,11,13,24
2017,11,14,24.1
2017,11,15,24
2017,11,16,24.3
2017,11,17,24.3
2017,11,19,23.9
2017,11,20,23.9
2017,11,21,22.5
2017,11,24,21.9
2017,11,25,22.6
2017,11,26,22.7
2017,11,27,21.8
2017,11,28,20.8
2017,11,30,21
2017,12,1,22.4
2017,12,4,22
2017,12,5,22.8
2017,12,6,21.8
2017,12,7,22.4
2017,12,8,23.3
2017,12,9,24.5
2017,12,10,24.5
2017,12,11,24
2017,12,12,23.3
2017,12,13,22.7
2017,12,14,21.5
2017,12,15,21.3
2017,12,16,21.5
2017,12,17,20.8
2017,12,18,21.2
2017,12,19,21.2
2017,12,20,22.5
2017,12,21,21.7
2017,12,22,21.3
2017,12,23,20.7
2017,12,24,21.3
2017,12,25,22.6
2017,12,26,23.2
2017,12,29,22.2
2017,12,30,21.6
2017,12,31,21.5
2018,1,1,21.4
2018,1,2,21.4
2018,1,3,20.1
2018,1,4,20
2018,1,5,19.1
2018,1,6,19.1
2018,1,7,17.5
2018,1,8,17
2018,1,9,18.5
2018,1,10,18.8
2018,1,11,18.5
2018,1,12,19.5
2018,1,13,20.4
2018,1,14,19.8
2018,1,15,20.5
2018,1,16,20.5
2018,1,17,21
2018,1,19,20.6
2018,1,20,20.4
2018,1,22,21.5
2018,1,23,21.7
2018,1,24,19
2018,1,25,19.3
2018,1,26,18.5
2018,1,29,18
2018,1,30,17.6
2018,1,31,19.4
2018,2,1,20
2018,2,2,20
2018,2,3,19.5
2018,2,4,19.7
2018,2,5,20.2
2018,2,6,18.8
2018,2,7,21.5
2018,2,8,20.4
2018,2,10,19.6
2018,2,11,19.6
2018,2,13,21.5
2018,2,14,22.5
2018,2,15,21
2018,2,17,21.9
2018,2,18,21.4
2018,2,19,20.7
2018,2,20,21.1
2018,2,21,22
2018,2,22,22
2018,2,23,22.6
2018,2,24,22.7
2018,2,25,24.4
2018,2,26,23.1
2018,2,28,23.6
2018,3,2,23.2
2018,3,3,25
2018,3,6,24.9
2018,3,7,24.9
2018,3,8,24.8
2018,3,9,25.2
2018,3,11,25
2018,3,12,23.3
2018,3,13,22
2018,3,14,24.3
2018,3,15,23.5
2018,3,16,26.6
2018,3,17,25.6
2018,3,18,24.2
2018,3,19,25.6
2018,3,20,25
2018,3,21,25.6
2018,3,22,27.1
2018,3,23,27.4
2018,3,24,27.2
2018,3,25,25.7
2018,3,26,26.6
2018,3,28,25.9
2018,3,30,24
2018,3,31,24
2018,4,1,27
2018,4,2,29.4
2018,4,7,27
2018,4,8,27.6
2018,4,9,25
2018,4,10,26
2018,4,13,25.5
2018,4,15,27.4
2018,4,16,25.6
2018,4,18,25.4
2018,4,19,24.9
2018,4,20,24.9
2018,4,21,26.1
2018,4,22,26.4
2018,4,23,26.4
2018,4,24,26.4
2018,4,25,26.5
2018,4,26,26
2018,4,27,27.1
2018,4,28,25.2
2018,4,29,26.5
2018,4,30,22.8
2018,5,1,26
2018,5,2,26
2018,5,3,25.3
2018,5,4,24.7
2018,5,5,24
2018,5,6,24.6
2018,5,7,25.5
2018,5,8,27
2018,5,10,26.6
2018,5,11,26.2
2018,5,13,25.7
2018,5,14,21.9
2018,5,15,25.6
2018,5,16,25.8
2018,5,17,26.2
2018,5,18,26
2018,5,19,26.6
2018,5,20,27.2
2018,5,21,27.7
2018,5,22,26.7
2018,5,24,27.4
2018,5,26,28.6
2018,5,27,29.1
2018,5,28,28
2018,5,31,28.4
2018,6,1,27.5
2018,6,3,27
2018,6,5,30.1
2018,6,7,28.5
2018,6,8,23.4
2018,6,9,29.6
2018,6,10,30.8
2018,6,11,29.8
2018,6,12,28.3
2018,6,13,28.3
2018,6,14,27.6
2018,6,15,27.9
2018,6,17,26.2
2018,6,18,26.6
2018,6,20,28.4
2018,6,21,28.8
2018,6,22,29.5
2018,6,23,28.6
2018,6,24,28.8
2018,6,25,26.8
2018,6,26,29.2
2018,6,27,28.5
2018,6,28,28.2
2018,6,29,27.5
2018,6,30,28.2
2018,7,1,25.7
2018,7,2,23.8
2018,8,3,27.1
2018,8,5,30
2018,8,6,31.5
2018,8,9,29
2018,8,10,27.6
2018,8,14,29.4
2018,9,13,26.5
2018,11,7,23.4
2018,11,8,24.2
2018,11,11,23.8
2018,11,14,26.5
2018,11,15,22.4
2018,11,16,22
2018,11,19,21.4
2018,11,21,22.2
2018,11,22,22.7
2018,11,23,23.4
2018,11,24,23.2
2018,11,25,24.4
2018,11,26,23.5
2018,11,27,23.6
2018,11,28,22.7
2018,11,29,22.8
2018,11,30,22.1
2018,12,2,22.6
2018,12,3,21.5
2018,12,4,22
2018,12,5,21.4
2018,12,7,21.2
2018,12,8,20.6
2018,12,10,21.9
2018,12,11,22.2
2018,12,13,22.4
2018,12,14,22.6
2018,12,15,22.5
2018,12,16,23.3
2018,12,17,19.1
2018,12,19,19.5
2018,12,20,19.2
2018,12,22,21.1
2018,12,23,22
2018,12,27,18
2018,12,28,17.8
2018,12,30,19.4
2018,12,31,19
2019,1,1,19.2
2019,1,2,20.3
2019,1,3,18.7
2019,1,4,17.6
2019,1,5,19.5
2019,1,6,21
2019,1,7,19.4
2019,1,10,18.8
2019,1,14,20
2019,1,15,18.9
2019,1,16,21.5
2019,1,17,20.6
2019,1,18,20.5
2019,1,19,19.7
2019,1,20,21.5
2019,1,22,22
2019,1,25,18.5
2019,1,26,20.4
2019,1,28,22
2019,1,29,20.5
2019,1,30,19.9
2019,1,31,19.5
2019,2,1,22.4
2019,2,3,21
2019,2,4,21.2
2019,2,5,21.7
2019,2,6,22
2019,2,7,21
2019,2,8,17.5
2019,2,10,18.6
2019,2,11,20
2019,2,12,21.7
2019,2,13,23
2019,2,15,22.2
2019,2,17,18.8
2019,2,20,20.5
2019,2,21,21
2019,2,22,21.7
2019,2,23,22.7
2019,2,24,23
2019,2,25,20.7
2019,2,26,22
2019,2,27,16.8
2019,2,28,16.5
2019,3,2,19.7
2019,3,3,22
2019,3,4,22.1
2019,3,5,21.5
2019,3,6,21.4
2019,3,7,21.6
2019,3,9,22
2019,3,10,23.6
2019,3,11,23.4
2019,3,12,25.7
2019,3,14,26.1
2019,3,15,26.5
2019,3,16,26.9
2019,3,18,25.3
2019,3,19,24.4
2019,3,20,24.8
2019,3,21,25.3
2019,3,22,27.1
2019,3,23,24.8
2019,3,24,25.4
2019,3,25,24.8
2019,3,26,21.2
2019,3,27,24.3
2019,3,28,26
2019,3,29,26
2019,3,30,26.6
2019,3,31,24.6
2019,4,1,24.8
2019,4,2,26
2019,4,3,24.1
2019,4,4,24.4
2019,4,7,23.2
2019,4,9,23.1
2019,4,10,26.6
2019,4,11,26.6
2019,4,12,27.4
2019,4,14,27
2019,4,16,26.4
2019,4,18,26.8
2019,4,19,27.7
2019,4,21,27.6
2019,4,22,26
2019,4,23,27.2
2019,4,24,28.7
2019,4,25,28.7
2019,4,26,29.9
2019,4,27,28.6
2019,4,28,29.6
2019,4,29,28.4
2019,4,30,29.5
2019,5,1,31.5
2019,5,2,29.6
2019,5,3,25.5
2019,5,4,21
2019,5,6,28.8
2019,5,7,29.7
2019,5,8,28.2
2019,5,9,28.5
2019,5,10,29.5
2019,5,11,30
2019,5,12,30.4
2019,5,14,27.5
2019,5,15,28.5
2019,5,16,27
2019,5,17,27.5
2019,5,19,29
2019,5,20,29.4
2019,5,21,28
2019,5,22,28.5
2019,5,23,27
2019,5,25,27
2019,5,27,29.2
2019,5,29,28.7
2019,5,30,28
2019,6,1,28.5
2019,6,2,29.5
2019,6,3,29.2
2019,6,4,28.6
2019,6,5,28.9
2019,6,6,27.4
2019,6,7,29.7
2019,6,8,28.2
2019,6,9,28.7
2019,6,10,30.6
2019,6,11,29.1
2019,6,12,30.4
2019,6,13,32.2
2019,6,14,31.2
2019,6,16,30.2
2019,6,18,29.5
2019,6,19,30.3
2019,6,20,29.8
2019,6,21,33.7
2019,6,22,31.6
2019,6,23,29.5
2019,6,24,31.9
2019,6,25,28.4
2019,6,26,27.1
2019,6,27,25.4
2019,6,28,30.8
2019,6,30,31.2
2019,7,1,32.6
2019,7,2,32.6
2019,7,3,28.7
2019,7,4,32.5
2019,7,6,31.4
2019,7,7,30.5
2019,7,8,28.2
2019,7,9,27.2
2019,7,10,25
2019,7,11,22.5
2019,7,12,24.5
2019,7,13,21.4
2019,7,14,23.3
2019,7,15,26.5
2019,7,16,28.4
2019,7,17,29.2
2019,7,19,29.8
2019,7,21,26.4
2019,7,22,28.6
2019,7,23,25.6
2019,7,24,25.3
2019,7,25,26
2019,7,27,29.5
2019,7,28,31
2019,7,29,30
2019,7,30,29
2019,7,31,28.8
2019,8,1,29.5
2019,8,3,29.8
2019,8,4,30
2019,8,5,30.8
2019,8,6,33.5
2019,8,7,30.4
2019,8,8,30
2019,8,9,29.2
2019,8,10,29.6
2019,8,12,33
2019,8,13,31.4
2019,8,14,31.5
2019,8,16,28.8
2019,8,17,28.6
2019,8,18,29.8
2019,8,19,29.3
2019,8,20,30.3
2019,8,21,30.4
2019,8,22,30.7
2019,8,25,31.6
2019,8,26,31.5
2019,8,27,30.4
2019,8,28,31.7
2019,8,29,30.4
2019,8,30,30.2
2019,8,31,30.2
2019,9,1,31.3
2019,9,2,32
2019,9,5,28.9
2019,9,6,30
2019,9,7,30.7
2019,9,8,27.8
2019,9,9,29.5
2019,9,10,30
2019,9,11,30.6
2019,9,12,31.3
2019,9,13,26.1
2019,9,14,29.5
2019,9,15,29.2
2019,9,16,27.2
2019,9,17,25.4
2019,9,18,23.2
2019,9,19,29
2019,9,21,28.5
2019,9,23,28.3
2019,9,24,27.4
2019,9,25,24
2019,9,26,26.7
2019,9,27,27.2
2019,9,28,21.2
2019,9,29,19.5
2019,9,30,24.7
2019,10,1,26.7
2019,10,2,25.4
2019,10,3,27.6
2019,10,5,27.5
2019,10,6,26.8
2019,10,8,27
2019,10,9,27.6
2019,10,10,26.6
2019,10,11,26.8
2019,10,12,26.4
2019,10,13,26.4
2019,10,14,26.8
2019,10,15,27.5
2019,10,16,27.4
2019,10,17,26.9
2019,10,18,27.6
2019,10,20,22.8
2019,10,21,25.8
2019,10,22,26
2019,10,23,33.5
2019,10,25,20.9
2019,10,26,25.5
2019,10,27,23.5
2019,10,29,25.5
2019,10,31,25.7
2019,11,5,25.4
2019,11,6,24.6
2019,11,7,26
2019,11,8,27.7
2019,11,9,25
2019,11,11,23.7
2019,11,12,24.5
2019,11,13,25.8
2019,11,14,25.7
2019,11,15,26
2019,11,16,25.5
2019,12,11,20
2019,12,12,18
2019,12,13,19.2
2019,12,14,18
2019,12,15,20
2019,12,17,19.4
2019,12,18,18
2019,12,19,19.9
2019,12,21,19.7
2019,12,22,18.5
2019,12,23,19
2019,12,29,19.6
2019,12,30,20
2020,1,2,21.3
2020,1,6,16.5
2020,1,8,18.6
2020,1,9,19
2020,1,10,19.4
2020,1,12,20.5
2020,1,13,20.6
2020,1,14,19.7
2020,1,16,20
2020,1,17,13.2
2020,1,19,20.1
2020,1,20,18.4
2020,1,21,18.6
2020,1,22,16.8
2020,1,23,15.7
2020,1,24,16
2020,1,25,17.5
2020,1,26,17.4
2020,1,27,18.5
2020,1,28,18
2020,1,29,19
2020,1,30,18.3
2020,1,31,18.6
2020,2,1,17
2020,2,2,18.1
2020,2,3,18
2020,2,6,18.8
2020,2,8,18.8
2020,2,11,20.5
2020,2,12,22.1
2020,2,13,22
2020,2,14,21.1
2020,2,15,20.6
2020,2,16,21.5
2020,2,17,21.3
2020,2,20,19.8
2020,2,21,21.1
2020,2,23,24
2020,2,24,24.1
2020,2,25,23
2020,2,26,15
2020,2,28,21.5
2020,2,29,23
2020,3,1,23.4
2020,3,2,23.5
2020,3,3,22.8
2020,3,4,22.5
2020,3,5,23
2020,3,6,22.3
2020,3,7,24
2020,3,8,20.5
2020,3,10,22.8
2020,3,11,23.6
2020,3,12,24.9
2020,3,15,24.6
2020,3,16,24.2
2020,3,18,23.6
2020,3,25,25.4
2020,3,26,25.1
2020,3,27,25.1
2020,3,28,27
2020,3,29,27
2020,3,30,26
2020,3,31,26
2020,4,1,26.1
2020,4,2,26
2020,4,3,26
2020,4,4,26.8
2020,4,5,25.6
2020,4,6,27.1
2020,4,7,26.7
2020,4,8,28
2020,4,9,26.8
2020,4,10,27
2020,4,11,26.7
2020,4,12,24.5
2020,4,14,27.5
2020,4,15,25.4
2020,4,17,26
2020,4,18,25
2020,4,19,26.5
2020,4,20,27.3
2020,4,21,19.7
2020,4,22,23.5
2020,4,23,24.5
2020,4,24,24.3
2020,4,25,24.3
2020,4,27,26.4
2020,4,28,26
2020,4,29,25.5
2020,4,30,25.6
2020,5,1,26.4
2020,5,2,25.6
2020,5,3,28
2020,5,4,26.7
2020,5,5,25.5
2020,5,7,25.9
2020,5,8,25.7
2020,5,9,27
2020,5,10,29
2020,5,11,24
2020,5,12,28.2
2020,5,13,27.7
2020,5,15,26
2020,5,16,25.6
2020,5,17,28.2
2020,5,19,28
2020,5,20,25.5
2020,5,21,25.3
2020,5,24,27
2020,5,25,29.1
2020,5,26,31
2020,5,27,25.4
2021,1,20,19.6
2021,1,22,20.6
2021,1,23,20.5
2021,1,24,20
2021,1,25,19.6
2021,1,26,20.2
2021,1,27,20.5
2021,2,2,20.6
2021,2,3,22
2021,2,4,23
2021,2,6,20.5
2021,2,7,21.2
2021,2,8,23.1
2021,2,15,23
2021,2,17,23
2021,3,1,25.2
2021,3,2,25.2
2021,3,3,24.2
2021,3,4,23.4
2021,3,5,23.2
2021,3,6,23.8
2021,3,7,21.6
2021,3,8,24.5
2021,3,9,26.3
2021,3,10,25
2021,3,11,25.6
2021,3,12,26
2021,3,13,22.5
2021,3,14,24
2021,3,15,25
2021,3,16,25.6
2021,3,18,26.5
2021,3,19,26.2
2021,3,20,25.7
2021,3,21,28
2021,3,22,28
2021,3,23,27.7
2021,3,24,28.2
2021,3,25,28.4
2021,3,26,27.7
2021,3,27,26.1
2021,3,28,28.5
2021,3,29,26.7
2021,3,30,27.5
2021,3,31,24.9
2021,4,1,25.1
2021,4,2,27.5
2021,4,3,28.5
2021,4,5,28.4
2021,4,6,28
2021,4,7,29.9
2021,4,8,28.5
2021,4,9,29.1
2021,4,10,29.5
2021,4,11,30.5
2021,4,13,29.8
2021,4,14,31
2021,4,16,27.4
2021,4,17,25.6
2021,4,18,26.5
2021,4,19,28
2021,4,20,29.2
2021,4,21,28.5
2021,4,23,27.3
2021,4,24,29.1
2021,4,25,29.5
