YEAR,MONTH,DAY,TMIN
1976,11,8,13
1976,11,10,13
1976,11,11,14
1976,11,13,13
1976,11,14,12
1976,11,15,13
1976,11,16,12
1976,11,17,12
1976,11,19,11
1976,12,13,9
1976,12,20,9
1976,12,25,8
1977,1,6,7
1977,1,7,7
1977,2,2,7
1977,2,9,6
1977,2,10,8
1977,2,15,11
1977,2,17,12
1977,2,25,11
1977,2,26,12
1977,3,7,13
1977,3,10,15
1977,3,17,16
1977,3,19,16
1977,3,20,15
1977,3,22,15
1977,3,24,16
1977,3,25,17
1977,3,28,16
1977,4,5,15
1977,4,8,15
1977,4,10,13
1977,4,16,13
1977,4,27,17
1977,4,28,16
1977,5,7,12
1977,5,8,12
1977,5,10,16
1977,5,11,14
1977,5,12,16
1977,5,31,21
1977,6,6,16
1977,6,10,18
1977,6,17,18
1977,6,20,18
1977,6,25,19
1977,7,1,19
1977,7,4,20
1977,7,7,19
1977,7,12,19
1977,7,16,18
1977,7,18,18
1977,7,31,19
1977,8,2,19
1977,8,31,20
1977,9,2,17
1977,9,4,18
1977,9,8,20
1977,9,10,19
1977,9,14,17
1977,9,15,18
1977,9,19,17
1977,9,21,18
1977,9,22,17
1977,9,23,17
1977,9,24,18
1977,9,30,17
1977,10,3,16
1977,10,9,16
1977,10,11,17
1977,10,14,14
1977,10,16,13
1977,10,17,14
1977,10,18,14
1977,10,19,12
1977,10,20,13
1977,10,22,14
1977,10,24,15
1977,10,25,13
1977,10,29,14
1977,10,30,14
1977,10,31,14
1977,11,1,15
1977,11,2,15
1977,11,3,15
1977,11,5,13
1977,11,6,13
1977,11,7,13
1977,11,9,12
1977,11,10,12
1977,11,11,12
1977,11,13,11
1977,11,15,11
1977,11,17,12
1977,11,19,12
1977,11,20,12
1977,11,22,11
1977,11,25,11
1977,11,28,12
1977,12,3,10
1977,12,4,11
1977,12,6,10
1977,12,7,9
1977,12,10,10
1977,12,13,9
1977,12,16,9
1977,12,17,9
1977,12,20,9
1977,12,21,8
1977,12,24,8
1977,12,28,4
1977,12,30,6
1978,1,2,6
1978,1,4,3
1978,1,5,4
1978,1,10,4
1978,1,18,7
1978,1,20,7
1978,2,2,9
1978,2,4,7
1978,2,5,8
1978,2,6,7
1978,2,7,8
1978,2,9,7
1978,2,11,7
1978,2,12,7
1978,2,15,10
1978,2,18,9
1978,2,22,7
1978,2,23,7
1978,2,24,8
1978,2,26,12
1978,2,27,12
1978,2,28,13
1978,3,1,13
1978,3,2,12
1978,3,8,12
1978,3,16,11
1978,3,17,12
1978,3,19,10
1978,3,21,12
1978,3,22,12
1978,3,23,13
1978,3,25,15
1978,3,31,9
1978,4,1,11
1978,4,22,14
1978,4,23,16
1978,4,25,16
1978,4,28,18
1978,5,1,17
1978,5,3,16
1978,5,6,17
1978,5,7,17
1978,5,11,17
1978,5,14,18
1978,5,30,18
1978,5,31,18
1978,6,1,17
1978,6,3,17
1978,6,6,20
1978,6,7,19
1978,6,8,19
1978,6,14,18
1978,6,17,19
1978,6,29,20
1978,7,4,17
1978,7,9,18
1978,7,14,18
1978,7,25,19
1978,7,27,19
1978,7,29,19
1978,7,31,19
1978,8,1,18
1978,8,2,19
1978,8,6,19
1978,8,11,20
1978,8,12,20
1978,8,17,19
1978,8,23,18
1978,8,25,18
1978,8,27,19
1978,8,28,20
1978,8,30,20
1978,9,4,18
1978,9,7,18
1978,9,12,17
1978,9,15,17
1978,9,16,17
1978,9,18,17
1978,9,20,17
1978,9,21,18
1978,9,23,17
1978,9,24,18
1978,9,30,17
1978,10,14,16
1978,10,16,16
1978,10,17,16
1978,10,18,14
1978,10,21,13
1978,10,30,15
1978,11,10,13
1978,11,12,13
1978,11,16,11
1978,11,19,11
1978,11,22,10
1978,11,24,10
1978,11,26,10
1978,12,1,8
1978,12,2,9
1978,12,4,8
1978,12,5,8
1978,12,6,12
1978,12,7,11
1978,12,16,10
1978,12,17,8
1978,12,23,8
1978,12,28,7
1978,12,31,8
1979,1,6,6
1979,1,13,8
1979,1,28,7
1979,2,8,4
1979,2,15,9
1979,2,20,10
1979,2,27,7
1979,3,3,10
1979,3,10,7
1979,3,15,11
1979,3,18,12
1979,3,19,12
1979,3,23,13
1979,3,28,15
1979,3,30,15
1979,4,7,15
1979,5,2,17
1979,5,8,19
1979,5,12,17
1979,5,14,18
1979,5,15,19
1979,5,27,20
1979,6,13,17
1979,6,16,17
1979,6,20,19
1979,6,21,19
1979,6,22,18
1979,6,26,19
1979,7,4,19
1979,7,31,18
1979,8,5,20
1979,8,6,21
1979,8,11,19
1979,8,12,19
1979,8,13,19
1979,8,18,19
1979,8,25,18
1979,8,27,17
1979,8,29,17
1979,9,1,18
1979,9,3,17
1979,9,10,17
1979,9,15,15
1979,9,16,16
1979,9,19,17
1979,9,21,17
1979,9,22,17
1979,9,24,17
1979,9,25,17
1979,9,29,17
1979,10,3,17
1979,10,11,14
1979,10,24,13
1979,10,28,13
1979,11,8,12
1979,11,21,11
1979,12,19,5
1979,12,22,5
1979,12,27,8
1979,12,30,7
1980,1,2,7
1980,1,3,7
1980,1,11,6
1980,1,16,7
1980,1,19,8
1980,1,20,7
1980,1,24,7
1980,1,25,7
1980,1,27,8
1980,2,6,8
1980,2,11,7
1980,2,12,7
1980,2,14,9
1980,2,17,9
1980,2,18,9
1980,2,19,9
1980,2,23,12
1980,2,27,12
1980,2,29,12
1980,3,12,14
1980,4,2,16
1980,4,5,17
1980,4,10,17
1980,4,23,18
1980,4,26,20
1980,5,16,16
1980,5,22,18
1980,5,23,18
1980,5,24,17
1980,5,25,16
1980,5,26,16
1980,6,2,18
1980,6,14,19
1980,6,15,18
1980,6,18,18
1980,6,20,18
1980,6,30,20
1980,7,2,19
1980,7,11,19
1980,7,13,20
1980,7,23,19
1980,7,25,19
1980,7,27,18
1980,8,1,18
1980,8,23,18
1980,8,26,19
1980,8,28,18
1980,8,29,18
1980,9,1,18
1980,9,6,18
1980,9,7,18
1980,9,10,18
1980,9,13,17
1980,9,22,17
1980,10,12,14
1980,10,30,12
1980,11,1,15
1980,11,4,14
1980,11,7,13
1980,11,9,14
1980,11,11,13
1980,11,14,14
1980,11,15,13
1980,11,17,13
1980,11,18,13
1980,11,19,13
1980,11,21,13
1980,11,22,13
1980,11,25,10
1980,11,26,11
1980,11,29,11
1980,12,1,11
1980,12,2,11
1980,12,5,11
1980,12,13,10
1980,12,15,10
1980,12,18,9
1980,12,19,10
1980,12,31,9
1981,1,1,9
1981,1,2,9
1981,1,6,7
1981,1,13,6
1981,1,14,7
1981,1,19,8
1981,1,20,7
1981,1,21,8
1981,1,22,8
1981,1,23,7
1981,2,3,9
1981,2,12,8
1981,2,16,11
1981,2,20,12
1981,2,21,12
1981,2,26,14
1981,2,27,14
1981,3,21,15
1981,3,23,14
1981,3,24,15
1981,3,25,14
1981,3,28,10
1981,3,29,12
1981,4,5,14
1981,4,9,16
1981,4,10,14
1981,4,11,16
1981,4,12,13
1981,4,13,15
1981,4,16,15
1981,4,19,13
1981,4,20,16
1981,4,23,16
1981,5,4,16
1981,5,23,17
1981,5,27,17
1981,5,30,17
1981,6,3,19
1981,6,9,18
1981,6,10,19
1981,6,16,19
1981,6,26,19
1981,7,7,20
1981,7,12,20
1981,7,13,20
1981,7,17,19
1981,7,23,20
1981,7,25,19
1981,8,6,20
1981,8,13,20
1981,8,19,19
1981,8,26,18
1981,9,13,18
1981,10,16,16
1981,10,17,16
1981,10,19,15
1981,10,20,16
1981,10,21,16
1981,11,1,14
1981,12,1,10
1981,12,14,7
1981,12,23,8
1981,12,29,8
1982,1,9,10.4
1982,1,13,8.6
1982,2,1,7.4
1982,2,15,8.8
1982,2,25,8.9
1982,3,7,7.3
1982,3,8,8
1982,3,9,9
1982,3,10,9.2
1982,3,15,12.2
1982,3,20,12
1982,3,21,13.2
1982,4,1,13
1982,4,6,16.8
1982,4,8,16.4
1982,4,17,13
1982,4,26,12.4
1982,4,30,17.4
1982,5,1,17.8
1982,5,9,19.2
1982,5,12,19
1982,5,17,17.8
1982,5,18,18.4
1982,5,24,19
1982,5,30,17.3
1982,6,17,18.8
1982,7,3,19.5
1982,7,7,18.3
1982,7,8,18.8
1982,7,13,18.5
1982,7,15,18.3
1982,7,16,19.2
1982,7,17,19.9
1982,8,3,18.4
1982,8,4,17.3
1982,8,5,18.2
1982,8,9,19
1982,8,12,20.2
1982,8,13,20
1982,8,30,18
1982,9,6,19.5
1982,9,12,18
1982,9,15,18.2
1982,11,13,10.8
1982,11,14,11.6
1982,11,16,12.2
1982,11,17,12
1982,11,19,12.9
1982,11,20,13
1982,11,23,11.4
1982,11,24,10.2
1982,11,26,8.2
1982,12,20,8.2
1982,12,22,9.2
1983,1,16,0.5
1983,1,18,6.8
1983,2,9,6.8
1983,2,22,9
1983,2,23,8
1983,2,24,9.3
1983,2,25,9
1983,2,27,8.5
1983,3,9,12
1983,3,11,13.8
1983,3,12,15.2
1983,3,15,11.8
1983,3,17,12
1983,4,6,17.6
1983,4,12,12.6
1983,4,16,12.4
1983,4,17,12.6
1983,5,4,16
1983,6,21,20.2
1983,6,25,19
1983,6,26,18.8
1983,6,27,18.2
1983,6,28,18.6
1983,6,30,19.7
1983,7,2,18
1983,7,6,18.8
1983,7,7,19.2
1983,7,8,19.4
1983,7,9,20
1983,7,10,19.6
1983,7,12,19.4
1983,7,13,19.6
1983,7,16,17.8
1983,7,17,18.6
1983,7,18,19.5
1983,7,19,19.6
1983,7,20,20
1983,7,21,20.4
1983,7,22,19.6
1983,7,23,19.6
1983,7,24,17.4
1983,7,28,18.4
1983,7,31,19.7
1983,8,2,20.2
1983,8,3,18.6
1983,8,4,18.4
1983,8,5,18
1983,8,7,20.2
1983,8,8,20.2
1983,8,10,19.2
1983,8,11,19
1983,8,12,19.2
1983,8,15,19.6
1983,8,16,19.5
1983,8,17,15.8
1983,8,18,20.3
1983,8,19,20
1983,8,25,19
1983,8,30,19.2
1983,8,31,19
1983,9,4,18.6
1983,9,6,18.6
1983,9,7,18.8
1983,9,8,18.8
1983,9,10,18.6
1983,9,11,19
1983,9,14,17.5
1983,9,15,17.6
1983,9,16,17.8
1983,9,17,17.8
1983,9,18,15.2
1983,9,19,18.2
1983,9,22,18.2
1983,9,23,18
1983,9,24,18.2
1983,9,28,17.8
1983,10,3,17
1983,10,9,18.6
1983,10,10,17.6
1983,10,14,16.6
1983,10,16,16.2
1983,10,20,15
1983,10,21,16.5
1983,10,22,15.2
1983,10,25,13.4
1983,10,26,13.4
1983,11,19,12
1983,11,20,11.8
1983,11,21,11.4
1983,11,22,11.2
1983,11,28,11
1983,11,29,10.4
1983,11,30,10.7
1983,12,2,9.1
1983,12,4,9.6
1983,12,5,8.8
1983,12,25,7
1983,12,26,6
1984,1,2,6.8
1984,1,3,7.2
1984,1,4,7.6
1984,1,5,6.6
1984,1,6,6.4
1984,1,12,7.4
1984,1,16,7
1984,1,18,4
1984,1,19,3.2
1984,1,21,4.8
1984,1,23,5
1984,1,24,5.6
1984,1,25,5.5
1984,1,26,5.2
1984,1,28,5.4
1984,1,29,5
1984,1,30,5
1984,2,1,7.4
1984,2,2,7.8
1984,2,3,8.4
1984,2,4,9.4
1984,2,5,9
1984,2,6,8.4
1984,2,7,8
1984,2,8,9
1984,2,11,7
1984,2,13,8
1984,2,14,9.4
1984,2,16,9.8
1984,2,17,10.6
1984,2,19,11.6
1984,2,20,8.2
1984,2,21,9.5
1984,2,23,9.4
1984,2,25,8.6
1984,2,26,8.6
1984,2,27,9.4
1984,2,28,10
1984,2,29,10.4
1984,3,1,11
1984,3,2,11
1984,3,3,11.4
1984,3,4,12.1
1984,3,5,11.6
1984,3,8,12
1984,3,9,12.8
1984,3,10,13.1
1984,3,14,15.4
1984,3,17,16.9
1984,3,19,16.5
1984,3,21,13.4
1984,3,22,13.6
1984,3,24,16.4
1984,3,25,17.2
1984,3,27,12.4
1984,3,29,16.4
1984,4,3,17.9
1984,4,12,15.4
1984,4,13,17.2
1984,4,14,18.2
1984,4,15,19.2
1984,4,17,14
1984,4,19,17.5
1984,4,21,17.6
1984,4,25,17.2
1984,4,30,14.2
1984,5,1,16
1984,5,2,15
1984,5,8,15.4
1984,5,11,14.8
1984,5,12,16
1984,5,14,16.4
1984,5,15,18
1984,5,19,19.2
1984,5,22,19.4
1984,5,23,19.2
1984,5,24,19.2
1984,5,25,18.5
1984,5,26,19.4
1984,5,29,18
1984,6,2,22.2
1984,6,3,21.4
1984,6,4,19.8
1984,6,8,17.1
1984,6,10,19.5
1984,6,15,18.7
1984,6,16,18.4
1984,6,18,19.4
1984,6,19,17
1984,6,20,17.8
1984,6,22,20.4
1984,6,23,20.2
1984,6,25,18.8
1984,6,28,19.7
1984,6,29,18.2
1984,7,4,19.4
1984,7,6,19
1984,7,7,18.8
1984,7,8,18.6
1984,7,9,18.6
1984,7,10,18.4
1984,7,12,16.8
1984,7,13,16.8
1984,7,14,18.1
1984,7,16,18.8
1984,7,17,17.5
1984,7,18,18
1984,7,19,18.2
1984,7,20,18.2
1984,7,22,19.2
1984,7,23,17
1984,7,25,17.9
1984,7,30,18.8
1984,8,5,20.2
1984,9,1,19.4
1984,9,4,17.4
1984,9,9,17.8
1984,9,11,17.8
1984,9,12,17.5
1984,9,13,17
1984,9,14,17.2
1984,9,15,17.8
1984,9,17,16
1984,9,18,16.2
1984,9,19,16.6
1984,9,20,16.4
1984,9,22,17.4
1984,9,23,17.5
1984,9,24,16.7
1984,9,25,17.1
1984,9,26,16.9
1984,9,28,17
1984,9,29,17.4
1984,9,30,17.9
1984,10,1,17.2
1984,10,2,17.4
1984,10,4,16.8
1984,10,5,17.1
1984,10,8,15.4
1984,10,9,15.7
1984,10,10,16
1984,10,11,16.2
1984,10,12,16.4
1984,10,15,16.6
1984,10,16,17.3
1984,10,18,17.2
1984,10,19,17.2
1984,10,20,17
1984,10,22,15.3
1984,10,23,15.7
1984,10,27,15.4
1984,10,28,14.8
1984,10,29,14.8
1984,10,30,14
1984,11,1,13.7
1984,11,2,13.6
1984,11,3,14.3
1984,11,4,14.8
1984,11,6,13.4
1984,11,7,13.4
1984,11,8,13.6
1984,11,9,13.4
1984,11,10,11.3
1984,11,11,11
1984,11,12,11
1984,11,14,11
1984,11,15,12
1984,11,17,12.4
1984,11,20,11.5
1984,11,21,11
1984,11,22,11
1984,11,24,10.8
1984,11,26,10
1984,11,27,9.8
1984,11,29,10
1984,12,3,10.6
1984,12,7,10
1984,12,9,9.7
1984,12,11,9
1984,12,24,9
1984,12,25,9
1984,12,26,8.8
1984,12,27,7.4
1984,12,31,8
1985,1,3,8.2
1985,1,4,7.3
1985,1,6,5.4
1985,1,7,7
1985,1,14,7
1985,1,15,6.5
1985,1,16,6.2
1985,1,17,6.5
1985,1,18,7.5
1985,1,23,7.3
1985,1,24,8.5
1985,1,25,9
1985,1,26,9.6
1985,1,28,9.7
1985,1,29,9.7
1985,1,31,8.5
1985,2,1,8.6
1985,2,4,7.4
1985,2,6,8.2
1985,2,7,7.5
1985,2,9,7
1985,2,10,7.2
1985,2,11,8.4
1985,2,12,8.2
1985,2,13,8.6
1985,2,14,8.8
1985,2,15,8.7
1985,2,17,6.6
1985,2,18,8.6
1985,2,19,8.5
1985,2,20,10.2
1985,2,21,10.2
1985,2,23,11
1985,2,24,11.2
1985,2,25,11.8
1985,2,26,11
1985,2,27,10.6
1985,2,28,11.5
1985,3,2,12.5
1985,3,3,12.8
1985,3,5,15
1985,3,6,14.1
1985,3,11,14.5
1985,3,12,15
1985,3,13,16.2
1985,3,14,15.8
1985,3,16,14.6
1985,3,31,17.6
1985,4,1,18
1985,4,3,17
1985,4,4,17.1
1985,4,5,16.3
1985,4,6,17.3
1985,4,7,18
1985,4,8,12.5
1985,4,10,15.5
1985,4,13,18.5
1985,4,14,17.9
1985,4,15,19.3
1985,4,16,17
1985,4,17,16.6
1985,4,19,15.3
1985,4,20,17
1985,4,21,18
1985,4,23,17.5
1985,4,26,20.5
1985,4,28,17
1985,4,29,15.4
1985,4,30,15.3
1985,5,1,15.4
1985,5,2,16.2
1985,5,5,14.5
1985,5,6,15.7
1985,5,8,16.2
1985,5,9,18.3
1985,5,10,17.5
1985,5,12,14.5
1985,5,16,17.5
1985,5,17,18.5
1985,5,19,15.5
1985,5,21,14.8
1985,5,22,17.2
1985,5,24,18.8
1985,5,30,19.5
1985,5,31,19.4
1985,6,2,18.6
1985,6,3,18.5
1985,6,4,18.2
1985,6,5,18
1985,6,10,18
1985,6,12,19
1985,6,14,18.8
1985,6,15,19.9
1985,6,16,19.4
1985,6,18,19.7
1985,6,20,19.8
1985,6,21,19.7
1985,6,22,18.6
1985,6,23,20
1985,6,25,20
1985,6,26,19.8
1985,6,27,19.6
1985,6,28,19.7
1985,6,29,19.3
1985,7,1,19.2
1985,7,3,19.5
1985,7,5,18.8
1985,7,6,19
1985,7,7,19
1985,7,8,18.8
1985,7,10,18.3
1985,7,11,18.5
1985,7,12,18.2
1985,7,13,18.4
1985,7,14,18.2
1985,7,15,17.8
1985,7,16,17.8
1985,7,18,18
1985,7,19,18.2
1985,8,1,19.2
1985,8,3,19.2
1985,8,5,20
1985,8,8,18.8
1985,8,11,20
1985,8,12,19.8
1985,8,13,20.5
1985,8,15,20.7
1985,8,16,19.6
1985,8,17,20
1985,8,18,20
1985,8,19,20
1985,8,20,19.6
1985,8,29,20.5
1985,9,1,18.9
1985,9,2,18.7
1985,9,3,19
1985,9,5,19.1
1985,9,11,17.8
1985,9,12,19.4
1985,9,14,18
1985,9,15,18.1
1985,9,23,17.1
1985,9,24,16.9
1985,9,25,16.7
1985,9,26,17
1985,9,30,16.9
1985,10,6,17.5
1985,10,7,16.8
1985,10,8,16.9
1985,10,9,16.2
1985,10,11,17
1985,10,13,17.9
1985,10,15,18.4
1985,10,19,14.4
1985,10,20,14.6
1985,10,21,14.3
1985,10,22,15.4
1985,10,23,15
1985,10,24,14.8
1985,10,28,12
1985,10,30,12.6
1985,11,3,13.5
1985,11,4,12.7
1985,11,5,12
1985,11,8,11.4
1985,11,10,7.7
1985,11,11,11
1985,11,13,12
1985,11,14,13.2
1985,11,16,13.5
1985,11,17,13.6
1985,11,18,12.3
1985,11,19,11.5
1985,11,20,10.3
1985,11,21,10.8
1985,11,22,11
1985,11,24,10.3
1985,11,26,11.5
1985,11,27,11.3
1985,11,29,10.6
1985,11,30,10.8
1985,12,1,11.3
1985,12,2,10.8
1985,12,3,10.8
1985,12,4,10.7
1985,12,5,11.2
1985,12,6,11
1985,12,7,11.5
1985,12,8,11.3
1985,12,12,9
1985,12,13,9.3
1985,12,14,10.4
1985,12,15,10.8
1985,12,16,11.6
1985,12,18,11.2
1985,12,20,8.2
1985,12,24,1
1985,12,25,9.4
1985,12,26,9.5
1986,1,1,8
1986,1,2,8
1986,1,6,7.4
1986,1,7,9.5
1986,1,8,9.3
1986,1,10,8.6
1986,1,11,9
1986,1,12,8.3
1986,1,13,8
1986,1,15,9
1986,1,18,5.6
1986,1,20,8
1986,1,22,9.5
1986,1,25,9
1986,1,26,9.6
1986,1,27,8.7
1986,1,30,9.6
1986,1,31,10.4
1986,2,1,9.2
1986,2,2,8.5
1986,2,5,8.8
1986,2,6,9.2
1986,2,7,10
1986,2,8,9
1986,2,9,10
1986,2,14,9.7
1986,2,18,8.6
1986,3,6,9.6
1986,3,8,11
1986,3,12,14
1986,3,14,14.6
1986,3,15,15.6
1986,3,18,12
1986,3,19,14.4
1986,3,24,15.7
1986,3,25,15.8
1986,3,26,15
1986,3,27,15.4
1986,3,28,15.3
1986,3,29,16
1986,4,1,16
1986,4,2,17.3
1986,4,3,17.7
1986,4,4,13.5
1986,4,7,13
1986,4,8,14
1986,4,10,14.6
1986,4,11,15
1986,4,13,16
1986,4,14,16
1986,4,15,16.4
1986,4,16,17.2
1986,4,17,18.3
1986,4,20,17.1
1986,4,27,12
1986,4,28,14.3
1986,4,30,13.4
1986,5,2,15.8
1986,5,3,16.7
1986,5,4,14.3
1986,5,9,17.5
1986,5,10,17.7
1986,5,13,15
1986,5,14,16
1986,5,20,16.2
1986,5,21,16
1986,5,23,17.6
1986,5,25,17.4
1986,5,29,17.7
1986,5,30,17.8
1986,5,31,16
1986,6,1,17.6
1986,6,2,18.3
1986,6,6,19.6
1986,6,9,19
1986,6,10,19.6
1986,6,12,19.5
1986,6,14,18.9
1986,6,17,19.4
1986,6,18,19.5
1986,6,19,19.5
1986,6,20,19.5
1986,6,22,20.3
1986,6,24,20.7
1986,6,25,20
1986,7,2,19.3
1986,7,8,18.6
1986,7,9,18.8
1986,7,13,20
1986,7,17,19.6
1986,7,19,19.6
1986,7,21,18.4
1986,7,23,19
1986,7,24,19.1
1986,7,25,18
1986,7,29,18.5
1986,7,30,18.6
1986,8,1,18.4
1986,8,2,17.8
1986,8,9,20.6
1986,8,10,21
1986,8,11,22
1986,8,16,19.7
1986,8,17,18.7
1986,8,18,19.1
1986,8,20,18.2
1986,8,21,19
1986,8,29,19.2
1986,9,2,18.5
1986,9,16,17.6
1986,9,17,17.6
1986,9,18,17.8
1986,9,28,14.8
1986,9,29,16
1986,9,30,16
1986,10,2,15.7
1986,10,5,16.5
1986,10,6,16
1986,10,10,15.4
1986,10,11,15.3
1986,10,12,14.8
1986,10,13,15
1986,10,23,14.6
1986,10,24,14
1986,10,26,12.5
1986,11,13,10.2
1986,11,22,12
1986,11,24,11
1986,11,26,11.6
1986,11,29,10.4
1986,11,30,11
1986,12,10,9.5
1986,12,11,9.3
1986,12,12,8.8
1986,12,15,7.2
1986,12,17,7.3
1986,12,19,7.3
1986,12,20,8.3
1986,12,26,8.3
1986,12,28,10.3
1986,12,31,6
1987,1,3,5
1987,1,4,6.6
1987,2,9,8.6
1987,2,10,8.5
1987,2,12,10.5
1987,2,13,10.6
1987,2,18,10.6
1987,2,19,10.4
1987,2,21,10.6
1987,3,1,9.5
1987,3,2,9.2
1987,3,16,11.6
1987,3,17,11.8
1987,3,18,11.6
1987,3,23,13.8
1987,3,24,14
1987,3,26,16.5
1987,3,28,15.6
1987,3,29,17.4
1987,3,30,16.3
1987,4,1,14.3
1987,4,6,18
1987,4,9,15.1
1987,4,16,17
1987,4,27,10.5
1987,5,9,15.1
1987,5,10,16.7
1987,5,22,19.6
1987,6,3,18.5
1987,6,5,19.6
1987,6,6,19
1987,6,9,19.4
1987,6,12,19.3
1987,6,16,20
1987,6,18,20.5
1987,6,20,19.5
1987,7,8,19
1987,7,12,19.3
1987,7,16,19.5
1987,7,21,19.8
1987,7,22,19.8
1987,7,24,19.5
1987,8,8,18.4
1987,8,14,16.2
1987,8,30,19
1987,9,2,18.8
1987,9,3,19.2
1987,9,14,18.3
1987,9,15,18.5
1987,9,16,18.7
1987,9,20,17.9
1987,9,24,18.4
1987,10,2,16.2
1987,10,9,16.1
1987,10,10,15.6
1987,10,15,16
1987,10,18,15.6
1987,10,20,14.7
1987,10,29,14.5
1987,10,31,14
1987,11,1,13.4
1987,11,4,13.5
1987,11,5,13.4
1987,11,6,14.6
1987,11,9,14.5
1987,11,10,13
1987,11,14,12.5
1987,11,16,11.2
1987,11,18,12
1987,11,19,11.8
1987,11,29,11.3
1987,11,30,12
1987,12,6,10.6
1987,12,18,9.4
1987,12,27,8.8
1987,12,28,9.4
1987,12,29,8.4
1988,1,2,9.3
1988,1,3,9.6
1988,1,4,8.8
1988,1,7,8.6
1988,1,10,7.8
1988,1,11,8.8
1988,1,14,8.4
1988,1,16,7.9
1988,1,18,9.2
1988,1,19,7.8
1988,2,6,11.4
1988,2,12,12.2
1988,2,15,8.5
1988,2,17,9.5
1988,2,18,9.3
1988,2,19,10.9
1988,2,20,10.5
1988,3,8,12.8
1988,3,26,15.1
1988,3,31,15
1988,4,5,17.8
1988,4,6,19.8
1988,4,8,18.9
1988,4,10,19
1988,4,18,12.5
1988,4,21,14.6
1988,4,25,16.7
1988,4,28,17.2
1988,4,29,17.2
1988,5,22,17.2
1988,5,31,18.7
1988,6,3,17.8
1988,6,5,16.2
1988,6,7,20
1988,6,18,17.9
1988,6,22,18.7
1988,8,17,18.6
1988,8,24,18.7
1988,10,2,17.2
1988,10,3,17
1988,10,13,17.5
1988,10,24,14.4
1988,10,30,14.3
1988,10,31,13
1988,11,1,13.4
1988,11,24,11.5
1988,11,28,10.6
1988,12,9,10.2
1988,12,11,10.8
1988,12,22,9.1
1988,12,27,5.8
1989,1,4,6.2
1989,1,14,5.7
1989,1,17,5.9
1989,1,21,6
1989,2,2,9
1989,2,5,10
1989,2,7,10.2
1989,2,18,8.2
1989,3,4,11.2
1989,3,13,10.2
1989,4,4,14.8
1989,4,10,17.4
1989,4,14,17
1989,4,23,20.3
1989,5,1,15.8
1989,5,2,16
1989,5,7,21.4
1989,5,8,21.8
1989,5,9,20.2
1989,5,10,19.1
1989,5,16,17.1
1989,5,22,18.4
1989,5,23,18.4
1989,5,24,19.6
1989,5,28,16.1
1989,6,1,17.7
1989,6,5,17.5
1989,6,26,18.5
1989,6,28,19
1989,7,1,19
1989,7,14,17.5
1989,7,17,18.3
1989,8,4,19.2
1989,9,8,18.3
1989,9,11,18.5
1989,9,13,18.6
1989,9,15,18.8
1989,9,16,18
1989,9,23,18.4
1989,9,28,17.3
1989,10,7,17.8
1989,10,8,17
1989,10,10,15.9
1989,10,17,17.1
1989,10,18,15.5
1989,11,3,11.3
1989,11,5,12.3
1989,11,12,12.2
1989,11,28,10.7
1989,11,29,9
1989,12,1,9.9
1989,12,3,10.9
1989,12,5,9.2
1989,12,17,9.1
1989,12,19,8.1
1989,12,20,7.8
1989,12,22,8.2
1989,12,24,8.5
1989,12,25,7.4
1990,1,5,7.6
1990,1,8,8
1990,1,10,7.1
1990,1,12,8.8
1990,1,13,10.1
1990,2,9,10.3
1990,2,18,8.4
1990,3,2,10
1990,3,6,9.5
1990,3,7,9
1990,3,8,8.5
1990,3,9,9.3
1990,3,16,12.3
1990,3,21,11.5
1990,3,29,10.4
1990,3,30,10.6
1990,5,7,16.2
1990,6,1,19.7
1990,6,13,19
1990,6,15,19.3
1990,6,23,19.3
1990,7,3,20.2
1990,7,4,19
1990,7,5,19.2
1990,7,8,19.3
1990,7,13,19.2
1990,7,14,19
1990,7,16,19
1990,7,17,19.1
1990,7,18,19.2
1990,7,24,19.8
1990,8,31,20.5
1990,9,3,19.4
1990,9,25,16.7
1990,10,1,16.5
1990,10,2,17
1990,10,3,17
1990,10,19,15.5
1990,10,24,13.8
1990,10,30,13.6
1990,10,31,13.9
1990,11,5,13
1990,11,12,14.2
1990,11,19,11.4
1990,11,27,11.2
1990,12,28,9.1
1991,1,1,7.3
1991,1,15,5
1991,1,21,4
1991,1,23,4.5
1991,1,27,8.7
1991,1,28,9.8
1991,2,1,8.6
1991,2,4,7.4
1991,2,6,6.8
1991,2,9,9.2
1991,2,10,9.8
1991,2,11,10.8
1991,2,15,8.9
1991,2,18,10
1991,2,20,11.6
1991,3,4,11
1991,7,12,18.4
1991,7,22,19.5
1991,7,25,20
1991,8,1,19.4
1991,8,5,19.2
1991,8,12,19.6
1991,8,13,20.2
1991,8,16,19
1991,8,17,19
1991,8,19,19
1991,8,30,18.7
1991,8,31,19.2
1991,9,2,18.6
1991,9,10,17.5
1991,9,18,18
1991,9,21,18
1991,9,22,18.3
1991,9,25,17.8
1991,9,26,17
1991,9,27,17.5
1991,9,29,18.3
1991,10,3,18.5
1991,10,4,18.5
1991,10,6,17.4
1991,10,13,16
1991,10,19,16.6
1991,10,23,15.4
1991,11,5,12
1991,11,7,12.6
1991,11,11,12.3
1991,11,17,11.6
1991,11,19,11
1991,11,23,10.5
1991,12,2,7.2
1991,12,5,9.2
1991,12,17,10.6
1991,12,18,11
1991,12,20,9.5
1991,12,22,9.1
1991,12,23,8.2
1991,12,24,7.8
1991,12,25,7.8
1991,12,27,5.2
1991,12,29,4.4
1991,12,30,2.9
1991,12,31,3
1992,1,2,3.8
1992,1,12,6.5
1992,1,14,7.2
1992,1,15,7.4
1992,1,16,7.6
1992,1,17,6.8
1992,1,24,7.5
1992,1,26,9
1992,1,27,9.6
1992,2,2,7
1992,2,6,6.6
1992,2,21,7.9
1992,2,28,8.6
1992,3,3,10.6
1992,3,13,12.4
1992,3,18,12.4
1992,3,19,13
1992,3,20,14.4
1992,3,27,16.3
1992,3,28,15.1
1992,4,3,14.8
1992,4,4,16
1992,4,14,21.3
1992,5,27,15.8
1992,6,1,18.8
1992,6,4,20
1992,6,25,18.6
1992,6,26,18.4
1992,7,3,18.8
1992,7,9,17.5
1992,8,1,19.2
1992,8,5,18.6
1992,8,6,18.6
1992,8,7,18.7
1992,8,12,20.5
1992,8,13,20.3
1992,8,18,19.5
1992,8,28,19.5
1992,9,2,21.4
1992,9,8,19.2
1992,9,15,17.5
1992,9,16,18
1992,9,17,17.6
1992,9,20,17.6
1992,10,5,16
1992,10,9,17.5
1992,10,18,15.5
1992,10,20,15.4
1992,11,8,11.9
1992,11,12,12.6
1992,11,20,12
1992,11,22,12.4
1992,11,24,9.9
1992,11,25,9.9
1992,11,26,10.1
1992,11,27,9.5
1992,11,30,10.5
1992,12,1,9.9
1992,12,7,8.3
1992,12,12,9.8
1992,12,14,8.5
1992,12,15,8
1992,12,17,8.1
1992,12,26,7.7
1992,12,29,7.2
1993,2,2,7.5
1993,2,7,11.6
1993,3,3,11.2
1993,3,5,11
1993,3,8,11.5
1993,3,20,11.2
1993,3,23,12
1993,3,25,12
1993,3,28,10.1
1993,4,2,15.6
1993,4,4,15
1993,4,5,15.1
1993,4,9,14.7
1993,4,12,13
1993,4,21,11.2
1993,4,23,14.4
1993,4,25,10
1993,4,27,15.4
1993,4,29,14.1
1993,4,30,14.4
1993,5,2,17.1
1993,5,8,16.7
1993,5,10,14.8
1993,5,11,15.8
1993,5,12,14.8
1993,5,14,15.2
1993,5,19,15.5
1993,5,22,16.3
1993,5,28,15.2
1993,5,31,17.4
1993,6,1,17.5
1993,6,3,17.5
1993,6,8,18.5
1993,6,9,18.2
1993,6,11,18
1993,6,16,19.6
1993,7,6,20
1993,7,10,19.2
1993,7,11,20.1
1993,7,12,20.2
1993,7,16,19.4
1993,7,19,19.5
1993,7,21,19.3
1993,7,22,17.7
1993,7,23,19
1993,7,25,19.9
1993,8,8,19.5
1993,8,11,20
1993,8,12,19
1993,8,14,20.3
1993,8,17,19.5
1993,8,22,19.5
1993,8,25,19.3
1993,8,26,19.4
1993,8,27,18.8
1993,8,30,18.5
1993,8,31,19
1993,9,2,17.8
1993,9,6,18
1993,9,12,19
1993,12,10,10.9
1994,1,5,8.4
1994,1,13,10.5
1994,1,19,5
1994,1,31,8.6
1994,2,4,8.9
1994,2,6,8.4
1994,2,7,8.2
1994,2,11,7.2
1994,2,19,8.5
1994,3,4,11.7
1994,3,8,11.6
1994,3,9,10.8
1994,3,20,17.4
1994,3,22,16.3
1994,3,24,14
1994,3,29,14.1
1994,4,7,16.8
1994,4,17,15
1994,5,24,19.2
1994,6,1,20.1
1994,7,10,21.8
1994,7,11,22.1
1994,7,13,22.3
1994,8,4,21.6
1994,8,20,20.5
1994,9,14,18.5
1994,11,18,9.5
1994,12,3,8.8
1994,12,5,8.8
1994,12,15,7.3
1994,12,19,7.2
1994,12,22,6.6
1994,12,23,7.1
1994,12,25,7
1994,12,28,8.4
1994,12,29,7
1995,1,1,4.1
1995,1,2,3.8
1995,1,4,4.5
1995,1,12,8.9
1995,2,27,8.5
1995,3,1,9.5
1995,3,19,14
1995,3,26,15
1995,4,5,13.2
1995,4,26,19.2
1995,5,11,18.4
1995,5,21,20.2
1995,5,30,21.7
1995,6,22,20.1
1995,6,23,19.7
1995,9,3,21.5
1995,9,29,16.9
1995,10,12,13.2
1995,10,22,19.5
1995,10,27,13.7
1995,10,28,13.5
1995,11,3,12.1
1995,11,9,15.3
1995,11,12,15
1995,11,13,13.9
1995,11,14,12.8
1995,11,19,12.7
1995,11,20,11.3
1995,11,23,10
1995,11,28,10.2
1995,11,29,9.1
1995,11,30,9.2
1995,12,3,8.5
1995,12,5,8.4
1995,12,8,9.5
1995,12,10,9.2
1995,12,13,9.6
1995,12,21,9.1
1995,12,28,7.3
1995,12,30,6.8
1996,1,10,7.3
1996,1,15,7
1996,2,8,7.8
1996,2,15,10.2
1996,3,27,11.3
1996,3,31,13.8
1996,4,14,16.5
1996,4,27,14.5
1996,5,1,17.5
1996,5,7,18.8
1996,5,16,17.8
1996,5,21,16.9
1996,5,25,21.2
1996,5,27,19
1996,6,3,18.3
1996,6,29,20.6
1996,6,30,20.3
1996,7,3,21.3
1996,7,11,20.6
1996,7,15,19.3
1996,7,25,21.2
1996,7,29,20.3
1996,8,8,20.6
1996,8,9,21.5
1996,8,10,20.7
1996,8,28,20.2
1996,8,31,20
1996,9,9,19.3
1996,9,13,20.5
1996,9,18,18.9
1996,9,27,19.7
1996,10,8,17.2
1996,10,17,14.1
1996,11,1,15.5
1996,11,8,12.7
1996,12,2,8.6
1997,2,12,8.2
1997,3,20,13.8
1997,3,27,12.2
1998,6,1,22.2
1998,6,10,21.7
1998,6,12,22.5
1998,6,18,21.8
1998,6,20,20.7
1998,6,25,21.5
1998,7,7,21.8
1998,7,15,20.8
1998,7,18,21.3
1998,7,22,21.6
1998,7,23,21
1998,7,28,20.6
1998,7,29,21.3
1998,7,30,21.1
1998,8,17,20.9
1998,8,19,20.3
1998,8,22,20.9
1998,8,28,20.6
1998,8,29,21.2
1998,9,14,18.8
1998,9,17,21
1998,9,24,19.3
1998,9,29,19
1998,10,6,17.5
1998,10,8,18.9
1998,10,9,19.4
1998,10,10,20
1998,10,11,18.4
1998,10,12,19.5
1998,10,25,15.3
1998,10,28,15
1998,11,13,11.5
1998,11,20,14.8
1998,11,26,12.2
1998,12,3,10.6
1998,12,4,11
1998,12,5,10.4
1998,12,16,7.8
1998,12,22,6.8
1999,2,6,10
1999,2,10,13.3
1999,2,14,12.1
1999,2,15,12.8
1999,2,17,12.2
1999,2,19,12.2
1999,3,2,10.1
1999,3,17,12.7
1999,3,27,11.4
1999,4,5,17.6
1999,5,7,18.8
1999,5,11,16.3
1999,5,18,19
1999,5,22,19.7
1999,5,25,20
1999,5,26,20.9
1999,5,30,20
1999,5,31,20.2
1999,6,3,17.8
1999,6,4,18.8
1999,6,6,20
1999,6,15,20.2
1999,6,18,21.4
1999,7,2,19.5
1999,7,8,21.4
1999,7,10,20.5
1999,7,11,20.7
1999,7,12,19.8
1999,7,14,20
1999,7,15,22.1
1999,7,16,20.9
1999,7,19,20.4
1999,7,20,20.3
1999,7,21,19.4
1999,7,23,20.3
1999,7,24,20.4
1999,7,25,20.9
1999,7,26,21.4
1999,7,27,21.8
1999,7,28,21.4
1999,7,30,20.5
1999,8,1,20.6
1999,8,2,20.6
1999,8,3,19.1
1999,8,5,20.9
1999,8,6,20.8
1999,8,8,21
1999,8,10,20.5
1999,8,11,19.7
1999,8,12,20.3
1999,8,13,20.2
1999,8,18,20.4
1999,8,19,20.2
1999,8,20,20.1
1999,8,21,20.4
1999,8,22,20
1999,8,23,20.5
1999,8,24,20.4
1999,8,27,18.7
1999,8,28,19.6
1999,8,30,20.3
1999,8,31,19.8
1999,9,3,20.3
1999,9,4,19.7
1999,9,6,19.8
1999,9,7,20
1999,9,8,19.4
1999,9,10,19.7
1999,9,11,19.7
1999,9,12,19.2
1999,9,14,16.8
1999,9,15,18.7
1999,9,17,20
1999,9,19,20.2
1999,9,21,18.7
1999,9,22,18.7
1999,9,23,18.7
1999,9,24,19.5
1999,9,26,16.7
1999,9,27,17.9
1999,9,28,19.2
1999,9,29,19.7
1999,10,3,18.3
1999,10,5,17.7
1999,10,8,18.1
1999,10,9,14.8
1999,10,15,15.9
1999,10,18,16.4
1999,10,20,15.7
1999,10,21,14.7
1999,10,28,14.6
1999,10,31,15.7
1999,11,3,15.3
1999,11,4,15.4
1999,11,5,14
1999,11,6,13.8
1999,11,11,11.4
1999,11,14,11.3
1999,11,15,11.8
1999,11,16,11.6
1999,11,17,11.7
1999,11,18,12
1999,11,19,10
1999,11,27,10.7
1999,11,28,10.4
1999,12,1,11
1999,12,3,10.7
1999,12,4,9.8
1999,12,6,8.5
1999,12,9,9.3
1999,12,10,8
1999,12,11,10.2
1999,12,12,9.3
1999,12,16,7.8
1999,12,17,8.5
1999,12,20,7.4
1999,12,22,7.7
1999,12,27,7
1999,12,28,7.3
1999,12,29,6.7
1999,12,30,8.3
1999,12,31,6.3
2000,1,18,6
2000,1,20,7.6
2000,1,21,7
2000,1,22,6.8
2000,1,24,7.4
2000,1,27,6.6
2000,1,31,8
2000,2,1,6.5
2000,3,16,10.4
2000,10,4,18.3
2000,10,10,16.8
2000,10,20,15.5
2000,10,23,15.3
2000,10,24,15.9
2000,10,25,15.8
2000,10,28,14.5
2000,10,31,12.4
2000,11,2,13.8
2000,11,3,12.3
2000,11,4,12.4
2000,11,5,13.3
2000,11,12,14.3
2000,11,14,12.8
2000,11,15,13.3
2000,11,18,11
2000,11,19,13.8
2000,11,20,13.3
2000,11,23,10.6
2000,11,24,11.5
2000,11,28,10.4
2000,11,30,8.3
2000,12,1,7.7
2000,12,5,6.2
2000,12,7,6.6
2000,12,9,6.8
2000,12,10,7.3
2000,12,11,7.3
2000,12,17,7.5
2000,12,20,7.7
2000,12,21,7.8
2000,12,25,9.3
2000,12,29,7.7
2001,1,1,9.7
2001,1,2,9.4
2001,1,4,7
2001,1,10,5
2001,1,11,5.3
2001,1,16,6.4
2001,1,23,8.7
2001,1,25,6.2
2001,1,28,6.2
2001,1,29,7.6
2001,2,2,9.2
2001,2,6,6.7
2001,2,8,7.5
2001,2,12,9.2
2001,2,13,9
2001,2,14,9.4
2001,2,15,9.6
2001,2,16,13
2001,2,17,10.4
2001,2,18,11
2001,2,19,9.8
2001,2,20,10.8
2001,2,21,8.8
2001,3,6,9
2001,3,11,10
2001,3,15,12
2001,3,18,11.3
2001,3,19,12.8
2001,3,22,16
2001,3,23,16
2001,3,27,15.4
2001,3,29,15
2001,3,31,12.9
2001,4,3,12.7
2001,4,4,13.8
2001,4,6,16
2001,4,11,17
2001,4,12,15.2
2001,4,13,15.5
2001,4,15,13.7
2001,4,16,14.6
2001,4,18,12.6
2001,4,20,15.4
2001,4,21,14.3
2001,4,22,15
2001,4,24,17.2
2001,4,28,14.7
2001,4,30,16.8
2001,5,4,16.6
2002,11,16,11.8
2003,3,24,14.8
2003,5,12,16.4
2003,6,18,20.5
2003,7,16,20
2003,7,25,19.9
2003,8,26,20.1
2003,9,3,20.5
2003,9,15,20.6
2003,9,20,20
2004,10,3,17.6
2005,2,18,10.2
2005,2,22,14.5
2005,3,7,13.4
2005,3,22,14
2005,6,24,20.5
2005,12,13,7.3
2012,8,19,22
2012,9,23,19.5
2012,9,25,18.5
2012,10,22,14.2
2012,11,23,10
2013,1,18,7.5
2013,1,23,6.2
2013,1,26,5
2013,12,6,9.5
2013,12,7,10
2013,12,9,9.8
2013,12,10,10
2013,12,11,10
2013,12,12,9
2013,12,14,8
2013,12,15,8
2013,12,16,7.5
2013,12,17,6.5
2013,12,19,9.5
2013,12,21,6.8
2013,12,22,6.5
2013,12,23,6.2
2013,12,28,7
2013,12,29,7.5
2014,1,2,7.2
2014,1,3,6.8
2014,1,4,8
2014,1,5,7.5
2014,1,7,5
2014,1,8,5.7
2014,1,9,5.7
2014,1,10,6.2
2014,1,11,7.8
2014,1,12,5.4
2014,1,13,6.5
2014,1,14,7.6
2014,1,15,8.2
2014,1,16,8
2014,1,17,8.2
2014,1,18,9
2014,1,19,7.8
2014,1,20,8
2014,1,21,8
2014,1,22,9.2
2014,1,24,1
2014,1,25,9
2014,1,26,8.5
2014,1,27,8.8
2014,1,28,0
2014,1,29,10
2014,1,31,9
2014,2,2,8.5
2014,2,3,9
2014,2,5,7.5
2014,2,6,8.2
2014,2,7,9.5
2014,2,10,8
2014,2,12,6.4
2014,2,13,6.2
2014,2,15,7.5
2014,2,17,7
2014,2,19,7.2
2014,2,21,8.5
2014,2,22,8
2014,2,24,9
2014,2,25,10.5
2014,2,26,11
2014,2,27,10.8
2014,2,28,11.8
2014,3,1,12
2014,3,2,10.2
2014,3,3,10
2014,3,4,10.2
2014,3,7,10.2
2014,3,8,10
2014,3,22,10.8
2014,3,25,14.8
2014,3,26,13.6
2014,3,31,15
2014,4,2,14
2014,4,3,14.5
2014,4,4,12.5
2014,4,5,16
2014,4,6,15.2
2014,4,7,17
2014,4,8,16
2014,4,9,16
2014,4,10,15
2014,4,12,15
2014,4,13,14.2
2014,4,15,14.5
2014,4,16,16.8
2014,4,20,17.6
2014,4,22,17.6
2014,4,23,17.4
2014,4,27,20
2014,4,28,14
2014,4,29,17.6
2014,4,30,17.8
2014,5,3,17
2014,5,4,16.5
2014,5,5,17.5
2014,5,6,17.8
2014,5,7,17.5
2014,5,9,20
2014,5,10,20.2
2014,5,11,20.4
2014,5,13,19.8
2014,5,14,19
2014,5,15,19.6
2014,5,16,19.4
2014,5,17,19
2014,5,19,21.2
2014,5,20,21
2014,5,23,18.4
2014,5,29,18
2014,5,30,17.5
2014,5,31,20
2014,6,1,19
2014,6,3,21.2
2014,6,4,21.5
2014,6,6,21.2
2014,6,7,21.5
2014,6,8,21.2
2014,6,9,21.2
2014,6,10,21.2
2014,6,11,20.4
2014,6,14,20.6
2014,6,16,21.6
2014,6,17,21.6
2014,6,18,21.8
2014,6,19,21
2014,6,21,22
2014,6,22,20.6
2014,6,23,20.6
2014,6,24,21.2
2014,6,26,20.5
2014,6,27,21.6
2014,6,28,21.5
2014,6,29,21.4
2014,6,30,21.3
2014,7,2,21.2
2014,7,4,21.2
2014,7,5,21.5
2014,7,7,20.6
2014,7,8,22
2014,7,10,21.2
2014,7,11,21.6
2014,7,12,22
2014,7,15,21
2014,7,16,22
2014,7,17,21.8
2014,7,18,21.5
2014,7,19,21.4
2014,7,20,21.6
2014,7,21,22
2014,7,22,21.6
2014,7,23,21.5
2014,7,24,20.5
2014,7,25,21
2014,7,26,21.5
2014,7,27,21
2014,7,28,19.5
2014,7,30,21
2014,7,31,21
2014,8,1,20.2
2014,8,2,21
2014,8,3,21.5
2014,8,4,21.5
2014,8,5,22.5
2014,8,6,20.6
2014,8,7,20.6
2014,8,8,20.3
2014,8,12,20.8
2014,8,14,20.5
2014,8,16,20.2
2014,8,17,20
2014,8,20,20.8
2014,8,21,20.4
2014,8,22,20.2
2014,8,24,20.4
2014,8,26,20.6
2014,8,27,20
2014,8,28,19.8
2014,8,29,20.2
2014,8,30,20
2014,8,31,20.8
2014,9,1,20
2014,9,2,21
2014,9,3,20
2014,9,4,20.4
2014,9,5,20
2014,9,6,20.8
2014,9,7,20.2
2014,9,8,20.4
2014,9,9,20
2014,9,10,20
2014,9,11,20
2014,9,12,19
2014,9,13,20
2014,9,14,19.6
2014,9,15,20.4
2014,9,16,19.4
2014,9,17,19.2
2014,9,18,20
2014,9,19,21.2
2014,9,20,19.6
2014,9,21,18.8
2014,9,22,19.2
2014,9,23,19
2014,9,24,18
2014,9,25,19.2
2014,9,26,19.5
2014,9,27,19.1
2014,9,28,19
2014,9,29,16.9
2014,9,30,17.2
2014,10,1,16.2
2014,10,2,16.6
2014,10,3,16.2
2014,10,4,16
2014,10,5,18
2014,10,7,18
2014,10,8,17.5
2014,10,9,17
2014,10,11,17
2014,10,12,16
2014,10,14,17.5
2014,10,19,13.2
2014,10,20,13.5
2014,10,21,14.2
2014,10,22,15
2014,10,23,14.4
2014,10,24,14.8
2014,10,27,12.2
2014,10,28,13
2014,10,29,13.2
2014,10,30,13
2014,10,31,13.2
2014,11,1,13
2014,11,3,13.7
2014,11,4,13.2
2014,11,9,13.5
2014,11,10,14
2014,11,27,10.4
2014,11,28,10.2
2014,11,29,10.2
2014,11,30,9.5
2014,12,1,10.2
2014,12,4,10.8
2014,12,7,10.2
2014,12,8,10.6
2014,12,9,10
2014,12,11,9
2014,12,13,9
2014,12,14,11.6
2014,12,15,10.8
2014,12,16,10.5
2014,12,21,8
2014,12,23,7.5
2014,12,24,7.4
2014,12,25,7
2014,12,27,7.6
2014,12,28,8
2014,12,29,8
2014,12,30,8.4
2014,12,31,8.2
2015,1,1,10
2015,1,2,11.8
2015,1,3,12
2015,1,4,12
2015,1,5,8.5
2015,1,6,9
2015,1,7,7.8
2015,1,8,6.8
2015,1,9,6.2
2015,1,11,6.8
2015,1,12,6.8
2015,1,13,6.8
2015,1,14,7.2
2015,1,15,7.8
2015,1,16,7.8
2015,1,17,8
2015,1,18,7
2015,1,20,7
2015,1,21,7.5
2015,1,22,7.5
2015,1,25,8
2015,1,26,8.6
2015,1,27,9.2
2015,1,28,8.2
2015,1,29,8.6
2015,1,30,6
2015,2,1,5
2015,2,2,7
2015,2,3,8
2015,2,4,9
2015,2,5,9.5
2015,2,7,10
2015,2,8,9
2015,2,9,10
2015,2,10,9.5
2015,2,11,9.5
2015,2,12,9.7
2015,2,13,8.6
2015,2,15,10
2015,2,17,10
2015,2,18,10.6
2015,2,19,9
2015,2,20,11
2015,2,21,12
2015,2,22,11.4
2015,2,23,12.6
2015,2,25,14.9
2015,2,27,11.5
2015,2,28,12.5
2015,3,2,10.8
2015,3,3,9.8
2015,3,4,9.9
2015,3,6,1
2015,3,7,9.5
2015,3,9,12
2015,3,11,12.4
2015,3,12,13
2015,3,13,13.5
2015,3,14,14.4
2015,3,16,16.2
2015,3,17,12
2015,3,18,15
2015,3,20,12
2015,3,22,15
2015,3,24,15.5
2015,3,25,15.5
2015,3,26,15.6
2015,3,27,17
2015,3,28,14
2015,3,30,16.8
2015,3,31,12.8
2015,4,1,13.8
2015,4,2,15
2015,4,3,14
2015,4,4,13.6
2015,4,5,12
2015,4,7,16
2015,4,10,14.5
2015,4,11,16.5
2015,4,12,16.5
2015,4,13,14.2
2015,4,15,16.6
2015,4,17,17
2015,4,18,14.5
2015,4,19,14
2015,4,21,18.5
2015,4,23,14
2015,4,24,17.2
2015,4,28,16
2015,4,30,15.5
2015,5,1,17.5
2015,5,2,17
2015,5,7,17.6
2015,5,13,18.2
2015,5,14,19.9
2015,5,15,21.2
2015,5,17,17.8
2015,5,19,19
2015,5,20,18.6
2015,5,21,19
2015,5,22,19.2
2015,5,23,18.5
2015,5,26,17.5
2015,5,29,20.5
2015,5,30,21
2015,6,1,21.5
2015,6,2,19.4
2015,6,3,20.6
2015,6,4,21.1
2015,6,5,21.2
2015,6,6,20.5
2015,6,8,21.6
2015,6,9,21.2
2015,6,10,21.6
2015,6,12,20
2015,6,13,20.4
2015,6,15,19
2015,6,16,19
2015,6,17,20.8
2015,6,18,19.6
2015,6,19,20.5
2015,6,21,21.5
2015,6,24,21.5
2015,6,25,21.6
2015,6,26,21.5
2015,6,29,20.5
2015,7,1,19.8
2015,7,3,21.5
2015,7,5,21
2015,7,6,22
2015,7,7,21.5
2015,7,8,21
2015,7,10,21.5
2015,7,12,20
2015,7,17,20.8
2015,7,21,20.8
2015,7,22,20.5
2015,7,23,20.8
2015,7,24,20.5
2015,7,25,20.6
2015,7,28,19.8
2015,7,30,21
2015,7,31,20
2015,8,1,20.2
2015,8,3,21.5
2015,8,4,21
2015,8,6,20.5
2015,8,8,21.4
2015,8,11,19.2
2015,8,12,21
2015,8,18,21
2015,8,19,21.2
2015,8,21,20.8
2015,8,25,20.8
2015,8,26,20.6
2015,8,29,20
2015,9,1,20.4
2015,9,3,20.8
2015,9,4,20.4
2015,9,10,21
2015,9,11,21
2015,9,12,20
2015,9,21,20
2015,9,22,19.9
2015,9,23,20.4
2015,9,25,20
2015,9,27,17.5
2015,9,30,18
2015,10,1,18.6
2015,10,3,19
2015,10,4,17
2015,10,6,16.4
2015,10,7,17
2015,10,8,16.2
2015,10,10,16.5
2015,10,15,15.4
2015,10,20,16.5
2015,10,22,17
2015,10,23,16
2015,10,24,12.5
2015,10,25,11.4
2015,10,26,14.8
2015,10,28,15
2015,11,2,14.2
2015,11,3,15.4
2015,11,8,12.8
2015,11,9,12.5
2015,11,10,12.6
2015,11,11,11.5
2015,11,12,12
2015,11,16,13
2015,11,18,12
2015,11,19,12
2015,11,21,11.8
2015,11,22,11.8
2015,12,2,11.6
2015,12,3,11.6
2015,12,6,10.1
2015,12,11,8.9
2015,12,13,8.7
2015,12,14,9.1
2015,12,16,6.6
2015,12,18,6.3
2015,12,21,6.2
2015,12,22,6
2015,12,23,5.8
2015,12,25,4.8
2015,12,26,5
2015,12,29,7
2015,12,30,7.5
2016,1,2,8
2016,1,3,8.6
2016,1,6,9.6
2016,1,12,7.8
2016,1,14,7.8
2016,1,16,7.5
2016,1,17,7
2016,1,18,7.5
2016,1,20,9
2016,1,22,6.5
2016,1,25,5.4
2016,1,26,7
2016,1,28,7.4
2016,2,1,10
2016,2,3,9.8
2016,2,4,8
2016,2,5,8.6
2016,2,6,9.5
2016,2,9,6.5
2016,2,10,10
2016,2,12,7.5
2016,2,13,8.3
2016,2,16,10.3
2016,2,17,10.3
2016,2,19,13.2
2016,2,20,14.6
2016,2,21,11.5
2016,2,22,11.7
2016,2,24,10.5
2016,2,25,10.1
2016,2,26,11.6
2016,3,1,11.5
2016,3,2,12.5
2016,3,3,13.8
2016,3,4,13.8
2016,3,5,14.8
2016,3,7,10.9
2016,3,9,13.6
2016,3,10,14
2016,3,11,14
2016,3,13,16
2016,3,14,13
2016,3,16,12.8
2016,3,17,12.5
2016,3,18,13.5
2016,3,20,14.8
2016,3,21,14.8
2016,3,22,13.5
2016,3,23,13
2016,3,24,14
2016,3,25,15
2016,3,26,16.5
2016,3,28,16.6
2016,4,1,14.8
2016,4,6,18
2016,4,7,17.8
2016,4,8,18.6
2016,4,9,18
2016,4,13,16.6
2016,4,14,18.4
2016,4,15,15.4
2016,4,16,17.8
2016,4,20,19.4
2016,4,21,18.6
2016,4,22,17.8
2016,4,23,17.6
2016,4,27,13.4
2016,4,28,18.7
2016,4,29,17.5
2016,4,30,18.5
2016,5,1,14.8
2016,5,2,18.2
2016,5,3,17.5
2016,5,6,17.4
2016,5,7,15
2016,5,8,17
2016,5,10,20.4
2016,5,15,19.6
2016,5,16,19.8
2016,5,17,20.3
2016,5,18,15
2016,5,21,17.5
2016,5,23,19.6
2016,5,24,17.5
2016,5,25,18.4
2016,5,26,17
2016,5,27,16.9
2016,5,28,19
2016,5,31,17.9
2016,6,1,18
2016,6,2,18
2016,6,3,20.4
2016,6,4,21
2016,6,5,20
2016,6,6,20
2016,6,8,20
2016,6,9,19.7
2016,6,11,20.5
2016,6,13,19.8
2016,6,14,21
2016,6,15,21
2016,6,18,21
2016,6,19,21
2016,6,20,20.6
2016,6,21,20.5
2016,6,22,20
2016,6,23,21
2016,6,25,21
2016,6,26,21
2016,6,27,21.6
2016,6,28,22.1
2016,6,29,22.4
2016,6,30,21.3
2016,7,1,21
2016,7,2,21
2016,7,3,20.8
2016,7,5,21.2
2016,7,6,21.2
2016,7,7,21
2016,7,15,22
2016,7,16,21
2016,7,18,21
2016,7,21,21.2
2016,7,22,21.5
2016,7,23,20.6
2016,7,24,20.2
2016,7,25,20.2
2016,7,27,20.2
2016,7,28,20.5
2016,7,31,19.8
2016,8,1,20.8
2016,8,5,21
2016,8,9,20.6
2016,8,11,21.2
2016,8,12,21
2016,8,14,21.3
2016,8,15,21
2016,8,16,21.2
2016,8,17,20.4
2016,8,18,21.7
2016,8,19,20.7
2016,8,20,20.6
2016,8,21,21.2
2016,8,22,21
2016,8,23,21
2016,8,24,20.5
2016,8,25,21.5
2016,8,28,21.8
2016,9,1,20.7
2016,9,5,21.5
2016,9,6,21
2016,9,9,19.8
2016,9,10,20.5
2016,9,11,20.5
2016,9,12,19.4
2016,9,13,19.6
2016,9,14,20
2016,9,15,20.4
2016,9,16,20
2016,9,17,20.2
2016,9,18,20
2016,9,19,20
2016,9,20,20.6
2016,9,21,19.6
2016,9,22,20
2016,9,23,19.4
2016,9,24,19
2016,9,26,13
2016,9,27,19.5
2016,9,30,20
2016,10,1,20.2
2016,10,2,19.8
2016,10,5,19.9
2016,10,6,19.4
2016,10,7,18.8
2016,10,8,19
2016,10,10,18.8
2016,10,11,18.8
2016,10,12,19
2016,10,13,18.5
2016,10,14,18
2016,10,15,16
2016,10,16,16.8
2016,10,17,16.2
2016,10,18,14.8
2016,10,19,11
2016,10,20,13.5
2016,10,21,14
2016,10,22,14
2016,10,24,14.6
2016,10,25,14.4
2016,10,26,15
2016,10,27,14.8
2016,10,31,13.2
2016,11,1,13.5
2016,11,2,13.8
2016,11,3,14
2016,11,4,13.5
2016,11,5,12.8
2016,11,6,13.2
2016,11,7,13
2016,11,8,13
2016,11,9,13.5
2016,11,10,13.8
2016,11,14,12.8
2016,11,15,12.2
2016,11,16,11.4
2016,11,17,10.8
2016,11,24,11.4
2016,11,25,10.5
2016,11,26,11.6
2016,11,27,12
2016,11,28,12
2016,11,29,11.5
2016,11,30,11.8
2016,12,1,11.9
2016,12,3,11.8
2016,12,6,10.4
2016,12,7,10.1
2016,12,8,10.1
2016,12,9,10.3
2016,12,10,9.7
2016,12,11,10.3
2016,12,12,9.4
2016,12,13,9
2016,12,14,8.9
2016,12,15,8.4
2016,12,16,9.3
2016,12,17,9.7
2016,12,20,10.4
2016,12,22,11.4
2016,12,23,13.4
2016,12,24,11.5
2016,12,25,10.4
2016,12,26,9.5
2016,12,28,8.2
2016,12,29,8.5
2016,12,30,8.5
2017,1,1,9
2017,1,2,8.5
2017,1,4,7.8
2017,1,5,8.6
2017,1,7,7
2017,1,8,7.5
2017,1,11,6.2
2017,1,13,5
2017,1,14,5.4
2017,1,15,5.6
2017,1,17,6.4
2017,1,21,7.7
2017,1,22,8.5
2017,1,23,8.8
2017,1,24,9
2017,1,25,9.5
2017,1,26,10.2
2017,1,28,8.8
2017,1,29,8.5
2017,1,31,9.4
2017,2,2,9.5
2017,2,3,9.3
2017,2,4,9.8
2017,2,5,11.6
2017,2,6,10.7
2017,2,7,10.5
2017,2,8,10.5
2017,2,9,10.6
2017,2,10,9.8
2017,2,11,9.2
2017,2,12,9.5
2017,2,13,8.8
2017,2,15,10.3
2017,2,16,10.8
2017,2,18,12.7
2017,2,19,14.4
2017,2,20,14.3
2017,2,21,12.3
2017,2,22,13
2017,2,23,11.4
2017,2,24,9.8
2017,2,25,10
2017,2,26,10.4
2017,2,27,12.4
2017,2,28,11.8
2017,3,1,12.5
2017,3,2,12
2017,3,3,13.4
2017,3,4,12.4
2017,3,5,12.7
2017,3,6,11
2017,3,7,10.5
2017,3,8,11.5
2017,3,9,10.8
2017,3,11,10.2
2017,3,12,8.5
2017,3,13,7.6
2017,3,15,10
2017,3,16,11
2017,3,17,11
2017,3,18,8.8
2017,3,19,8.5
2017,3,20,11
2017,3,21,9.2
2017,3,22,11
2017,3,23,15
2017,3,24,15
2017,3,25,15
2017,3,26,15
2017,3,27,16.8
2017,3,28,16.4
2017,3,29,16.8
2017,3,30,16.6
2017,3,31,17.8
2017,4,2,14.8
2017,4,6,15.5
2017,4,7,17.7
2017,4,8,17
2017,4,9,16.3
2017,4,10,15.9
2017,4,14,16.8
2017,4,16,13
2017,4,17,15.3
2017,4,19,18.4
2017,4,20,16
2017,4,22,18
2017,4,23,17
2017,4,24,17
2017,4,25,18.4
2017,4,26,17.5
2017,4,27,18
2017,4,28,16.5
2017,4,29,15.4
2017,4,30,15
2017,5,2,13.5
2017,5,4,17.9
2017,5,5,16.6
2017,5,8,19.2
2017,5,10,16.9
2017,5,11,17.4
2017,5,12,18.5
2017,5,14,18.5
2017,5,15,18.5
2017,5,16,17.4
2017,5,17,18
2017,5,18,18.5
2017,5,19,19.4
2017,5,20,18.6
2017,5,22,17.5
2017,5,24,18.9
2017,5,26,19.2
2017,5,27,19
2017,5,28,18.5
2017,5,29,18
2017,5,30,20.4
2017,5,31,18.9
2017,6,4,20.2
2017,6,5,21.3
2017,6,6,21
2017,6,8,20.2
2017,6,13,20.2
2017,6,14,20.5
2017,6,18,20.6
2017,6,19,20
2017,6,20,20.6
2017,6,21,20
2017,6,22,20.5
2017,6,23,20.4
2017,6,24,20.8
2017,6,26,21.6
2017,6,29,21.3
2017,7,1,20.5
2017,7,3,21.8
2017,7,4,20.8
2017,7,5,21
2017,7,6,21.5
2017,7,7,20.8
2017,7,8,21.5
2017,7,9,21.6
2017,7,10,20.7
2017,7,11,20.8
2017,7,12,20.4
2017,7,13,19.7
2017,7,16,21.5
2017,7,17,21.6
2017,7,21,21
2017,7,22,21
2017,7,23,20.8
2017,7,26,20.3
2017,7,27,21
2017,7,29,21.5
2017,7,30,20.5
2017,7,31,20.7
2017,8,1,20.9
2017,8,5,21.8
2017,8,6,22
2017,8,7,21.9
2017,8,16,20.5
2017,8,18,20.4
2017,8,19,21.3
2017,8,20,21.3
2017,8,22,21.1
2017,8,24,21.4
2017,8,25,21.2
2017,8,26,21.2
2017,8,27,21
2017,8,28,20.9
2017,8,29,19.9
2017,9,2,19.6
2017,9,3,19.6
2017,9,5,20.7
2017,9,6,19.4
2017,9,9,20.8
2017,9,11,19.5
2017,9,12,20.2
2017,9,14,19.2
2017,9,15,20
2017,9,16,20.7
2017,9,17,21.3
2017,9,18,20
2017,9,19,20.2
2017,9,20,20.7
2017,9,21,19.6
2017,9,23,19.5
2017,9,24,21.3
2017,9,27,17.9
2017,9,28,19.5
2017,9,29,20.4
2017,9,30,19.3
2017,10,1,20
2017,10,2,20
2017,10,3,19
2017,10,6,19.8
2017,10,7,19.5
2017,10,8,18.8
2017,10,10,20.1
2017,10,11,18.7
2017,10,12,18.5
2017,10,13,18.4
2017,10,14,19.6
2017,10,16,17.4
2017,10,18,16.4
2017,10,19,16.4
2017,10,20,16.2
2017,10,23,17.5
2017,10,24,14.6
2017,10,25,14
2017,10,26,13.5
2017,10,27,14.3
2017,10,28,14.4
2017,11,5,13.2
2017,11,7,13
2017,11,8,13.2
2017,11,9,12.4
2017,11,11,12.5
2017,11,12,11.8
2017,11,13,12
2017,11,14,12
2017,11,15,12
2017,11,16,11.8
2017,11,17,11.9
2017,11,18,12.2
2017,11,19,12.7
2017,11,20,12.9
2017,11,21,12.7
2017,11,23,10.6
2017,11,24,10.6
2017,11,25,10.8
2017,11,26,11.3
2017,11,27,10.8
2017,11,28,10.5
2017,11,30,9.8
2017,12,1,9.5
2017,12,4,9.9
2017,12,5,10.4
2017,12,7,10.2
2017,12,8,10.5
2017,12,9,11.4
2017,12,12,11.6
2017,12,13,10.7
2017,12,15,9.5
2017,12,16,10.3
2017,12,17,9.6
2017,12,19,10.2
2017,12,21,10.7
2017,12,22,10.3
2017,12,25,9.6
2017,12,26,9.8
2017,12,27,9.3
2017,12,29,8.6
2017,12,30,8.5
2017,12,31,8.6
2018,1,1,8.8
2018,1,2,8.5
2018,1,3,7.8
2018,1,4,7.7
2018,1,6,5.8
2018,1,8,4
2018,1,10,5.4
2018,1,11,5.9
2018,1,12,6.5
2018,1,13,8
2018,1,14,8
2018,1,15,8.4
2018,1,16,7.5
2018,1,19,8
2018,1,20,3.6
2018,1,21,8.9
2018,1,22,9.3
2018,1,23,8.9
2018,1,24,9.1
2018,1,26,7
2018,1,29,5.8
2018,1,30,7.2
2018,2,1,8
2018,2,2,8.9
2018,2,3,9.4
2018,2,4,8.7
2018,2,5,9.4
2018,2,7,10.2
2018,2,8,9.5
2018,2,10,8
2018,2,11,8.4
2018,2,12,9.3
2018,2,13,10.4
2018,2,15,8.4
2018,2,16,8.8
2018,2,17,11
2018,2,18,10.1
2018,2,19,10.3
2018,2,21,10.6
2018,2,22,10.8
2018,2,23,11.3
2018,2,24,11.9
2018,2,25,12.8
2018,2,26,13.3
2018,2,27,13.6
2018,3,2,13.6
2018,3,3,11.8
2018,3,5,14.4
2018,3,6,15.6
2018,3,7,11.7
2018,3,8,12.5
2018,3,9,13
2018,3,10,12.8
2018,3,11,12.8
2018,3,13,11.5
2018,3,14,13.8
2018,3,15,14
2018,3,16,14.2
2018,3,17,13.7
2018,3,18,11.6
2018,3,20,14
2018,3,21,16
2018,3,22,15
2018,3,23,14.1
2018,3,24,13.4
2018,3,26,15.3
2018,3,28,15.6
2018,3,29,15.2
2018,3,30,14.6
2018,3,31,13.8
2018,4,1,13
2018,4,7,16
2018,4,9,14.6
2018,4,10,15.8
2018,4,11,15
2018,4,12,17.6
2018,4,13,15.6
2018,4,16,16.3
2018,4,18,15.7
2018,4,19,15.5
2018,4,20,16.4
2018,4,21,15.8
2018,4,22,17.2
2018,4,24,16.4
2018,4,25,16.7
2018,4,26,17.4
2018,4,27,14.4
2018,4,28,15.9
2018,4,29,16.9
2018,4,30,15.8
2018,5,1,15
2018,5,2,16.4
2018,5,3,17.3
2018,5,6,18
2018,5,7,18.8
2018,5,8,18
2018,5,10,17.4
2018,5,12,18.2
2018,5,13,18.5
2018,5,14,16
2018,5,15,15.3
2018,5,16,17
2018,5,18,18
2018,5,19,18.4
2018,5,20,18.9
2018,5,21,19.5
2018,5,22,20.9
2018,5,24,20.4
2018,5,31,18.2
2018,6,1,19.6
2018,6,2,19.5
2018,6,3,19.7
2018,6,4,14.3
2018,6,5,20.8
2018,6,7,21.1
2018,6,9,20.3
2018,6,10,21
2018,6,11,21.5
2018,6,12,20.8
2018,6,13,21.4
2018,6,14,20.3
2018,6,15,21
2018,6,17,19.9
2018,6,19,21
2018,6,20,22.2
2018,6,21,21.3
2018,6,23,21.8
2018,6,25,20.8
2018,6,26,21.5
2018,6,27,21.9
2018,6,28,20.5
2018,6,29,20.7
2018,6,30,20.7
2018,7,1,20.9
2018,7,2,20.5
2018,8,5,21.4
2018,8,6,21.6
2018,8,10,21
2018,8,14,21.1
2018,9,13,19.9
2018,11,7,11
2018,11,8,11.9
2018,11,11,11.5
2018,11,14,11.4
2018,11,18,9.8
2018,11,19,10
2018,11,21,11
2018,11,23,11
2018,11,24,10.5
2018,11,25,10.6
2018,11,26,10.3
2018,11,27,10.6
2018,11,28,10.6
2018,11,29,10.6
2018,11,30,11.3
2018,12,2,10.3
2018,12,3,10.1
2018,12,4,9.7
2018,12,5,10.1
2018,12,6,9.2
2018,12,7,9.2
2018,12,8,8
2018,12,10,8.5
2018,12,11,8.1
2018,12,13,8.4
2018,12,16,8.1
2018,12,17,11
2018,12,18,10.6
2018,12,19,6.8
2018,12,20,7.4
2018,12,27,7.5
2018,12,28,6.4
2018,12,30,5.6
2018,12,31,6.6
2019,1,1,5.9
2019,1,3,6
2019,1,4,5.3
2019,1,5,6.4
2019,1,7,8.3
2019,1,10,6
2019,1,11,7
2019,1,12,7.5
2019,1,14,7.7
2019,1,15,7
2019,1,16,6.9
2019,1,17,7.7
2019,1,18,8.3
2019,1,20,8.5
2019,1,22,8.7
2019,1,26,10.4
2019,1,27,9
2019,1,28,8.5
2019,1,29,7.1
2019,1,30,5.6
2019,2,1,10.3
2019,2,3,8.7
2019,2,4,8.5
2019,2,5,9.8
2019,2,6,10.2
2019,2,8,11
2019,2,10,5.2
2019,2,11,7.9
2019,2,12,8.7
2019,2,13,9.4
2019,2,14,10.5
2019,2,15,12
2019,2,16,7.4
2019,2,17,7.4
2019,2,20,9.8
2019,2,21,12
2019,2,22,11.2
2019,2,24,11.8
2019,2,25,11.2
2019,2,26,9.8
2019,2,27,10.5
2019,2,28,8.7
2019,3,2,7.6
2019,3,4,9.8
2019,3,5,10.5
2019,3,6,10.1
2019,3,7,8.6
2019,3,9,9
2019,3,10,10.5
2019,3,11,12
2019,3,12,11.7
2019,3,14,14.1
2019,3,15,15
2019,3,16,14.6
2019,3,17,13.4
2019,3,18,15.1
2019,3,19,9.3
2019,3,20,12
2019,3,21,12.5
2019,3,22,13.5
2019,3,25,15.8
2019,3,26,12.2
2019,3,27,12
2019,3,28,13.5
2019,3,29,16
2019,3,30,17
2019,3,31,15
2019,4,2,14.6
2019,4,3,15
2019,4,4,15.4
2019,4,9,14.5
2019,4,10,14.8
2019,4,11,15.7
2019,4,12,16.2
2019,4,13,18.4
2019,4,15,16.5
2019,4,16,17.7
2019,4,18,16
2019,4,19,15.3
2019,4,20,14.3
2019,4,21,16.7
2019,4,22,15.5
2019,4,23,12.7
2019,4,24,17
2019,4,25,18.2
2019,4,26,16.8
2019,4,27,20
2019,4,28,18.9
2019,4,30,18.3
2019,5,1,18.7
2019,5,2,18.7
2019,5,3,19
2019,5,4,18
2019,5,6,16.5
2019,5,7,18
2019,5,8,18.5
2019,5,9,18.5
2019,5,10,19.7
2019,5,11,19.8
2019,5,13,15.4
2019,5,14,18.4
2019,5,16,17
2019,5,17,18.5
2019,5,19,18.5
2019,5,20,18.7
2019,5,21,15.6
2019,5,22,18.7
2019,5,25,19
2019,5,27,19.3
2019,5,28,19
2019,5,29,19.5
2019,5,30,17.4
2019,5,31,17.7
2019,6,1,19.3
2019,6,2,19
2019,6,3,18.3
2019,6,4,18.5
2019,6,5,20.6
2019,6,6,21
2019,6,7,20.5
2019,6,8,20.5
2019,6,9,20.5
2019,6,10,20.4
2019,6,11,18.9
2019,6,12,20.4
2019,6,13,21.2
2019,6,16,22.4
2019,6,18,20
2019,6,21,20.9
2019,6,22,21.5
2019,6,23,21.6
2019,6,24,22
2019,6,25,22.5
2019,6,26,23
2019,6,27,20.8
2019,6,30,22
2019,7,1,20.4
2019,7,3,22
2019,7,4,21.4
2019,7,6,21.6
2019,7,8,21.4
2019,7,9,20.6
2019,7,10,21.6
2019,7,11,20.6
2019,7,12,19.8
2019,7,13,18.9
2019,7,14,19.5
2019,7,15,19.2
2019,7,16,19.6
2019,7,17,19.6
2019,7,18,21.4
2019,7,21,21.5
2019,7,24,21.2
2019,7,27,20.9
2019,7,28,21.6
2019,7,29,21.5
2019,7,30,20.8
2019,7,31,20.5
2019,8,1,20.4
2019,8,2,20
2019,8,3,20.9
2019,8,4,21.2
2019,8,5,21.8
2019,8,6,21.7
2019,8,8,21.2
2019,8,9,20.8
2019,8,10,20.5
2019,8,12,21.3
2019,8,13,20.6
2019,8,14,22
2019,8,16,21.6
2019,8,17,21.5
2019,8,18,21.2
2019,8,19,21.4
2019,8,20,20.3
2019,8,21,20.2
2019,8,22,20.5
2019,8,23,21
2019,8,25,20.2
2019,8,26,21
2019,8,27,20.4
2019,8,29,20.8
2019,8,30,21.8
2019,8,31,21
2019,9,1,21.4
2019,9,5,21.2
2019,9,6,20.6
2019,9,7,20.6
2019,9,8,21.5
2019,9,9,20.6
2019,9,10,21
2019,9,12,21.2
2019,9,13,20.4
2019,9,14,20.2
2019,9,15,19
2019,9,16,20.4
2019,9,17,19.4
2019,9,18,19.5
2019,9,19,18.7
2019,9,21,19
2019,9,22,19.1
2019,9,23,19.8
2019,9,24,19.4
2019,9,25,19.5
2019,9,26,18.7
2019,9,27,18.3
2019,9,29,17.4
2019,9,30,17
2019,10,2,18.6
2019,10,3,18.7
2019,10,5,18.4
2019,10,6,19.1
2019,10,8,17.9
2019,10,9,16.4
2019,10,10,16.9
2019,10,11,17
2019,10,12,16.6
2019,10,13,15.7
2019,10,15,15
2019,10,17,15.6
2019,10,18,15.9
2019,10,19,16.5
2019,10,20,17.2
2019,10,21,16.9
2019,10,22,15.9
2019,10,23,15.2
2019,10,24,16.4
2019,10,27,14.5
2019,10,29,14.3
2019,10,30,14
2019,11,5,13
2019,11,6,13.5
2019,11,7,14.4
2019,11,8,14.5
2019,11,9,14.2
2019,11,11,15.6
2019,11,12,14.6
2019,11,13,14.8
2019,11,14,14.3
2019,11,15,14.8
2019,11,16,14.4
2019,11,17,14.8
2019,12,11,8.5
2019,12,12,9.3
2019,12,13,10.5
2019,12,14,9
2019,12,15,7.7
2019,12,17,7.5
2019,12,18,7.5
2019,12,19,7.2
2019,12,20,7.6
2019,12,21,7.5
2019,12,22,6.6
2019,12,23,6.5
2019,12,29,5.8
2019,12,30,5.5
2020,1,2,8
2020,1,9,7.4
2020,1,10,7
2020,1,11,6.5
2020,1,12,7
2020,1,13,7.2
2020,1,14,7.8
2020,1,15,7.4
2020,1,16,8.2
2020,1,17,10.2
2020,1,18,8.3
2020,1,19,7
2020,1,22,5.5
2020,1,23,4.8
2020,1,24,5.4
2020,1,25,5.6
2020,1,27,6.9
2020,1,29,7.5
2020,1,30,8
2020,1,31,8.1
2020,2,2,6.5
2020,2,3,5.9
2020,2,6,6.7
2020,2,8,6.4
2020,2,11,7.5
2020,2,12,8
2020,2,13,8.5
2020,2,14,9.4
2020,2,15,10.3
2020,2,16,10.5
2020,2,20,11.4
2020,2,21,11
2020,2,24,11
2020,2,25,9.2
2020,2,26,9.2
2020,2,27,8
2020,2,28,10.2
2020,2,29,10.3
2020,3,1,10.8
2020,3,2,11.4
2020,3,3,10.3
2020,3,4,10.7
2020,3,5,10.6
2020,3,6,11.5
2020,3,7,11.4
2020,3,8,8.8
2020,3,9,11
2020,3,10,11.8
2020,3,11,11.9
2020,3,12,11.6
2020,3,15,10.6
2020,3,16,10.5
2020,3,18,11.5
2020,3,24,10.7
2020,3,26,14.6
2020,3,27,15.8
2020,3,28,15.2
2020,3,29,14.6
2020,3,30,14.4
2020,3,31,15.8
2020,4,1,15.4
2020,4,2,12.2
2020,4,3,14
2020,4,4,13.9
2020,4,5,13.3
2020,4,7,14.4
2020,4,8,15.2
2020,4,9,15.4
2020,4,10,13.4
2020,4,11,15.1
2020,4,12,15.1
2020,4,13,16.8
2020,4,14,16.7
2020,4,15,16.8
2020,4,16,15.5
2020,4,17,15.6
2020,4,18,15.6
2020,4,19,16.5
2020,4,20,15.8
2020,4,21,14.5
2020,4,22,13
2020,4,23,12.5
2020,4,24,14
2020,4,25,13.5
2020,4,27,15
2020,4,29,15.2
2020,4,30,16
2020,5,1,16.7
2020,5,2,16.5
2020,5,3,16.5
2020,5,4,17.4
2020,5,5,16.6
2020,5,6,16.4
2020,5,7,13.3
2020,5,8,13.9
2020,5,9,15.3
2020,5,10,17.4
2020,5,11,17.4
2020,5,12,16.7
2020,5,13,17.4
2020,5,15,18.8
2020,5,16,19.9
2020,5,17,20
2020,5,19,17.5
2020,5,20,18.3
2020,5,21,18
2020,5,22,18.8
2020,5,24,19.6
2020,5,25,19.9
2020,5,26,18.7
2020,5,27,16.5
2021,1,20,10.2
2021,1,22,8.4
2021,1,23,8
2021,1,24,7.5
2021,1,25,7.5
2021,1,26,7.3
2021,1,27,6.4
2021,2,2,7
2021,2,3,6.8
2021,2,4,8
2021,2,6,9
2021,2,7,7.4
2021,2,8,8
2021,2,10,9.3
2021,2,15,10
2021,2,17,9.5
2021,2,19,9.5
2021,3,1,14
2021,3,2,12
2021,3,3,11.9
2021,3,4,11
2021,3,5,12.5
2021,3,6,11.8
2021,3,7,12
2021,3,8,13.8
2021,3,9,12
2021,3,10,13.5
2021,3,11,11.5
2021,3,12,12
2021,3,13,15
2021,3,14,12.4
2021,3,15,14
2021,3,16,13.6
2021,3,18,14.4
2021,3,19,15
2021,3,20,15
2021,3,21,14.5
2021,3,22,15.5
2021,3,24,16.3
2021,3,25,15.2
2021,3,26,13.5
2021,3,27,14.5
2021,3,29,15
2021,3,30,14.9
2021,3,31,12.5
2021,4,1,14.2
2021,4,2,13
2021,4,3,14
2021,4,5,14.5
2021,4,7,16
2021,4,8,16.4
2021,4,9,15
2021,4,10,15.6
2021,4,11,16.4
2021,4,12,16.4
2021,4,13,16.5
2021,4,14,16.6
2021,4,15,18
2021,4,16,15
2021,4,17,14.5
2021,4,18,16
2021,4,19,14.5
2021,4,23,12
2021,4,24,15.5
2021,4,25,16.5
