,PRECTOT,PS,QV2M,RH2M,T2M,T2MWET,T2M_MAX,T2M_MIN,T2M_RANGE,TS,WS10M,WS10M_MAX,WS10M_MIN,WS10M_RANGE,WS50M,WS50M_MAX,WS50M_MIN,WS50M_RANGE
198101,72.67,80.25,4.02,60.16,4.92,-2.98,10.44,1.37,9.07,2.39,1.81,3.78,0.54,3.24,1.94,3.5,0.69,2.82
198102,4.36,80.18,3.99,47.73,8.16,-3.09,15.42,3.02,12.4,5.67,2.36,4.73,0.86,3.87,2.63,4.66,1.13,3.53
198103,32.78,80.19,4.99,47.57,11.3,0.1,18.0,5.94,12.06,10.82,2.44,5.05,0.62,4.43,2.63,4.7,0.77,3.94
198104,44.45,80.05,5.62,40.02,15.85,1.69,23.07,9.72,13.35,15.62,2.73,5.51,0.63,4.88,2.9,5.11,0.81,4.3
198105,74.66,79.93,8.37,49.25,18.89,7.52,25.22,13.16,12.06,19.73,2.59,5.4,0.47,4.93,2.71,4.91,0.63,4.28
198106,109.45,79.65,10.08,52.5,20.87,9.22,27.03,15.25,11.77,21.83,2.79,5.6,0.59,5.02,2.96,5.22,0.85,4.37
198107,536.75,79.66,15.3,87.29,19.2,16.62,22.63,16.22,6.42,19.88,2.4,4.51,0.75,3.76,2.71,4.27,1.15,3.12
198108,279.64,79.67,15.54,91.47,18.68,16.88,21.91,16.02,5.89,19.13,2.36,4.56,0.9,3.66,2.78,4.44,1.39,3.05
198109,157.63,80.09,13.36,88.01,16.97,14.47,20.59,14.18,6.41,17.02,2.03,4.12,0.48,3.64,2.31,3.93,0.73,3.19
198110,13.07,80.24,7.94,64.39,13.77,6.16,18.9,10.31,8.59,11.72,1.85,3.91,0.49,3.42,1.95,3.51,0.68,2.83
198111,32.85,80.28,5.62,59.3,9.58,0.88,15.2,5.91,9.29,7.07,1.82,3.56,0.53,3.03,1.96,3.16,0.62,2.54
198112,1.35,80.43,3.53,46.3,6.72,-4.75,13.01,3.06,9.95,3.23,1.86,4.01,0.56,3.45,2.01,3.75,0.72,3.02
198113,1359.65,80.05,8.23,61.29,13.77,5.28,19.29,9.55,9.75,12.87,2.25,4.56,0.62,3.94,2.46,4.26,0.85,3.41
198201,62.25,80.34,3.72,49.58,6.61,-4.02,12.74,2.74,10.01,3.82,1.92,3.91,0.6,3.31,2.13,3.71,0.74,2.98
198202,22.45,80.05,3.95,53.94,6.14,-3.34,12.82,1.45,11.36,4.29,2.2,4.68,0.66,4.02,2.47,4.55,0.88,3.67
198203,33.99,80.1,5.17,53.32,10.27,0.34,17.08,4.81,12.26,9.59,2.45,4.97,0.63,4.34,2.65,4.73,0.78,3.95
198204,21.22,79.99,6.0,43.12,15.73,2.79,22.63,9.77,12.86,15.98,2.9,5.69,0.88,4.81,3.23,5.57,1.15,4.42
198205,17.79,80.06,6.98,41.3,18.75,4.85,25.64,12.47,13.17,19.84,2.87,5.75,0.72,5.03,3.11,5.51,0.89,4.61
198206,114.6,79.66,10.73,56.28,20.66,10.91,26.37,15.31,11.07,22.19,2.61,5.29,0.5,4.79,2.68,4.73,0.69,4.04
198207,291.14,79.64,13.82,74.49,20.34,14.95,24.68,16.66,8.01,21.4,2.44,4.97,0.46,4.51,2.62,4.68,0.7,3.99
198208,160.75,79.73,14.79,86.22,18.85,16.08,22.41,15.99,6.42,19.29,2.16,4.27,0.5,3.78,2.39,4.0,0.74,3.26
198209,163.39,80.0,12.33,80.76,16.93,12.95,21.21,13.62,7.59,16.66,2.1,4.19,0.57,3.62,2.36,3.97,0.79,3.19
198210,2.31,80.4,8.38,68.0,13.77,7.35,19.03,10.02,9.01,12.86,1.96,3.99,0.55,3.45,2.08,3.47,0.68,2.79
198211,10.36,80.32,5.14,53.05,10.04,0.2,16.09,6.22,9.87,7.62,1.85,4.1,0.44,3.66,1.97,3.7,0.54,3.16
198212,9.61,80.28,3.27,40.63,7.53,-5.38,14.4,3.65,10.76,4.29,2.04,4.55,0.73,3.82,2.3,4.47,0.95,3.52
198213,909.86,80.05,7.88,58.43,13.84,4.85,19.63,9.44,10.19,13.2,2.29,4.7,0.6,4.09,2.5,4.42,0.79,3.63
198301,3.61,80.28,2.93,42.67,5.31,-6.68,11.94,1.4,10.54,2.94,1.95,4.58,0.58,4.0,2.09,4.14,0.73,3.42
198302,3.03,80.11,2.69,35.34,6.43,-7.72,13.52,1.64,11.88,4.9,2.33,5.05,0.68,4.37,2.52,4.69,0.75,3.94
198303,9.12,80.05,3.33,30.92,11.8,-5.31,19.79,5.47,14.33,11.22,3.12,6.56,0.97,5.59,3.57,6.62,1.2,5.42
198304,17.67,80.0,4.74,36.05,15.12,-0.7,22.43,9.07,13.36,15.68,3.11,6.47,0.95,5.52,3.46,6.35,1.25,5.1
198305,40.62,79.98,7.12,42.17,18.87,5.14,25.59,12.44,13.15,20.23,2.84,5.78,0.58,5.21,2.97,5.33,0.67,4.66
198306,88.77,79.79,8.46,44.16,21.1,7.01,27.59,14.74,12.85,22.38,2.91,5.78,0.84,4.95,3.14,5.45,1.1,4.35
198307,144.8,79.77,14.05,72.67,20.9,15.31,25.72,17.02,8.7,22.56,2.58,5.29,0.57,4.72,2.66,4.76,0.85,3.91
198308,134.23,79.86,14.74,83.0,19.45,16.13,23.53,16.32,7.21,20.36,2.38,4.88,0.53,4.36,2.64,4.63,0.86,3.78
198309,193.69,80.02,13.67,85.7,17.76,14.89,21.54,14.98,6.57,18.11,2.13,4.24,0.6,3.65,2.47,4.07,0.93,3.13
198310,119.96,80.2,9.72,74.83,14.23,9.01,18.9,10.76,8.14,13.54,1.88,3.77,0.46,3.31,2.03,3.37,0.65,2.72
198311,0.0,80.46,5.08,52.69,10.05,-0.09,16.21,6.1,10.11,7.37,1.88,3.86,0.59,3.27,1.95,3.3,0.67,2.63
198312,11.85,80.31,3.25,42.59,6.93,-5.65,13.53,3.28,10.24,3.58,1.88,4.01,0.59,3.41,2.05,3.71,0.73,2.98
198313,767.35,80.07,7.52,53.7,14.04,3.52,20.06,9.48,10.58,13.62,2.42,5.02,0.66,4.36,2.63,4.7,0.86,3.84
198401,5.93,80.09,2.76,39.92,5.32,-7.58,12.16,1.39,10.76,2.67,2.13,4.71,0.65,4.06,2.35,4.49,0.83,3.66
198402,28.97,80.12,2.93,37.18,7.22,-7.04,14.84,2.12,12.72,5.17,2.4,5.1,0.82,4.28,2.63,4.84,1.01,3.82
198403,2.87,80.07,3.82,30.69,13.75,-3.46,21.91,7.3,14.6,12.51,2.83,5.91,0.9,5.0,3.06,5.61,1.02,4.59
198404,4.84,79.97,4.42,28.79,17.18,-1.41,24.96,10.26,14.69,17.8,3.25,6.41,1.13,5.28,3.67,6.33,1.46,4.88
198405,17.02,79.76,6.33,33.28,20.82,2.06,28.36,13.63,14.73,22.05,2.99,6.04,0.7,5.34,3.08,5.43,0.82,4.61
198406,180.5,79.52,13.36,70.5,20.55,14.51,25.49,16.39,9.11,22.28,2.57,5.19,0.51,4.68,2.6,4.6,0.77,3.84
198407,267.61,79.65,14.52,84.49,18.88,15.84,22.74,15.73,7.01,19.91,2.51,4.87,0.67,4.2,2.71,4.53,1.02,3.51
198408,197.68,79.72,14.62,84.93,18.93,15.93,22.63,15.98,6.66,19.47,2.14,4.31,0.49,3.82,2.37,3.95,0.73,3.22
198409,216.56,79.99,12.49,85.28,16.34,13.27,20.36,13.44,6.92,16.28,2.3,4.46,0.86,3.6,2.63,4.22,1.28,2.95
198410,25.04,80.25,8.12,62.68,14.36,6.44,19.55,10.64,8.91,12.54,1.91,3.81,0.5,3.31,2.04,3.4,0.63,2.77
198411,1.1,80.41,4.29,46.55,9.48,-1.91,15.7,5.66,10.04,6.52,1.93,4.05,0.56,3.49,2.02,3.54,0.6,2.94
198412,5.83,80.12,3.33,41.08,7.6,-5.34,14.5,3.74,10.76,4.33,2.06,4.43,0.74,3.69,2.35,4.35,0.96,3.39
198413,953.94,79.97,7.6,53.83,14.22,3.47,20.28,9.71,10.57,13.48,2.42,4.94,0.71,4.23,2.62,4.61,0.92,3.68
198501,41.71,80.23,3.37,50.33,4.91,-5.35,11.44,0.59,10.86,2.27,1.94,3.71,0.6,3.11,2.16,3.58,0.7,2.88
198502,0.35,79.75,2.51,31.33,7.63,-8.57,15.72,2.33,13.39,4.8,2.52,5.37,0.75,4.62,2.72,5.1,0.92,4.18
198503,0.14,80.01,3.17,25.09,14.12,-5.82,22.71,7.39,15.32,12.85,3.14,6.52,1.14,5.39,3.57,6.57,1.43,5.14
198504,6.97,79.87,4.35,27.77,17.78,-1.61,25.72,10.79,14.93,18.33,3.26,6.62,0.98,5.64,3.65,6.5,1.21,5.28
198505,35.92,79.83,5.74,32.07,19.77,1.59,27.19,12.58,14.61,20.87,3.08,6.14,0.85,5.28,3.3,5.75,1.09,4.66
198506,69.1,79.52,9.8,48.49,21.65,9.49,27.72,16.07,11.64,23.55,2.8,5.68,0.57,5.11,2.87,5.13,0.75,4.37
198507,223.65,79.73,13.86,79.93,19.11,15.16,23.32,15.81,7.52,20.53,2.63,5.05,0.71,4.35,2.82,4.74,1.12,3.62
198508,145.75,79.74,14.8,84.59,19.18,16.14,23.08,16.08,7.01,20.02,2.26,4.5,0.56,3.93,2.48,4.13,0.87,3.25
198509,217.97,79.99,13.27,87.81,16.88,14.4,20.49,14.15,6.34,17.24,2.19,4.23,0.74,3.5,2.57,4.03,1.16,2.87
198510,98.78,80.27,10.03,81.22,13.67,9.75,17.81,10.73,7.08,12.87,1.75,3.7,0.47,3.23,1.87,3.25,0.63,2.62
198511,0.0,80.28,5.79,61.59,9.65,1.57,15.5,5.95,9.55,7.23,1.87,4.02,0.49,3.53,1.97,3.55,0.57,2.98
198512,12.11,80.29,4.34,52.19,8.06,-2.01,14.37,4.43,9.94,5.09,1.89,4.12,0.65,3.47,2.09,3.88,0.85,3.03
198513,852.45,79.96,7.62,55.38,14.4,3.8,20.44,9.78,10.66,13.85,2.44,4.97,0.71,4.26,2.67,4.68,0.94,3.74
198601,1.14,80.25,3.03,40.31,6.53,-6.45,13.25,2.5,10.75,3.45,2.04,4.3,0.77,3.53,2.22,3.92,0.95,2.98
198602,14.85,80.17,3.56,43.67,7.84,-4.49,14.81,3.03,11.78,6.08,2.4,5.02,0.76,4.26,2.59,4.7,0.94,3.76
198603,4.93,80.06,3.84,35.75,11.83,-3.32,19.65,5.59,14.06,11.19,3.0,6.06,1.07,4.99,3.35,5.94,1.32,4.62
198604,10.55,79.99,4.46,30.65,16.44,-1.27,23.89,9.85,14.04,16.92,3.03,6.04,0.82,5.22,3.32,5.84,1.03,4.81
198605,19.47,79.9,5.25,31.88,18.42,0.35,25.59,11.59,14.0,19.61,2.95,5.92,0.62,5.3,3.08,5.47,0.75,4.72
198606,129.76,79.62,10.03,50.63,21.31,8.69,27.56,15.57,11.99,23.15,2.74,5.61,0.43,5.18,2.72,4.93,0.61,4.31
198607,275.4,79.73,14.35,83.87,18.84,15.66,22.59,15.79,6.8,19.74,2.56,4.93,0.74,4.19,2.9,4.75,1.22,3.53
198608,116.58,79.82,14.2,83.3,18.79,15.5,22.83,15.61,7.22,19.44,2.22,4.46,0.47,3.99,2.38,4.13,0.73,3.4
198609,95.91,80.08,11.95,78.3,17.1,12.82,21.58,13.7,7.87,17.56,2.07,4.34,0.46,3.88,2.24,3.98,0.69,3.29
198610,23.36,80.32,7.6,61.51,13.52,5.41,19.24,9.44,9.81,12.51,2.01,4.3,0.44,3.86,2.09,3.79,0.54,3.25
198611,0.39,80.36,3.8,37.92,10.75,-3.34,17.67,6.48,11.18,7.81,2.0,4.45,0.52,3.93,2.11,3.97,0.61,3.35
198612,30.53,80.43,3.26,43.06,6.71,-5.58,13.35,2.68,10.67,3.87,1.93,3.81,0.59,3.22,2.08,3.44,0.68,2.76
198613,722.87,80.06,7.13,51.83,14.03,2.88,20.18,9.35,10.84,13.47,2.41,4.93,0.64,4.29,2.59,4.57,0.84,3.73
198701,13.77,80.41,2.84,37.53,6.63,-7.16,13.65,2.35,11.31,3.58,2.05,4.21,0.56,3.65,2.17,3.79,0.71,3.07
198702,4.5,80.37,3.3,37.57,8.84,-5.18,16.2,3.83,12.37,7.3,2.38,5.12,0.72,4.4,2.54,4.68,0.91,3.77
198703,3.87,80.11,3.85,35.02,12.26,-3.08,20.02,6.27,13.75,11.87,2.8,5.92,0.77,5.15,3.02,5.55,0.93,4.63
198704,2.56,80.08,3.95,26.39,16.9,-3.29,24.73,10.09,14.64,17.58,3.07,6.32,0.8,5.52,3.32,6.0,1.0,4.99
198705,39.88,80.09,6.0,36.93,18.68,2.81,25.71,12.38,13.34,19.79,2.97,5.99,0.88,5.11,3.17,5.64,1.1,4.55
198706,15.06,79.7,7.44,34.7,22.73,5.5,29.89,15.84,14.04,24.67,2.95,5.99,0.52,5.47,2.98,5.27,0.7,4.58
198707,246.76,79.65,13.99,73.96,20.63,15.09,25.41,16.7,8.71,22.13,2.51,5.17,0.39,4.77,2.53,4.57,0.61,3.96
198708,199.09,79.76,14.81,84.81,19.15,16.15,23.26,16.01,7.26,20.01,2.34,4.87,0.51,4.35,2.56,4.51,0.82,3.69
198709,152.43,80.06,13.24,83.52,17.57,14.16,21.69,14.49,7.19,17.62,1.92,4.08,0.33,3.75,2.01,3.6,0.45,3.15
198710,94.76,80.33,7.99,65.59,13.63,6.25,19.13,9.82,9.31,12.13,2.01,4.13,0.52,3.61,2.15,3.74,0.66,3.07
198711,0.0,80.36,4.08,38.38,11.51,-3.01,18.26,7.49,10.77,7.53,1.85,3.91,0.61,3.3,1.95,3.48,0.75,2.73
198712,8.83,80.5,3.21,36.0,9.14,-5.86,16.31,5.1,11.2,5.06,1.86,4.05,0.64,3.41,1.96,3.58,0.8,2.79
198713,781.51,80.12,7.09,49.33,14.83,2.76,21.2,10.06,11.14,14.13,2.39,4.98,0.6,4.37,2.53,4.53,0.79,3.75
198801,34.06,80.26,3.11,39.47,7.28,-6.18,14.52,2.98,11.54,3.98,2.09,4.36,0.72,3.64,2.27,4.05,0.94,3.11
198802,6.07,80.19,3.39,36.95,9.55,-5.03,16.87,4.42,12.45,7.71,2.28,4.84,0.63,4.21,2.45,4.47,0.76,3.71
198803,26.97,79.98,4.1,37.36,12.23,-2.67,20.13,5.95,14.17,11.65,2.91,6.13,0.95,5.18,3.22,5.93,1.23,4.7
198804,17.48,80.14,4.28,26.84,17.85,-2.0,25.78,10.78,14.99,18.04,3.02,5.96,0.76,5.21,3.24,5.63,0.85,4.79
198805,27.16,79.84,5.96,32.14,20.47,2.04,28.01,13.15,14.86,21.58,2.99,6.06,0.67,5.4,3.12,5.55,0.84,4.71
198806,86.94,79.76,11.12,56.85,20.98,11.33,26.92,15.43,11.5,22.83,2.69,5.47,0.45,5.02,2.65,4.74,0.62,4.11
198807,457.96,79.75,15.3,87.33,19.2,16.66,22.74,16.39,6.35,20.04,2.44,4.55,0.69,3.87,2.75,4.34,1.14,3.2
198808,349.3,79.77,15.31,90.79,18.59,16.67,21.84,15.88,5.95,19.11,2.29,4.34,0.76,3.58,2.63,4.08,1.2,2.88
198809,69.0,80.02,14.07,87.85,17.8,15.18,21.68,14.75,6.93,17.98,2.09,4.1,0.63,3.47,2.37,3.82,0.97,2.85
198810,11.3,80.19,8.81,68.35,14.35,7.59,19.37,10.74,8.63,12.98,1.89,3.85,0.49,3.36,1.98,3.34,0.61,2.73
198811,0.0,80.49,5.16,51.92,10.49,0.36,16.54,6.49,10.05,8.09,1.91,3.75,0.63,3.12,2.03,3.3,0.77,2.53
198812,15.14,80.47,3.95,46.67,8.45,-2.97,14.44,4.84,9.6,5.52,1.78,3.82,0.55,3.27,1.92,3.41,0.68,2.73
198813,1101.38,80.07,7.9,55.3,14.78,4.28,20.73,10.16,10.57,14.13,2.37,4.77,0.66,4.11,2.55,4.39,0.88,3.5
198901,30.88,80.06,2.91,42.14,5.39,-7.08,12.52,1.32,11.2,2.22,2.15,4.55,0.77,3.78,2.45,4.47,1.03,3.45
198902,11.49,80.03,3.0,37.84,7.29,-6.51,15.01,2.07,12.95,5.62,2.95,6.19,1.24,4.95,3.49,6.34,1.61,4.73
198903,7.65,80.05,3.65,33.51,11.91,-4.14,19.69,5.95,13.73,11.1,2.87,5.92,1.01,4.91,3.22,5.84,1.25,4.58
198904,4.13,79.87,3.07,20.68,16.68,-6.09,25.38,8.97,16.42,16.75,3.68,7.29,1.22,6.07,4.28,7.5,1.62,5.88
198905,31.3,79.87,6.12,32.72,20.42,1.58,27.9,13.49,14.41,21.56,3.03,6.19,0.7,5.49,3.2,5.79,0.85,4.94
198906,159.67,79.74,11.8,62.27,20.57,12.4,26.15,15.48,10.66,22.38,2.63,5.32,0.46,4.86,2.68,4.72,0.65,4.07
198907,234.9,79.75,14.75,83.54,19.34,16.07,23.33,15.89,7.44,20.43,2.57,5.03,0.67,4.36,2.82,4.71,1.02,3.69
198908,182.61,79.85,14.6,87.1,18.51,15.93,22.19,15.49,6.7,19.25,2.21,4.19,0.72,3.47,2.47,3.83,1.16,2.67
198909,72.53,80.0,13.69,84.74,17.95,14.95,22.06,14.81,7.25,18.51,2.04,4.27,0.44,3.83,2.25,3.91,0.63,3.28
198910,5.72,80.28,7.65,56.93,14.76,5.57,20.72,10.41,10.31,13.71,2.07,4.13,0.56,3.57,2.16,3.54,0.69,2.86
198911,2.64,80.45,3.72,39.37,9.96,-3.66,17.01,5.54,11.47,7.63,2.17,4.7,0.66,4.03,2.35,4.3,0.83,3.47
198912,8.99,80.44,2.83,36.59,7.24,-7.1,14.07,3.46,10.61,4.24,1.95,4.3,0.53,3.77,2.04,3.74,0.68,3.06
198913,752.52,80.03,7.34,51.56,14.2,2.72,20.52,9.45,11.08,13.65,2.52,5.16,0.75,4.42,2.78,4.88,1.0,3.88
199001,0.29,80.22,2.66,28.97,9.26,-7.76,17.35,4.56,12.8,6.08,2.32,5.36,0.69,4.68,2.56,5.16,0.91,4.25
199002,37.98,80.15,3.92,49.6,7.49,-3.45,14.11,3.06,11.05,6.66,2.31,4.95,0.64,4.31,2.5,4.59,0.8,3.78
199003,5.21,80.19,3.96,40.26,10.49,-2.91,17.68,4.83,12.85,10.29,2.71,5.53,0.73,4.8,2.89,5.12,0.9,4.21
199004,8.66,79.88,3.78,26.35,16.55,-3.44,24.52,9.52,15.0,17.03,3.25,6.55,0.88,5.68,3.61,6.36,1.06,5.3
199005,29.03,79.89,7.98,42.9,20.31,6.54,26.8,14.02,12.78,21.95,2.83,5.91,0.47,5.44,2.91,5.39,0.63,4.76
199006,143.09,79.61,11.05,54.61,21.89,10.63,27.8,16.45,11.35,23.62,2.74,5.6,0.45,5.16,2.75,4.97,0.62,4.35
199007,464.94,79.62,15.21,87.22,19.11,16.56,22.53,16.43,6.1,19.95,2.38,4.72,0.67,4.05,2.58,4.38,1.02,3.36
199008,159.45,79.93,14.86,89.25,18.41,16.2,21.85,15.61,6.24,18.9,2.17,4.29,0.71,3.58,2.43,3.96,1.08,2.88
199009,127.26,80.03,13.86,89.14,17.33,15.08,20.97,14.58,6.39,17.64,1.96,3.94,0.62,3.32,2.25,3.65,0.97,2.69
199010,7.6,80.33,8.95,71.45,13.64,7.67,18.53,10.06,8.47,12.62,1.86,3.84,0.45,3.39,1.97,3.38,0.58,2.81
199011,0.06,80.44,5.18,49.24,11.43,0.36,17.64,7.26,10.38,8.61,1.9,3.68,0.58,3.1,2.05,3.27,0.69,2.58
199012,4.48,80.46,3.56,43.11,8.0,-4.34,14.38,4.32,10.06,4.82,1.84,3.75,0.57,3.18,2.03,3.48,0.72,2.76
199013,988.05,80.06,7.94,56.07,14.52,4.31,20.37,10.09,10.28,14.05,2.36,4.84,0.62,4.22,2.54,4.47,0.83,3.64
199101,5.51,80.19,3.1,44.15,5.68,-6.16,12.35,1.77,10.59,3.34,2.0,4.43,0.56,3.87,2.15,4.03,0.64,3.39
199102,1.56,80.3,3.22,35.96,9.11,-5.6,16.52,3.83,12.69,7.59,2.52,5.13,0.98,4.15,2.82,4.97,1.18,3.79
199103,14.47,80.19,3.64,32.38,12.84,-3.95,20.55,6.75,13.79,12.2,2.77,5.6,0.86,4.73,3.04,5.31,1.04,4.27
199104,0.8,80.07,3.44,23.2,16.77,-4.73,24.74,9.76,14.98,17.25,3.13,6.25,0.81,5.43,3.44,6.03,1.0,5.02
199105,28.33,79.96,4.84,24.82,21.08,-0.36,28.9,13.48,15.42,22.26,3.3,6.76,0.8,5.96,3.58,6.49,0.96,5.53
199106,31.49,79.7,11.33,57.82,21.2,11.82,26.98,16.13,10.85,23.24,2.73,5.67,0.5,5.17,2.74,5.0,0.7,4.3
199107,134.47,79.63,14.41,74.33,20.84,15.71,25.74,16.97,8.77,22.47,2.62,5.17,0.64,4.53,2.77,4.71,1.04,3.67
199108,175.34,79.77,14.82,84.79,19.16,16.19,23.09,16.21,6.88,20.1,2.51,4.91,0.78,4.13,2.87,4.63,1.34,3.28
199109,141.16,80.05,13.45,85.2,17.59,14.5,21.67,14.52,7.15,17.89,2.13,4.51,0.47,4.04,2.25,4.01,0.68,3.33
199110,1.89,80.24,7.3,55.87,14.5,5.0,20.64,10.4,10.24,13.13,2.04,4.42,0.49,3.93,2.1,3.83,0.58,3.25
199111,1.64,80.45,3.7,39.13,9.88,-3.92,16.67,5.8,10.87,7.2,2.0,4.42,0.61,3.81,2.12,3.94,0.74,3.21
199112,37.41,80.35,3.35,43.1,7.35,-5.31,13.88,3.59,10.3,4.34,1.85,4.12,0.58,3.54,1.99,3.67,0.72,2.95
199113,574.07,80.07,7.24,50.17,14.69,2.82,21.0,9.97,11.03,14.28,2.47,5.11,0.67,4.44,2.65,4.72,0.88,3.83
199201,1.62,80.37,3.14,40.16,6.92,-6.03,14.0,2.63,11.37,4.07,2.05,4.71,0.67,4.05,2.21,4.39,0.83,3.56
199202,1.9,80.02,2.77,36.19,6.71,-7.54,14.28,1.84,12.44,5.09,2.49,5.64,0.78,4.86,2.71,5.29,0.9,4.39
199203,1.61,80.06,3.21,26.13,13.6,-5.72,22.16,7.24,14.92,13.1,3.75,7.73,1.53,6.2,4.56,8.13,2.15,5.99
199204,0.13,80.09,3.33,21.01,17.7,-5.13,26.1,10.53,15.57,18.25,3.57,7.04,1.28,5.76,4.08,7.01,1.73,5.28
199205,17.5,79.93,5.45,32.7,19.0,0.86,26.17,12.21,13.96,20.31,3.07,6.22,0.67,5.55,3.24,5.78,0.83,4.95
199206,118.13,79.7,9.63,49.46,21.02,8.67,27.11,15.39,11.72,22.69,2.78,5.64,0.48,5.17,2.8,5.0,0.64,4.36
199207,174.66,79.75,13.27,74.79,19.55,14.37,24.14,15.74,8.41,20.72,2.67,5.29,0.62,4.68,2.9,4.91,0.96,3.96
199208,181.4,79.87,14.57,85.97,18.7,15.95,22.5,15.81,6.68,19.46,2.31,4.54,0.72,3.83,2.59,4.21,1.16,3.05
199209,121.77,80.02,12.96,82.33,17.52,14.0,21.93,14.14,7.79,17.86,2.11,4.38,0.48,3.9,2.24,3.87,0.69,3.17
199210,75.27,80.26,8.5,66.74,14.06,7.33,19.37,10.33,9.04,13.06,1.94,3.99,0.49,3.5,2.05,3.49,0.63,2.87
199211,2.66,80.49,5.22,52.12,10.62,0.5,17.01,6.48,10.53,8.28,1.89,4.06,0.55,3.5,1.98,3.54,0.66,2.88
199212,0.19,80.44,3.18,39.87,7.45,-5.77,14.23,3.65,10.58,4.18,1.94,4.25,0.64,3.61,2.06,3.78,0.73,3.05
199213,696.84,80.08,7.12,50.69,14.42,2.66,20.76,9.69,11.07,13.94,2.55,5.29,0.74,4.55,2.79,4.95,0.99,3.96
199301,6.55,80.15,3.08,42.24,6.19,-6.37,13.42,1.99,11.43,3.89,2.29,5.17,0.85,4.32,2.63,5.12,1.1,4.03
199302,3.79,80.24,3.06,33.14,9.42,-6.31,16.68,4.53,12.15,7.42,2.36,5.21,0.7,4.51,2.5,4.67,0.88,3.79
199303,33.9,80.15,3.41,35.3,10.32,-5.11,18.1,4.45,13.65,9.61,2.99,6.2,1.03,5.16,3.37,6.05,1.34,4.7
199304,10.46,80.15,4.51,31.78,16.06,-1.36,23.67,9.61,14.06,16.32,3.0,6.04,0.8,5.24,3.22,5.65,1.0,4.65
199305,25.08,79.91,5.9,32.88,19.89,1.85,27.16,12.99,14.18,21.05,2.99,6.23,0.55,5.68,3.12,5.74,0.69,5.05
199306,130.1,79.74,10.79,55.55,21.0,11.0,26.88,15.66,11.23,22.75,2.74,5.79,0.49,5.3,2.78,5.19,0.67,4.52
199307,148.62,79.66,14.45,76.27,20.47,15.8,25.19,16.53,8.66,22.06,2.94,5.53,0.78,4.74,3.13,5.1,1.16,3.94
199308,99.65,79.75,14.49,80.31,19.69,15.85,24.31,16.14,8.17,20.93,2.48,5.02,0.51,4.51,2.58,4.52,0.77,3.74
199309,120.98,80.06,13.03,85.95,16.97,14.17,20.78,14.25,6.53,17.41,2.04,4.17,0.65,3.52,2.37,3.93,0.99,2.94
199310,1.86,80.37,6.61,48.94,14.71,3.02,21.07,10.35,10.72,13.16,2.11,4.55,0.48,4.07,2.18,3.98,0.57,3.4
199311,0.28,80.38,3.84,36.18,11.5,-3.47,18.48,7.32,11.16,8.63,2.01,4.62,0.61,4.01,2.07,4.0,0.74,3.26
199312,0.01,80.43,2.16,24.43,8.92,-9.93,16.1,4.84,11.26,4.78,1.88,4.28,0.54,3.74,1.97,3.76,0.64,3.12
199313,581.28,80.08,7.14,48.67,14.62,2.47,21.01,9.91,11.09,14.03,2.49,5.23,0.67,4.57,2.66,4.81,0.88,3.93
199401,19.51,80.22,2.99,37.31,7.72,-6.83,15.13,3.17,11.96,5.31,2.22,4.88,0.7,4.18,2.46,4.66,0.91,3.75
199402,8.01,80.07,2.93,37.29,7.31,-6.99,14.91,2.25,12.66,6.02,2.59,5.77,0.8,4.96,2.82,5.49,0.99,4.5
199403,2.86,80.11,3.0,23.91,13.89,-6.32,22.48,7.34,15.15,13.11,3.09,6.6,0.93,5.67,3.39,6.37,1.19,5.18
199404,3.02,80.09,3.67,25.23,16.4,-4.05,24.25,9.77,14.48,17.25,3.15,6.73,0.77,5.97,3.46,6.51,0.99,5.52
199405,6.86,79.96,5.73,30.37,20.56,1.8,27.99,13.49,14.5,22.11,3.13,6.36,0.77,5.6,3.27,5.85,0.96,4.89
199406,100.94,79.59,11.12,55.14,21.88,10.54,27.67,16.58,11.09,23.85,2.84,5.71,0.38,5.33,2.79,5.02,0.53,4.49
199407,200.38,79.61,14.83,79.17,20.27,16.18,24.53,16.89,7.64,21.59,2.48,4.79,0.62,4.18,2.65,4.28,0.97,3.32
199408,105.08,79.82,14.73,83.26,19.38,16.07,23.38,16.35,7.03,20.2,2.27,4.56,0.56,3.99,2.52,4.23,0.93,3.3
199409,126.97,80.04,12.77,79.08,17.87,13.64,22.55,14.5,8.06,18.14,2.14,4.55,0.55,4.0,2.31,4.1,0.75,3.34
199410,3.42,80.36,6.73,52.55,14.23,3.86,20.47,9.9,10.57,12.85,2.1,4.48,0.5,3.99,2.18,3.95,0.6,3.35
199411,0.04,80.53,4.35,44.41,10.42,-1.53,17.13,6.15,10.98,8.35,2.1,4.52,0.67,3.85,2.18,3.89,0.76,3.13
199412,0.0,80.4,2.58,31.54,7.64,-8.3,15.08,3.42,11.65,4.42,2.14,4.76,0.69,4.07,2.32,4.33,0.91,3.42
199413,577.08,80.07,7.14,48.33,14.84,2.39,21.33,10.03,11.3,14.48,2.52,5.3,0.66,4.64,2.7,4.89,0.87,4.01
199501,11.37,80.28,2.59,38.72,4.95,-8.35,11.73,0.96,10.77,2.81,2.18,4.66,0.69,3.97,2.42,4.39,0.84,3.55
199502,14.97,80.14,3.07,38.08,7.5,-6.35,14.88,2.41,12.47,6.19,2.51,5.51,0.74,4.77,2.77,5.27,0.91,4.36
199503,4.29,80.17,3.39,29.96,12.31,-5.08,20.24,6.15,14.09,12.15,2.98,6.31,0.94,5.37,3.31,6.15,1.2,4.95
199504,4.43,80.09,3.47,22.3,16.99,-4.69,24.97,10.07,14.9,17.46,3.38,6.85,1.09,5.76,3.77,6.72,1.38,5.35
199505,9.98,79.91,5.76,29.04,21.25,1.23,28.73,14.07,14.66,22.81,3.21,6.48,0.76,5.72,3.41,6.01,0.93,5.08
199506,141.38,79.64,11.07,55.48,21.71,11.29,27.67,16.25,11.42,23.56,2.6,5.44,0.32,5.12,2.56,4.67,0.41,4.26
199507,177.59,79.63,14.74,81.21,19.77,16.07,23.95,16.29,7.65,21.02,2.57,5.0,0.67,4.33,2.76,4.57,1.05,3.52
199508,199.09,79.77,14.74,86.15,18.81,16.08,22.47,15.91,6.56,19.53,2.39,4.57,0.79,3.78,2.68,4.35,1.25,3.11
199509,49.67,80.01,13.41,83.87,17.8,14.6,22.12,14.58,7.54,18.45,2.35,4.83,0.6,4.23,2.63,4.54,0.93,3.61
199510,4.21,80.31,7.98,57.56,15.31,6.03,21.3,11.21,10.09,14.61,2.01,4.45,0.45,4.0,2.04,3.8,0.56,3.24
199511,32.4,80.29,4.26,41.17,10.94,-2.56,17.91,6.49,11.42,8.39,2.11,4.44,0.7,3.74,2.26,4.04,0.87,3.17
199512,2.78,80.42,3.13,38.71,7.68,-5.87,14.79,3.61,11.17,4.94,2.14,4.94,0.61,4.33,2.32,4.62,0.8,3.82
199513,652.15,80.05,7.33,50.28,14.62,2.75,20.92,9.87,11.05,14.36,2.54,5.29,0.7,4.59,2.74,4.92,0.93,4.0
199601,39.71,80.15,2.81,39.16,6.03,-7.48,13.13,1.79,11.35,3.18,2.3,5.1,0.83,4.27,2.58,4.94,1.08,3.86
199602,29.22,80.18,3.45,41.84,8.12,-4.96,15.17,3.24,11.93,6.3,2.55,5.3,0.9,4.4,2.86,5.2,1.1,4.09
199603,3.29,79.98,4.5,37.23,13.57,-1.23,21.3,7.6,13.7,13.2,3.06,6.53,0.99,5.54,3.46,6.44,1.27,5.17
199604,30.2,80.06,4.28,28.5,16.55,-2.63,24.31,9.67,14.64,16.7,2.98,6.03,0.91,5.12,3.2,5.65,1.16,4.49
199605,25.14,79.89,5.42,28.84,20.39,1.15,28.1,12.73,15.37,21.51,3.27,6.48,0.9,5.58,3.57,6.22,1.13,5.09
199606,83.92,79.79,11.86,62.19,20.58,12.37,25.91,15.98,9.93,22.56,2.78,5.73,0.54,5.2,2.81,5.14,0.82,4.32
199607,148.23,79.62,14.4,79.22,19.84,15.69,24.02,16.37,7.65,21.14,2.58,5.1,0.63,4.47,2.75,4.71,0.95,3.77
199608,205.31,79.85,14.41,85.57,18.61,15.76,22.3,15.77,6.52,19.42,2.24,4.48,0.6,3.88,2.48,4.12,0.95,3.16
199609,38.29,79.94,13.32,84.01,17.65,14.47,21.77,14.6,7.17,18.14,2.01,4.34,0.38,3.96,2.14,3.9,0.51,3.4
199610,46.77,80.25,8.94,69.77,14.34,8.19,19.34,10.85,8.49,13.88,1.96,4.2,0.53,3.67,2.09,3.79,0.68,3.11
199611,0.0,80.27,3.85,36.74,11.1,-3.57,18.18,6.88,11.31,8.13,2.05,4.54,0.58,3.96,2.15,4.05,0.72,3.33
199612,0.0,80.36,2.31,26.98,8.41,-9.41,16.06,4.34,11.72,4.32,1.96,4.48,0.55,3.93,2.06,3.95,0.71,3.25
199613,650.08,80.03,7.48,51.71,14.62,3.22,20.81,10.0,10.81,14.06,2.48,5.19,0.7,4.5,2.68,4.84,0.92,3.92
199701,5.16,80.19,2.34,33.46,5.81,-9.36,13.0,1.57,11.43,3.24,2.17,4.84,0.62,4.23,2.3,4.38,0.75,3.63
199702,0.01,79.96,2.22,29.35,6.77,-9.77,14.87,1.31,13.55,5.42,2.67,5.94,0.7,5.24,2.91,5.6,0.93,4.67
199703,1.58,80.16,3.11,27.3,12.48,-6.21,20.29,6.46,13.83,12.1,2.95,6.23,0.88,5.35,3.22,5.93,1.08,4.86
199704,26.84,80.16,4.95,38.52,14.76,-0.06,21.78,8.72,13.06,15.56,2.77,5.83,0.66,5.18,2.92,5.42,0.85,4.58
199705,7.08,79.94,4.84,28.16,19.18,-0.56,26.68,12.02,14.66,20.57,3.22,6.55,0.82,5.73,3.5,6.3,0.97,5.33
199706,33.66,79.73,9.95,50.03,21.3,9.9,27.53,15.37,12.17,23.66,3.02,6.03,0.6,5.43,3.08,5.44,0.8,4.64
199707,104.66,79.61,14.47,75.5,20.66,15.78,25.44,16.93,8.51,22.44,2.71,5.47,0.56,4.91,2.71,4.93,0.78,4.15
199708,96.07,79.81,13.99,77.08,19.82,15.28,24.52,16.08,8.44,21.18,2.46,5.09,0.53,4.56,2.57,4.61,0.81,3.81
199709,30.51,80.1,12.02,72.4,18.33,12.75,23.75,14.38,9.37,19.42,2.46,5.21,0.53,4.68,2.54,4.58,0.73,3.85
199710,5.9,80.49,6.68,55.11,13.61,4.28,19.61,9.4,10.21,13.69,2.11,4.51,0.51,4.0,2.2,3.98,0.63,3.35
199711,2.31,80.46,4.34,43.01,10.89,-1.97,17.64,6.6,11.05,9.51,2.06,4.63,0.59,4.04,2.18,4.11,0.66,3.45
199712,27.12,80.37,3.23,42.82,6.63,-6.13,13.39,2.41,10.98,4.03,1.97,4.27,0.58,3.69,2.12,3.91,0.7,3.21
199713,340.91,80.08,6.87,47.84,14.22,2.06,20.73,9.31,11.42,14.28,2.54,5.38,0.63,4.75,2.69,4.93,0.81,4.12
199801,2.81,80.23,2.46,32.83,6.36,-9.1,13.8,2.06,11.75,3.84,2.19,5.09,0.71,4.39,2.35,4.68,0.81,3.87
199802,3.68,80.26,3.18,37.43,8.22,-6.24,15.75,3.18,12.57,7.13,2.44,5.48,0.77,4.71,2.57,4.94,0.94,4.0
199803,26.15,80.14,3.83,38.01,10.92,-3.65,18.45,5.04,13.42,10.63,2.89,6.22,0.81,5.41,3.17,5.9,1.06,4.84
199804,14.91,80.2,4.5,30.12,16.93,-1.35,24.65,10.36,14.29,17.46,2.97,6.09,0.76,5.33,3.12,5.56,0.93,4.62
199805,11.64,80.01,6.83,35.5,21.02,4.15,28.3,14.09,14.21,22.63,2.92,6.04,0.55,5.49,2.96,5.31,0.68,4.63
199806,62.26,79.75,10.62,50.45,22.45,9.81,28.79,16.59,12.2,24.62,2.91,5.81,0.47,5.34,2.87,5.12,0.62,4.49
199807,226.67,79.66,15.29,81.61,20.27,16.67,24.65,16.83,7.83,21.74,2.64,5.11,0.64,4.46,2.79,4.68,0.99,3.69
199808,231.3,79.87,15.51,89.08,19.11,16.93,22.81,16.35,6.46,19.98,2.43,4.67,0.73,3.95,2.71,4.4,1.2,3.2
199809,81.87,80.12,13.86,84.48,18.22,15.09,22.56,14.97,7.59,18.72,2.1,4.33,0.49,3.84,2.27,3.85,0.74,3.11
199810,48.61,80.25,10.01,70.14,15.92,9.58,21.26,12.23,9.03,15.18,1.9,4.08,0.43,3.65,1.96,3.53,0.53,3.0
199811,1.29,80.37,5.5,49.51,12.26,0.78,18.55,8.18,10.37,9.89,1.91,3.93,0.59,3.34,2.0,3.42,0.72,2.7
199812,0.0,80.39,2.73,30.97,8.88,-7.57,16.14,4.79,11.35,5.08,1.95,4.33,0.53,3.79,2.01,3.71,0.62,3.09
199813,711.19,80.1,7.89,52.62,15.08,3.81,21.33,10.42,10.91,14.77,2.44,5.1,0.62,4.47,2.56,4.59,0.82,3.77
199901,14.0,80.17,2.69,36.21,6.59,-7.93,13.86,2.33,11.54,3.82,2.16,4.61,0.68,3.93,2.31,4.16,0.84,3.32
199902,0.74,80.43,3.13,31.37,10.83,-6.04,18.61,5.53,13.08,9.17,2.43,5.16,0.78,4.38,2.62,4.76,0.93,3.83
199903,0.33,79.91,2.28,18.57,13.72,-9.46,22.69,6.8,15.89,12.71,3.32,6.83,1.16,5.67,3.73,6.7,1.44,5.26
199904,7.02,79.97,2.16,13.03,18.67,-9.89,27.6,11.31,16.29,18.13,3.22,6.4,0.78,5.62,3.5,6.07,1.0,5.07
199905,44.74,79.8,7.3,40.13,19.98,4.98,27.03,13.27,13.76,21.27,2.88,5.93,0.54,5.39,2.95,5.35,0.68,4.67
199906,58.04,79.7,10.71,54.14,21.1,10.44,27.19,15.59,11.6,23.25,2.89,5.7,0.55,5.15,2.93,5.16,0.78,4.37
199907,81.02,79.58,13.92,72.34,20.72,15.21,25.67,16.82,8.85,22.71,2.8,5.67,0.48,5.2,2.83,5.13,0.71,4.43
199908,115.96,79.76,14.22,79.72,19.55,15.55,23.93,16.25,7.68,20.84,2.45,5.02,0.44,4.58,2.55,4.54,0.65,3.9
199909,45.86,80.04,13.55,82.67,18.2,14.82,22.51,15.06,7.45,19.09,2.14,4.55,0.46,4.09,2.26,4.08,0.71,3.37
199910,51.07,80.25,7.8,57.99,15.06,5.74,21.23,10.77,10.46,14.24,2.07,4.31,0.53,3.78,2.16,3.73,0.7,3.03
199911,0.0,80.35,3.61,33.27,11.66,-4.52,18.93,7.02,11.91,8.88,2.08,4.6,0.73,3.86,2.16,4.02,0.82,3.2
199912,0.98,80.37,2.58,30.7,8.34,-8.24,15.67,4.23,11.43,4.96,2.04,4.66,0.62,4.04,2.12,4.06,0.69,3.37
199913,419.75,80.02,7.02,45.96,15.38,1.77,22.08,10.44,11.65,14.94,2.54,5.29,0.64,4.64,2.68,4.81,0.83,3.98
200001,4.57,80.16,2.39,30.8,7.0,-9.17,14.54,2.61,11.93,4.44,2.28,5.16,0.75,4.4,2.45,4.77,0.9,3.87
200002,6.15,80.02,2.38,32.91,6.08,-9.53,13.55,1.07,12.48,5.08,2.61,5.41,0.93,4.49,2.85,5.11,1.12,4.0
200003,1.78,80.03,2.3,22.39,11.39,-9.31,19.61,4.74,14.87,10.98,2.93,6.03,0.78,5.26,3.18,5.71,0.94,4.77
200004,0.9,79.9,3.03,18.53,18.03,-6.68,26.36,10.76,15.6,18.28,3.31,6.73,0.99,5.74,3.62,6.5,1.27,5.23
200005,61.75,79.87,8.94,47.66,20.55,7.82,26.78,14.88,11.91,22.29,2.68,5.79,0.36,5.44,2.7,5.16,0.52,4.64
200006,145.12,79.69,13.09,71.62,19.94,14.16,24.52,15.99,8.53,21.48,2.82,5.43,0.7,4.73,2.97,5.03,1.02,4.01
200007,188.23,79.65,14.97,84.02,19.47,16.32,23.25,16.4,6.85,20.49,2.56,4.91,0.67,4.25,2.8,4.56,1.04,3.52
200008,270.55,79.76,14.69,83.64,19.26,16.05,23.46,16.0,7.45,20.2,2.47,4.97,0.55,4.41,2.69,4.58,0.87,3.71
200009,123.41,79.98,13.02,85.31,16.96,13.95,20.81,13.94,6.87,17.04,1.9,3.87,0.43,3.45,2.03,3.45,0.59,2.86
200010,0.19,80.21,8.25,61.32,15.04,6.86,20.72,11.05,9.66,13.43,1.97,4.09,0.41,3.69,2.02,3.53,0.5,3.03
200011,5.65,80.32,5.1,49.77,10.96,0.26,17.4,6.97,10.44,8.5,1.94,4.16,0.59,3.57,2.06,3.7,0.73,2.97
200012,0.08,80.27,2.85,33.4,8.41,-7.05,15.63,4.43,11.21,4.47,1.87,4.19,0.6,3.59,2.0,3.79,0.76,3.03
200013,808.38,79.99,7.6,51.83,14.45,2.85,20.57,9.93,10.64,13.91,2.44,5.06,0.64,4.42,2.61,4.66,0.85,3.8
200101,0.02,80.08,2.51,32.55,6.95,-8.67,14.51,2.6,11.91,3.92,2.19,4.96,0.74,4.22,2.41,4.67,0.97,3.7
200102,0.36,80.07,2.62,28.47,9.25,-8.36,17.15,3.86,13.3,7.15,2.5,5.38,0.8,4.58,2.71,5.07,1.02,4.05
200103,8.5,80.14,2.86,25.37,12.13,-7.15,20.22,5.8,14.43,11.6,2.79,5.73,0.83,4.9,3.05,5.4,0.98,4.42
200104,6.94,80.1,4.33,29.57,16.84,-1.84,24.33,10.15,14.18,17.47,3.08,6.22,0.76,5.46,3.37,6.03,0.98,5.05
200105,51.67,79.83,8.69,48.23,19.8,7.88,26.19,13.99,12.2,21.41,2.65,5.63,0.45,5.19,2.69,4.99,0.61,4.38
200106,107.88,79.63,13.05,69.06,20.45,14.11,25.41,16.31,9.1,22.35,2.54,5.11,0.52,4.59,2.52,4.47,0.74,3.73
200107,146.45,79.69,14.58,77.32,20.43,15.94,24.84,16.98,7.86,21.83,2.48,4.99,0.55,4.44,2.57,4.48,0.84,3.64
200108,192.22,79.83,14.92,82.18,19.8,16.3,24.14,16.44,7.7,20.84,2.36,4.92,0.38,4.53,2.48,4.5,0.58,3.93
200109,153.31,80.07,12.95,82.39,17.52,13.95,21.74,14.37,7.37,17.56,1.93,4.1,0.35,3.75,1.99,3.58,0.46,3.12
200110,26.04,80.28,8.59,64.61,14.83,7.42,20.28,11.02,9.26,13.66,1.99,4.19,0.61,3.58,2.14,3.75,0.79,2.96
200111,1.4,80.45,4.64,43.76,11.5,-1.16,18.15,7.34,10.81,8.54,1.95,4.34,0.6,3.74,2.02,3.82,0.74,3.07
200112,0.0,80.46,2.92,35.08,8.03,-6.73,15.13,4.15,10.98,4.56,1.98,4.5,0.58,3.92,2.08,3.99,0.73,3.26
200113,694.79,80.05,7.75,51.69,14.82,3.54,21.02,10.28,10.74,14.27,2.37,5.0,0.6,4.41,2.5,4.56,0.79,3.77
200201,14.01,80.26,3.15,43.53,6.17,-6.26,12.82,2.25,10.57,3.86,1.96,4.15,0.57,3.58,2.12,3.87,0.65,3.22
200202,18.54,80.39,3.19,36.25,8.85,-5.95,16.57,3.62,12.96,7.01,2.49,5.22,0.77,4.45,2.69,5.03,0.89,4.14
200203,5.45,80.2,3.72,32.37,13.02,-3.55,20.58,7.11,13.47,12.48,2.69,5.58,0.73,4.85,2.87,5.12,0.91,4.21
200204,0.44,80.07,4.08,26.12,17.55,-2.59,25.26,10.78,14.48,17.98,3.0,6.37,0.65,5.73,3.21,6.03,0.81,5.22
200205,30.85,79.83,7.54,41.66,20.13,4.88,26.98,13.79,13.19,21.68,2.85,6.17,0.51,5.65,2.91,5.6,0.7,4.9
200206,68.56,79.75,11.45,58.31,21.08,12.01,26.83,15.93,10.91,22.95,2.77,5.64,0.45,5.19,2.75,4.99,0.63,4.36
200207,107.32,79.61,12.75,63.3,21.6,13.71,26.92,17.22,9.69,23.22,2.72,5.56,0.52,5.04,2.79,5.08,0.72,4.36
200208,44.78,79.83,13.88,76.21,19.86,15.2,24.55,16.36,8.18,21.26,2.52,5.22,0.53,4.68,2.68,4.74,0.87,3.87
200209,82.57,80.14,11.68,73.67,17.73,12.47,22.77,13.98,8.79,18.53,2.34,4.82,0.52,4.3,2.53,4.43,0.78,3.64
200210,7.99,80.32,7.48,55.33,14.98,5.25,21.38,10.36,11.02,14.55,2.17,4.76,0.53,4.22,2.24,4.15,0.67,3.49
200211,1.61,80.38,4.07,38.49,11.58,-2.83,18.88,6.78,12.1,9.45,2.13,4.69,0.54,4.14,2.23,4.1,0.67,3.43
200212,22.38,80.31,2.64,31.71,8.22,-8.03,15.55,4.06,11.5,5.07,1.99,4.57,0.48,4.09,2.11,4.13,0.62,3.51
200213,404.5,80.09,7.16,48.16,15.09,2.91,21.61,10.22,11.39,14.87,2.47,5.23,0.57,4.66,2.59,4.77,0.74,4.03
200301,10.7,80.34,2.44,32.05,7.07,-9.34,14.83,2.48,12.34,3.68,2.2,4.75,0.72,4.03,2.36,4.4,0.91,3.48
200302,26.36,80.24,3.52,43.56,7.67,-4.84,15.01,2.55,12.47,6.3,2.44,5.13,0.69,4.44,2.61,4.74,0.81,3.93
200303,0.75,80.16,3.93,35.69,11.82,-3.21,19.39,5.94,13.46,11.59,2.73,5.87,0.69,5.19,2.87,5.37,0.88,4.49
200304,11.68,80.14,4.27,27.01,17.86,-1.91,25.6,11.19,14.41,18.53,2.96,6.1,0.71,5.39,3.13,5.64,0.91,4.73
200305,5.92,79.9,4.97,28.87,19.24,-0.31,26.59,12.25,14.34,20.46,3.05,6.21,0.71,5.5,3.21,5.8,0.89,4.91
200306,69.37,79.61,10.3,52.54,21.27,9.81,27.08,16.22,10.86,22.9,2.89,5.71,0.58,5.13,2.95,5.16,0.83,4.33
200307,176.9,79.81,14.78,80.61,19.96,16.19,24.25,16.67,7.58,21.33,2.62,5.22,0.61,4.61,2.79,4.87,0.92,3.95
200308,128.05,79.86,14.89,82.3,19.76,16.31,23.81,16.57,7.24,20.85,2.41,4.85,0.53,4.31,2.6,4.45,0.8,3.66
200309,86.99,80.04,13.84,84.36,18.18,15.07,22.22,15.18,7.04,18.84,2.11,4.47,0.52,3.95,2.3,4.07,0.81,3.26
200310,17.12,80.36,7.6,55.86,15.29,5.55,21.54,10.89,10.64,14.27,2.01,4.33,0.37,3.97,2.06,3.72,0.48,3.24
200311,0.0,80.39,4.33,40.8,11.32,-2.44,18.45,6.91,11.55,8.77,2.03,4.57,0.57,4.0,2.13,4.01,0.69,3.32
200312,3.74,80.41,3.26,40.15,7.66,-5.76,14.76,3.5,11.26,4.91,1.94,4.28,0.6,3.68,2.04,3.73,0.73,3.01
200313,537.57,80.1,7.37,50.36,14.79,2.97,21.15,10.06,11.09,14.4,2.45,5.12,0.61,4.52,2.59,4.66,0.81,3.86
200401,34.2,80.21,3.29,44.76,6.19,-5.74,13.05,1.9,11.15,4.0,2.0,4.55,0.59,3.97,2.12,4.06,0.71,3.35
200402,0.0,80.19,3.08,35.59,8.82,-6.2,16.49,3.76,12.74,6.73,2.42,5.28,0.8,4.48,2.54,4.74,0.99,3.74
200403,3.91,80.15,3.29,25.03,14.84,-5.39,23.3,8.4,14.91,13.87,3.1,6.3,1.09,5.21,3.45,6.05,1.4,4.64
200404,36.93,80.04,5.46,35.35,17.64,0.76,24.77,11.56,13.21,18.48,2.93,6.08,0.75,5.33,3.23,5.78,0.99,4.79
200405,70.79,79.84,7.45,41.59,19.72,5.29,26.56,13.57,13.0,20.68,2.87,6.05,0.63,5.42,3.0,5.6,0.82,4.78
200406,297.98,79.74,12.6,71.5,19.35,13.44,24.12,15.09,9.03,20.23,2.8,5.42,0.72,4.7,3.17,5.21,1.14,4.07
200407,400.81,79.68,14.85,88.12,18.57,16.17,22.02,15.61,6.41,19.25,2.31,4.5,0.66,3.85,2.54,4.24,1.01,3.23
200408,134.99,79.77,15.09,87.77,18.89,16.44,22.47,15.89,6.58,19.4,2.15,4.28,0.57,3.71,2.38,3.93,0.87,3.06
200409,165.3,80.14,13.58,86.38,17.53,14.77,21.31,14.57,6.74,17.73,1.96,4.1,0.44,3.66,2.11,3.78,0.62,3.16
200410,51.94,80.45,8.72,72.52,13.12,7.55,17.9,9.41,8.5,12.14,1.81,3.73,0.43,3.3,1.92,3.27,0.56,2.71
200411,7.26,80.45,5.29,56.46,9.79,0.75,15.53,5.83,9.7,7.17,1.8,3.79,0.56,3.23,1.89,3.29,0.64,2.65
200412,0.15,80.36,4.22,48.97,8.36,-2.5,14.63,4.67,9.96,5.12,1.72,3.81,0.53,3.28,1.82,3.34,0.66,2.67
200413,1204.28,80.09,8.09,57.91,14.41,4.64,20.19,10.04,10.15,13.75,2.32,4.82,0.65,4.18,2.51,4.44,0.87,3.57
200501,44.45,80.23,3.79,53.9,5.75,-3.75,11.84,1.9,9.94,3.51,1.89,3.91,0.54,3.37,2.12,3.71,0.71,2.99
200502,8.82,80.22,4.1,49.59,7.9,-2.66,14.94,2.71,12.23,6.52,2.53,4.92,0.89,4.04,2.93,4.98,1.15,3.82
200503,19.49,80.21,5.19,45.11,12.78,0.57,19.89,7.06,12.83,12.31,2.67,5.45,0.89,4.56,2.96,5.2,1.17,4.03
200504,14.79,80.25,4.43,31.25,16.12,-1.52,23.41,9.67,13.73,16.26,2.76,5.29,0.73,4.56,2.97,4.96,0.93,4.03
200505,30.81,79.93,6.33,39.67,18.41,3.35,25.17,12.0,13.17,19.4,2.81,5.59,0.67,4.93,2.99,5.28,0.87,4.41
200506,109.18,79.64,9.55,47.56,21.75,8.44,27.9,15.97,11.94,23.09,2.71,5.51,0.53,4.98,2.79,5.0,0.74,4.26
200507,521.3,79.75,15.2,87.03,19.16,16.57,22.63,16.21,6.42,19.99,2.65,4.96,0.89,4.07,3.02,4.73,1.45,3.28
200508,277.95,79.72,15.5,89.94,18.91,16.85,22.43,16.08,6.35,19.42,2.23,4.51,0.49,4.02,2.4,4.15,0.7,3.45
200509,92.89,80.12,13.86,87.73,17.59,15.07,21.17,14.77,6.4,17.7,2.03,3.95,0.63,3.32,2.36,3.68,1.0,2.69
200510,188.32,80.38,9.59,77.08,13.84,8.79,18.51,10.34,8.17,12.7,1.73,3.52,0.5,3.01,1.81,3.06,0.61,2.45
200511,0.0,80.33,5.02,53.68,9.65,-0.6,15.72,5.64,10.08,6.11,1.82,3.51,0.62,2.89,1.99,3.22,0.81,2.42
200512,2.19,80.31,3.57,43.74,7.79,-4.71,13.97,4.3,9.67,3.69,1.8,3.36,0.6,2.76,2.0,3.09,0.76,2.33
200513,1310.17,80.09,8.04,58.97,14.16,4.75,19.81,9.76,10.06,13.42,2.3,4.54,0.66,3.87,2.53,4.25,0.91,3.34
200601,0.0,80.27,3.25,38.93,7.97,-5.61,15.13,3.87,11.27,4.38,2.25,4.4,1.01,3.39,2.61,4.4,1.28,3.12
200602,0.0,80.26,4.33,41.92,11.28,-1.79,18.59,6.29,12.3,8.84,2.33,4.94,0.83,4.11,2.59,4.71,1.04,3.67
200603,45.95,80.17,4.4,42.35,11.44,-1.82,18.79,5.26,13.53,10.59,2.64,5.13,0.83,4.3,2.87,4.9,0.98,3.92
200604,13.96,80.07,5.38,38.66,15.77,0.97,22.8,9.65,13.15,16.09,2.67,5.33,0.6,4.73,2.86,4.96,0.79,4.17
200605,149.44,79.98,10.27,59.81,19.03,10.2,24.61,14.0,10.61,20.46,2.34,4.88,0.38,4.5,2.37,4.32,0.51,3.81
200606,292.63,79.82,12.9,76.1,18.71,13.8,23.02,14.73,8.29,19.31,2.41,4.69,0.58,4.11,2.57,4.32,0.83,3.49
200607,353.15,79.68,15.83,88.15,19.56,17.2,23.05,16.54,6.51,20.31,2.37,4.57,0.57,4.0,2.62,4.23,0.9,3.33
200608,205.87,79.87,14.88,87.63,18.73,16.25,22.23,15.76,6.47,19.25,2.23,4.26,0.65,3.61,2.57,4.04,1.06,2.98
200609,148.45,80.09,13.7,87.51,17.46,14.82,21.33,14.3,7.03,17.61,2.06,4.08,0.6,3.49,2.26,3.69,0.87,2.82
200610,39.85,80.44,9.15,72.45,14.08,8.38,19.01,10.36,8.64,12.9,1.84,3.7,0.38,3.32,1.93,3.24,0.47,2.76
200611,1.08,80.37,5.8,58.37,10.26,1.57,16.25,6.29,9.96,8.0,1.97,4.06,0.7,3.36,2.16,3.76,0.84,2.92
200612,14.74,80.39,4.05,47.58,8.39,-2.97,15.01,4.38,10.63,4.89,1.9,4.0,0.67,3.33,2.11,3.78,0.89,2.89
200613,1265.12,80.11,8.69,61.74,14.4,5.96,19.99,10.14,9.85,13.57,2.25,4.5,0.65,3.85,2.46,4.19,0.87,3.32
200701,0.0,80.33,2.85,35.99,7.25,-7.02,14.42,3.13,11.29,3.81,2.15,4.58,0.76,3.82,2.42,4.41,1.01,3.39
200702,130.45,80.17,4.47,60.89,6.21,-1.75,12.37,1.57,10.8,4.25,2.13,4.15,0.71,3.44,2.35,4.0,0.86,3.14
200703,50.87,80.17,5.15,51.44,10.7,-0.01,17.8,4.75,13.05,9.17,2.52,4.5,0.92,3.58,2.83,4.5,1.21,3.29
200704,33.37,80.17,6.83,44.74,17.11,4.39,23.8,11.37,12.43,16.93,2.68,5.31,0.8,4.51,2.91,5.0,1.01,3.99
200705,64.47,79.99,9.23,54.17,18.97,8.78,24.84,13.45,11.4,20.04,2.45,4.8,0.59,4.21,2.59,4.37,0.78,3.59
200706,116.99,79.76,12.4,65.58,20.55,13.21,25.77,15.94,9.83,21.97,2.6,5.29,0.47,4.83,2.73,4.84,0.68,4.16
200707,499.71,79.64,15.15,84.52,19.6,16.55,23.42,16.45,6.97,20.71,2.54,5.0,0.59,4.41,2.73,4.62,0.89,3.73
200708,353.59,79.79,15.26,90.54,18.58,16.62,21.8,15.73,6.07,19.02,2.23,4.41,0.59,3.82,2.48,4.1,0.91,3.2
200709,257.18,79.94,13.99,89.2,17.42,15.2,20.79,14.56,6.22,17.6,2.04,3.96,0.56,3.4,2.33,3.81,0.83,2.98
200710,38.45,80.25,9.82,76.03,14.38,9.07,19.11,10.88,8.23,13.01,1.78,3.57,0.45,3.12,1.86,3.12,0.57,2.55
200711,0.65,80.37,6.3,63.05,10.52,2.62,15.92,7.06,8.87,7.68,1.71,3.48,0.57,2.91,1.78,2.98,0.69,2.3
200712,0.3,80.27,3.65,44.91,7.68,-4.49,14.35,3.95,10.4,3.88,1.94,3.74,0.9,2.83,2.23,3.65,1.19,2.46
200713,1546.04,80.07,8.78,63.42,14.12,6.13,19.57,9.95,9.62,13.21,2.23,4.4,0.66,3.74,2.44,4.12,0.89,3.23
200801,2.62,80.14,3.61,49.11,6.12,-4.44,12.24,2.43,9.81,3.92,2.01,4.18,0.8,3.38,2.3,4.09,1.03,3.06
200802,3.76,80.11,3.38,43.75,6.84,-5.26,13.78,2.2,11.58,4.9,2.23,4.74,0.75,3.99,2.37,4.29,0.98,3.31
200803,4.1,80.09,3.94,35.21,12.48,-2.86,20.03,6.42,13.6,11.48,2.72,5.52,0.84,4.67,2.99,5.32,1.03,4.29
200804,29.46,80.09,4.88,34.8,16.44,-0.18,23.88,9.77,14.11,16.59,2.82,5.54,0.66,4.88,3.06,5.21,0.88,4.34
200805,79.18,79.85,8.08,48.02,18.84,6.7,25.0,13.13,11.87,20.12,2.71,5.56,0.65,4.9,2.89,5.26,0.85,4.42
200806,521.76,79.69,14.34,83.01,19.0,15.58,22.56,15.86,6.7,19.94,2.27,4.68,0.38,4.3,2.42,4.27,0.59,3.68
200807,525.72,79.67,15.51,90.98,18.74,16.87,21.7,16.12,5.57,19.29,2.28,4.25,0.77,3.48,2.56,3.98,1.19,2.78
200808,430.89,79.79,15.17,91.58,18.31,16.52,21.34,15.73,5.61,18.67,2.14,4.27,0.5,3.77,2.43,4.06,0.81,3.24
200809,195.78,80.04,13.24,87.2,16.98,14.24,20.66,14.05,6.61,16.88,1.85,3.77,0.41,3.37,2.01,3.43,0.6,2.83
200810,39.99,80.33,10.1,79.64,14.09,9.57,18.7,10.7,8.01,13.0,1.77,3.65,0.49,3.16,1.85,3.19,0.6,2.59
200811,1.38,80.4,6.62,62.39,11.43,3.03,17.05,7.88,9.17,8.46,1.67,3.51,0.59,2.92,1.75,3.07,0.7,2.37
200812,4.08,80.34,5.02,55.02,9.22,-0.5,15.31,5.75,9.56,5.88,1.78,3.74,0.59,3.15,1.94,3.44,0.78,2.66
200813,1838.71,80.05,8.67,63.46,14.06,5.81,19.37,10.03,9.34,13.28,2.19,4.45,0.62,3.83,2.38,4.13,0.84,3.3
200901,0.0,80.37,3.82,43.97,8.66,-3.65,15.47,4.57,10.9,5.47,2.11,4.11,0.87,3.24,2.36,3.97,1.15,2.81
200902,5.71,80.13,3.39,36.07,9.76,-5.03,17.37,4.48,12.88,7.45,2.71,5.48,1.05,4.43,3.07,5.34,1.28,4.06
200903,9.33,80.17,4.03,35.38,12.58,-2.89,20.2,6.49,13.71,11.7,2.65,5.33,0.79,4.54,2.89,5.02,0.9,4.12
200904,0.45,80.06,4.25,27.25,17.74,-2.06,25.5,11.08,14.42,17.88,2.94,5.95,0.74,5.21,3.11,5.53,0.91,4.62
200905,127.27,79.93,8.93,53.53,18.57,7.99,24.72,13.01,11.71,19.87,2.52,5.21,0.59,4.63,2.62,4.64,0.81,3.83
200906,117.05,79.71,9.98,51.78,20.81,9.56,26.89,15.12,11.77,21.94,2.7,5.48,0.54,4.94,2.79,4.95,0.73,4.22
200907,307.33,79.64,15.51,83.06,20.21,16.88,24.26,16.75,7.51,21.38,2.49,4.83,0.62,4.21,2.67,4.46,0.96,3.5
200908,359.83,79.87,15.3,89.73,18.76,16.65,22.03,15.99,6.04,19.23,2.13,4.15,0.58,3.57,2.41,3.9,0.91,2.99
200909,120.61,80.07,13.79,87.58,17.58,14.95,21.17,14.66,6.5,17.63,1.95,4.0,0.44,3.56,2.13,3.65,0.61,3.04
200910,104.26,80.28,8.62,68.46,13.85,7.0,18.73,10.22,8.51,12.16,1.94,3.65,0.7,2.95,2.16,3.38,0.93,2.45
200911,4.26,80.37,5.59,55.62,10.58,1.07,16.56,6.65,9.91,7.89,1.89,3.76,0.56,3.21,2.09,3.48,0.72,2.77
200912,5.71,80.29,4.05,49.06,7.67,-3.03,14.02,3.9,10.11,4.68,1.88,4.11,0.64,3.47,2.05,3.77,0.81,2.96
200913,1161.81,80.07,8.14,56.97,14.75,4.86,20.58,10.27,10.31,13.97,2.32,4.66,0.67,3.99,2.52,4.33,0.89,3.44
201001,1.84,80.37,3.33,41.16,7.6,-5.34,14.54,3.55,10.99,4.28,1.99,4.22,0.64,3.58,2.1,3.73,0.77,2.96
201002,15.53,80.21,3.56,42.12,8.12,-4.52,15.28,2.97,12.31,6.11,2.35,4.83,0.71,4.12,2.55,4.58,0.83,3.75
201003,0.2,80.19,4.38,34.68,14.24,-1.58,22.1,8.0,14.09,13.28,2.92,5.88,1.09,4.79,3.26,5.71,1.37,4.34
201004,1.48,80.12,4.38,25.42,18.92,-1.68,26.86,11.69,15.17,19.24,3.15,6.17,1.03,5.13,3.49,5.93,1.33,4.6
201005,33.69,79.9,7.43,40.56,20.3,5.37,27.24,13.62,13.63,21.55,3.0,6.22,0.65,5.56,3.25,5.88,0.85,5.03
201006,113.62,79.8,10.85,53.72,21.69,10.76,27.79,16.03,11.76,23.71,2.74,5.64,0.49,5.15,2.77,5.05,0.6,4.44
201007,313.42,79.87,15.18,83.28,19.88,16.59,23.81,16.59,7.23,21.12,2.7,5.07,0.79,4.28,2.97,4.73,1.25,3.48
201008,364.2,79.96,15.33,89.89,18.8,16.74,22.13,16.09,6.04,19.4,2.23,4.47,0.63,3.84,2.51,4.19,0.96,3.23
201009,331.59,80.08,13.92,90.28,17.22,15.08,20.51,14.58,5.93,17.38,2.05,4.08,0.68,3.4,2.34,3.82,1.05,2.77
201010,28.73,80.2,10.19,78.07,14.47,9.61,19.05,11.08,7.97,13.34,1.8,3.67,0.44,3.23,1.9,3.22,0.57,2.66
201011,21.76,80.33,7.11,66.92,11.45,4.2,16.74,7.96,8.79,9.02,1.79,3.74,0.63,3.11,1.93,3.36,0.8,2.56
201012,7.81,80.11,3.78,47.45,7.29,-4.18,13.53,3.58,9.95,3.57,1.88,3.58,0.68,2.9,2.05,3.23,0.83,2.41
201013,1233.85,80.09,8.32,57.91,15.03,5.14,20.82,10.52,10.3,14.37,2.38,4.8,0.71,4.09,2.59,4.45,0.94,3.52
201101,8.61,80.05,3.37,48.7,5.35,-5.28,11.92,1.4,10.52,2.45,2.07,4.31,0.74,3.57,2.3,4.13,0.95,3.18
201102,19.38,80.15,3.98,47.44,8.14,-3.15,15.11,3.0,12.1,6.17,2.38,4.8,0.74,4.06,2.6,4.52,0.93,3.59
201103,9.05,80.13,4.51,40.81,12.22,-1.34,19.57,6.32,13.25,11.3,2.74,5.45,0.98,4.47,3.05,5.26,1.17,4.09
201104,14.2,80.19,5.73,41.53,15.35,1.7,22.15,9.21,12.94,15.91,2.72,5.39,0.83,4.56,2.98,5.1,1.03,4.07
201105,124.66,79.94,9.16,52.94,19.13,8.55,25.31,13.58,11.73,20.07,2.67,5.42,0.56,4.87,2.85,5.03,0.7,4.33
201106,242.42,79.65,12.1,65.62,20.03,12.67,25.3,15.11,10.18,21.45,2.77,5.38,0.65,4.74,2.92,4.94,1.01,3.93
201107,439.7,79.72,15.61,91.11,18.82,16.99,21.99,16.14,5.85,19.44,2.32,4.49,0.67,3.82,2.6,4.26,1.02,3.24
201108,389.79,79.86,15.09,90.68,18.38,16.44,21.49,15.72,5.76,18.75,2.29,4.35,0.71,3.64,2.66,4.21,1.09,3.12
201109,153.28,79.93,13.93,88.61,17.5,15.1,21.07,14.62,6.45,17.68,2.02,4.06,0.47,3.59,2.26,3.76,0.7,3.07
201110,8.88,80.29,10.09,78.08,14.4,9.65,19.0,10.8,8.2,13.46,1.81,3.81,0.42,3.39,1.9,3.34,0.52,2.81
201111,0.0,80.34,6.82,67.73,10.81,3.95,16.23,7.17,9.05,8.51,1.73,3.8,0.62,3.19,1.79,3.28,0.7,2.59
201112,2.37,80.28,3.82,45.89,7.77,-4.05,14.23,4.19,10.04,4.06,1.86,3.89,0.61,3.28,2.03,3.55,0.79,2.77
201113,1412.34,80.04,8.71,63.36,14.02,5.99,19.46,9.81,9.65,13.3,2.28,4.59,0.67,3.93,2.49,4.28,0.88,3.4
201201,39.8,80.12,3.65,57.0,4.19,-4.55,10.35,0.23,10.12,1.89,2.06,3.9,0.66,3.24,2.34,3.84,0.88,2.96
201202,11.35,80.07,3.9,47.47,7.88,-3.39,14.66,3.02,11.64,6.19,2.45,4.96,0.83,4.13,2.8,4.95,1.07,3.88
201203,16.97,80.07,3.94,37.48,11.53,-3.12,19.16,5.38,13.78,10.41,2.82,5.65,0.85,4.8,3.1,5.39,1.13,4.26
201204,16.95,80.03,5.84,40.58,16.28,2.44,23.49,10.13,13.36,16.84,3.09,6.24,1.07,5.17,3.47,6.1,1.41,4.69
201205,12.62,79.91,5.52,29.92,20.14,1.55,27.37,12.98,14.39,21.09,3.03,5.97,0.75,5.21,3.25,5.65,0.96,4.69
201206,79.6,79.54,9.58,45.51,22.41,9.05,28.75,16.38,12.38,23.69,2.92,5.92,0.7,5.21,3.11,5.53,0.93,4.6
201207,412.53,79.61,15.52,86.66,19.57,16.88,23.13,16.69,6.43,20.44,2.46,4.82,0.69,4.12,2.66,4.46,1.03,3.43
201208,343.85,79.82,15.05,88.61,18.72,16.4,22.21,15.81,6.4,19.2,2.22,4.45,0.58,3.87,2.41,4.01,0.87,3.14
201209,479.46,80.06,13.84,89.35,17.29,15.01,20.8,14.53,6.28,17.32,1.97,3.97,0.53,3.45,2.18,3.73,0.77,2.96
201210,48.52,80.32,9.27,77.33,13.16,8.18,18.0,9.62,8.37,11.86,1.9,3.86,0.56,3.3,2.01,3.43,0.75,2.68
201211,3.28,80.25,5.6,60.09,9.54,0.92,15.4,5.84,9.56,6.56,1.99,3.97,0.79,3.19,2.19,3.65,1.01,2.65
201212,0.21,80.19,3.98,48.47,7.73,-3.3,14.54,3.8,10.74,4.2,2.16,4.14,1.12,3.02,2.49,4.14,1.45,2.69
201213,1465.15,80.0,7.99,59.1,14.05,4.69,19.82,9.55,10.28,13.32,2.42,4.82,0.76,4.06,2.67,4.57,1.02,3.55
201301,37.72,80.21,3.42,49.75,5.06,-5.29,11.8,0.97,10.82,2.06,2.19,4.36,0.97,3.39,2.49,4.23,1.22,3.01
201302,69.76,80.32,4.72,60.01,7.37,-1.06,14.07,2.31,11.76,5.46,2.41,4.33,1.12,3.21,2.79,4.38,1.47,2.91
201303,9.73,80.21,5.48,47.89,12.69,1.3,19.98,6.65,13.33,11.65,2.84,5.56,1.15,4.41,3.2,5.51,1.43,4.08
201304,25.31,80.03,6.29,44.97,16.03,3.31,22.83,10.19,12.64,16.15,3.09,6.08,1.13,4.95,3.51,6.02,1.48,4.53
201305,96.8,79.83,7.25,41.44,19.21,5.35,26.04,12.87,13.16,19.62,2.85,5.86,0.62,5.24,3.05,5.58,0.81,4.77
201306,527.01,79.71,14.08,81.12,19.05,15.36,23.05,15.64,7.41,20.02,2.39,4.8,0.5,4.3,2.53,4.41,0.73,3.69
201307,456.51,79.64,15.74,90.9,18.98,17.1,22.23,16.19,6.04,19.58,2.36,4.68,0.47,4.21,2.49,4.3,0.67,3.63
201308,362.61,79.83,15.12,90.78,18.4,16.46,21.58,15.66,5.92,18.78,2.22,4.52,0.4,4.12,2.4,4.24,0.59,3.66
201309,172.97,80.02,14.04,89.38,17.5,15.22,21.05,14.5,6.55,17.63,1.97,3.89,0.51,3.38,2.16,3.54,0.71,2.84
201310,185.43,80.3,11.23,85.7,14.63,11.57,18.66,11.64,7.02,14.17,1.74,3.69,0.43,3.26,1.93,3.33,0.64,2.69
201311,8.92,80.38,6.45,65.27,10.48,2.92,16.0,6.83,9.18,7.63,1.83,3.62,0.66,2.96,1.99,3.28,0.89,2.39
201312,2.89,80.25,4.94,61.57,7.44,-0.73,13.27,3.96,9.31,4.39,1.82,3.8,0.64,3.15,2.02,3.5,0.84,2.66
201313,1955.65,80.06,9.09,67.43,13.94,6.83,19.24,9.82,9.41,13.13,2.31,4.6,0.71,3.89,2.54,4.36,0.95,3.41
201401,20.24,80.39,4.23,56.34,6.58,-2.4,12.76,2.72,10.03,3.97,2.05,4.13,0.73,3.4,2.31,3.94,0.9,3.04
201402,31.3,80.11,4.39,55.48,7.25,-1.97,13.65,2.79,10.86,5.54,2.26,4.53,0.86,3.66,2.55,4.46,1.08,3.38
201403,13.97,80.25,5.42,51.62,11.49,1.25,18.1,6.21,11.89,10.74,2.65,5.3,0.74,4.56,2.95,5.11,0.95,4.16
201404,21.49,80.18,5.74,39.95,16.25,2.19,23.28,9.97,13.3,16.27,2.86,5.57,1.01,4.56,3.19,5.38,1.23,4.15
201405,76.72,80.01,7.83,45.11,19.35,6.36,25.88,13.23,12.66,20.17,2.91,5.74,0.8,4.94,3.19,5.55,1.03,4.51
201406,317.07,79.64,11.67,58.88,21.32,12.1,26.87,16.2,10.67,22.09,2.77,5.54,0.71,4.82,3.03,5.24,1.0,4.24
201407,445.71,79.71,15.49,86.92,19.47,16.87,22.71,16.65,6.07,19.96,2.3,4.61,0.54,4.07,2.52,4.36,0.83,3.54
201408,494.64,79.8,15.56,90.37,18.9,16.89,22.02,16.21,5.81,19.12,2.34,4.63,0.55,4.08,2.62,4.49,0.74,3.76
201409,248.96,80.02,13.91,89.64,17.29,15.11,20.84,14.48,6.36,17.36,2.13,4.23,0.63,3.6,2.41,3.97,0.95,3.02
201410,110.34,80.41,9.69,78.51,13.73,9.24,18.26,10.43,7.83,12.44,1.94,3.74,0.64,3.1,2.14,3.45,0.82,2.63
201411,0.0,80.32,5.96,57.69,11.04,2.02,16.82,7.38,9.44,7.88,1.95,3.91,0.85,3.06,2.17,3.66,1.06,2.6
201412,24.95,80.36,3.97,48.29,7.92,-3.45,14.19,4.17,10.01,3.87,1.9,3.44,0.69,2.76,2.18,3.46,0.9,2.56
201413,1805.39,80.1,8.68,63.32,14.25,6.23,19.64,10.07,9.56,13.32,2.34,4.61,0.73,3.88,2.6,4.42,0.95,3.47
201501,49.43,80.34,4.23,58.44,5.92,-2.53,12.36,1.77,10.59,3.3,2.05,3.85,0.65,3.19,2.27,3.66,0.78,2.88
201502,19.09,80.32,4.95,56.45,8.62,-0.18,15.02,4.18,10.84,6.73,2.21,4.34,0.85,3.5,2.4,3.99,0.94,3.04
201503,128.09,80.37,6.32,61.74,10.92,2.97,17.12,5.82,11.3,10.0,2.42,4.47,0.85,3.62,2.73,4.4,1.05,3.36
201504,72.54,80.17,7.81,60.6,14.58,6.46,20.17,9.76,10.41,14.56,2.39,4.63,0.76,3.87,2.69,4.52,1.02,3.5
201505,68.32,80.02,8.0,46.05,19.23,6.83,25.62,13.02,12.6,19.1,2.82,5.34,0.91,4.43,3.12,5.17,1.15,4.02
201506,300.25,79.79,11.62,61.89,20.51,12.02,25.7,15.5,10.2,21.27,2.48,4.83,0.59,4.24,2.66,4.47,0.79,3.68
201507,401.95,79.68,15.62,87.35,19.5,16.98,23.16,16.35,6.8,20.12,2.59,4.94,0.67,4.27,2.93,4.79,1.06,3.73
201508,434.83,79.85,15.58,90.23,18.97,16.95,22.19,16.25,5.94,19.3,2.2,4.44,0.46,3.99,2.42,4.2,0.69,3.51
201509,96.04,80.08,13.65,84.93,17.86,14.77,21.67,14.85,6.81,17.63,2.03,4.2,0.53,3.67,2.2,3.89,0.69,3.2
201510,49.63,80.44,8.92,68.97,14.39,8.07,19.27,10.89,8.39,12.92,1.9,3.82,0.52,3.3,2.06,3.52,0.64,2.88
201511,0.94,80.47,6.1,57.25,11.67,2.73,17.25,7.81,9.44,9.0,1.84,3.83,0.64,3.19,2.01,3.52,0.79,2.73
201512,0.05,80.37,4.04,49.54,7.43,-3.06,13.66,3.84,9.82,4.36,1.86,4.07,0.56,3.52,2.04,3.74,0.73,3.01
201513,1621.17,80.16,8.93,65.35,14.16,6.87,19.45,10.03,9.42,13.22,2.23,4.4,0.66,3.73,2.46,4.16,0.86,3.3
201601,7.6,80.26,3.37,45.38,6.35,-4.97,12.82,2.55,10.27,3.47,2.1,4.7,0.73,3.97,2.31,4.43,0.92,3.51
201602,9.46,80.38,3.61,38.65,9.64,-4.34,16.95,4.48,12.47,7.27,2.45,4.83,0.85,3.98,2.77,4.68,1.12,3.56
201603,36.49,80.31,4.79,40.99,13.26,-0.38,20.38,7.66,12.72,12.33,2.58,5.3,0.76,4.55,2.86,5.14,0.97,4.17
201604,5.17,80.01,4.83,29.27,18.48,-0.32,26.35,11.71,14.64,18.52,3.51,6.96,1.34,5.62,4.09,7.13,1.78,5.34
201605,138.59,79.95,9.18,54.38,18.83,8.62,24.48,13.8,10.69,19.67,2.61,5.53,0.59,4.93,2.81,5.23,0.79,4.44
201606,265.13,79.88,13.86,76.02,19.89,15.12,24.17,16.35,7.82,20.99,2.36,4.76,0.49,4.27,2.45,4.26,0.71,3.55
201607,624.58,79.74,15.95,92.21,18.97,17.32,21.76,16.6,5.16,19.41,2.44,4.59,0.71,3.88,2.77,4.56,1.11,3.45
201608,197.14,79.84,15.32,88.66,18.99,16.66,22.3,16.18,6.12,19.21,2.18,4.23,0.56,3.67,2.46,3.98,0.88,3.09
201609,242.3,80.0,14.65,90.43,17.96,15.91,21.53,15.12,6.41,18.17,2.17,4.49,0.47,4.03,2.38,4.18,0.67,3.51
201610,117.93,80.19,10.14,75.08,14.84,9.68,19.33,11.68,7.65,13.47,1.9,3.92,0.55,3.37,2.07,3.62,0.66,2.95
201611,0.0,80.38,5.91,55.98,11.49,1.88,17.29,7.69,9.6,8.17,1.74,3.45,0.59,2.86,1.87,3.09,0.74,2.34
201612,0.0,80.38,4.46,47.35,9.89,-1.8,16.1,6.32,9.78,5.78,1.72,3.58,0.58,3.0,1.86,3.21,0.75,2.45
201613,1644.4,80.11,8.86,61.3,14.89,6.15,20.28,10.86,9.43,13.88,2.31,4.69,0.68,4.01,2.56,4.45,0.92,3.53
201701,20.84,80.33,3.86,50.94,6.74,-3.49,12.94,2.9,10.04,4.31,2.02,3.99,0.69,3.31,2.25,3.79,0.85,2.94
201702,0.31,80.34,4.08,42.2,10.1,-2.7,17.22,4.99,12.23,7.81,2.31,4.81,0.83,3.98,2.48,4.43,0.96,3.47
201703,51.78,80.09,4.73,45.49,11.18,-0.77,18.18,5.51,12.67,10.31,2.62,5.26,0.76,4.5,2.88,5.07,0.94,4.13
201704,67.19,80.07,6.27,40.88,17.08,3.14,24.09,10.82,13.27,16.74,2.71,5.23,0.85,4.38,2.98,4.99,1.08,3.91
201705,121.94,80.04,9.23,53.87,18.95,8.87,24.85,13.5,11.35,19.53,2.48,5.16,0.51,4.65,2.67,4.92,0.66,4.27
201706,183.42,79.77,12.54,66.06,20.6,13.48,25.49,16.13,9.36,21.66,2.43,4.9,0.44,4.47,2.57,4.51,0.61,3.89
201707,444.54,79.74,15.6,89.04,19.2,16.95,22.48,16.41,6.07,19.74,2.54,4.74,0.72,4.02,2.94,4.68,1.17,3.51
201708,452.52,79.82,15.9,92.81,18.84,17.26,21.54,16.54,5.0,19.06,2.48,4.6,0.74,3.86,2.87,4.59,1.14,3.45
201709,254.71,80.06,15.03,91.13,18.29,16.33,21.64,15.55,6.09,18.34,2.17,4.29,0.53,3.77,2.47,4.05,0.79,3.26
201710,27.46,80.24,10.6,76.58,15.3,10.45,19.93,11.81,8.12,14.22,1.96,3.99,0.58,3.41,2.14,3.65,0.78,2.87
201711,0.48,80.38,6.67,64.15,11.04,3.57,16.39,7.46,8.94,8.67,1.79,3.71,0.51,3.19,1.92,3.29,0.58,2.71
201712,0.89,80.46,4.51,47.79,9.63,-1.85,15.68,6.07,9.6,6.07,1.8,3.59,0.64,2.95,1.98,3.33,0.81,2.52
201713,1626.09,80.11,9.12,63.56,14.76,6.82,20.04,10.67,9.37,13.89,2.28,4.52,0.65,3.87,2.51,4.27,0.86,3.41
201801,0.11,80.07,3.19,41.57,6.9,-5.75,14.03,2.66,11.37,3.59,2.12,4.57,0.72,3.84,2.33,4.29,0.93,3.35
201802,0.31,80.27,3.97,43.26,9.44,-2.9,16.49,4.54,11.95,7.65,2.44,5.27,0.74,4.53,2.74,5.18,0.91,4.27
201803,0.63,80.16,4.4,37.71,13.08,-1.43,20.56,6.9,13.66,12.33,2.81,5.63,0.84,4.79,3.11,5.41,0.98,4.43
201804,3.1,80.13,7.26,51.27,16.09,5.3,22.19,10.84,11.35,16.39,2.51,5.18,0.62,4.56,2.71,4.86,0.8,4.06
201805,5.83,79.99,9.11,56.08,18.27,8.57,24.22,12.86,11.37,18.65,2.6,5.31,0.48,4.83,2.8,5.05,0.66,4.39
201806,6.34,79.67,13.8,74.71,20.09,15.0,24.32,16.25,8.07,20.9,2.49,4.94,0.53,4.41,2.75,4.71,0.81,3.9
201807,19.81,79.61,15.86,89.62,19.33,17.21,22.49,16.62,5.87,19.8,2.32,4.39,0.68,3.72,2.65,4.2,1.11,3.09
201808,13.51,79.73,15.62,91.71,18.73,16.98,21.74,16.34,5.41,19.03,2.05,4.06,0.51,3.55,2.3,3.88,0.78,3.1
201809,3.05,80.1,14.32,89.05,17.88,15.5,21.61,14.81,6.8,17.95,2.22,4.37,0.61,3.76,2.51,4.14,0.92,3.22
201810,0.01,80.4,8.39,70.16,13.17,6.92,18.36,9.32,9.04,11.88,1.96,3.92,0.5,3.42,2.11,3.55,0.6,2.96
201811,0.03,80.41,6.05,60.21,10.79,2.46,16.56,6.92,9.64,8.24,1.88,4.05,0.57,3.47,2.03,3.72,0.7,3.02
201812,0.0,80.35,4.09,52.22,6.98,-3.0,13.14,3.3,9.84,4.3,1.82,3.89,0.53,3.36,1.95,3.47,0.6,2.87
201813,4.44,80.07,8.86,63.23,14.25,6.28,19.65,10.14,9.52,13.41,2.27,4.63,0.61,4.02,2.5,4.36,0.82,3.55
201901,1.11,80.37,3.91,55.81,5.62,-3.19,11.73,1.79,9.95,3.69,1.93,3.89,0.51,3.39,2.15,3.66,0.63,3.03
201902,4.03,80.27,4.65,59.64,7.09,-1.21,13.65,2.37,11.29,5.38,2.37,4.86,0.75,4.11,2.76,4.92,0.97,3.95
201903,0.84,80.19,5.1,51.2,10.53,0.11,17.76,4.44,13.32,9.37,2.64,5.05,0.84,4.21,2.98,4.99,0.99,4.0
201904,1.84,80.17,7.22,50.26,16.34,5.36,22.77,10.64,12.13,16.26,2.5,5.05,0.62,4.43,2.66,4.74,0.65,4.09
201905,2.86,79.99,7.38,42.77,19.13,5.53,25.98,12.52,13.46,19.44,2.92,5.54,0.93,4.6,3.31,5.52,1.17,4.35
201906,7.22,79.82,11.95,62.26,20.78,12.59,26.22,15.55,10.67,21.63,2.46,4.99,0.54,4.45,2.61,4.64,0.75,3.88
201907,15.75,79.65,15.99,89.25,19.54,17.32,22.73,16.89,5.84,20.06,2.58,4.92,0.67,4.25,2.98,4.95,1.12,3.83
201908,7.33,79.83,15.84,89.43,19.39,17.19,22.66,16.62,6.04,19.75,2.25,4.32,0.45,3.87,2.5,4.1,0.7,3.4
201909,11.51,80.16,14.42,91.99,17.46,15.74,20.42,15.08,5.34,17.57,2.16,4.27,0.62,3.65,2.55,4.13,0.99,3.14
201910,1.31,80.41,10.6,83.17,14.25,10.43,18.28,11.45,6.83,13.4,1.68,3.62,0.38,3.24,1.75,3.19,0.48,2.7
201911,0.15,80.44,6.9,63.55,11.87,4.07,17.07,8.45,8.62,9.35,1.76,3.54,0.62,2.92,1.92,3.23,0.74,2.49
201912,1.37,80.38,4.28,58.79,5.93,-2.67,11.82,2.4,9.42,2.8,1.91,3.7,0.71,2.99,2.14,3.59,0.86,2.73
201913,4.61,80.14,9.04,66.56,14.02,6.81,19.28,9.88,9.4,13.26,2.26,4.48,0.64,3.84,2.52,4.3,0.84,3.46
